#
# TABLE STRUCTURE FOR: alert_types
#

DROP TABLE IF EXISTS `alert_types`;

CREATE TABLE `alert_types` (
  `id` int(10) unsigned NOT NULL AUTO_INCREMENT,
  `name` varchar(150) COLLATE utf8_unicode_ci NOT NULL,
  `message` text COLLATE utf8_unicode_ci NOT NULL,
  PRIMARY KEY (`id`),
  UNIQUE KEY `name` (`name`)
) ENGINE=InnoDB AUTO_INCREMENT=11 DEFAULT CHARSET=utf8 COLLATE=utf8_unicode_ci;

INSERT INTO `alert_types` (`id`, `name`, `message`) VALUES (1, 'ut', 'Ut eaque nostrum eos a rerum doloremque est consequatur. Eligendi veritatis ut suscipit nisi molestiae. Dolorum alias id impedit sapiente commodi sapiente mollitia.');
INSERT INTO `alert_types` (`id`, `name`, `message`) VALUES (2, 'accusamus', 'Mollitia eum ut architecto commodi doloribus tempora voluptas qui. Qui perspiciatis sint cum commodi officia ut illum nisi. Id et veniam repellat aspernatur voluptas voluptas nisi.');
INSERT INTO `alert_types` (`id`, `name`, `message`) VALUES (3, 'enim', 'Dicta eum delectus magnam vitae. Dolor consequatur dolore voluptatem. Beatae quo asperiores rerum architecto et earum. Perspiciatis reiciendis iure est sit enim. Minus non porro tempora ducimus aut reprehenderit dolorem.');
INSERT INTO `alert_types` (`id`, `name`, `message`) VALUES (4, 'porro', 'Sunt qui nihil hic tempore. Et adipisci quaerat itaque nobis et occaecati. Facere labore in possimus perferendis. Veniam laudantium aut dignissimos similique eum.');
INSERT INTO `alert_types` (`id`, `name`, `message`) VALUES (5, 'laborum', 'Eaque dolorem quis non vel ut assumenda esse aut. Ducimus earum magnam odit voluptatum esse.');
INSERT INTO `alert_types` (`id`, `name`, `message`) VALUES (6, 'veniam', 'Fugit ut perspiciatis voluptatem mollitia quo. Nobis ut officiis dolorum et sapiente nostrum. Veritatis vitae molestiae hic alias.');
INSERT INTO `alert_types` (`id`, `name`, `message`) VALUES (7, 'fugiat', 'Dolore molestias hic aperiam quae hic quo. Optio esse voluptatem omnis odit doloribus. Sint voluptatem temporibus autem quam tempore et officiis.');
INSERT INTO `alert_types` (`id`, `name`, `message`) VALUES (8, 'aut', 'Quasi inventore vero laudantium inventore. Labore pariatur qui expedita voluptas quam saepe voluptatum recusandae. Molestiae et voluptatem quidem et atque.');
INSERT INTO `alert_types` (`id`, `name`, `message`) VALUES (9, 'nostrum', 'Possimus error placeat dolores nihil voluptatem. Qui minus error eligendi cum. At eos sapiente quasi voluptatem atque quas. Ducimus repellat corrupti fugiat sed vel et iusto.');
INSERT INTO `alert_types` (`id`, `name`, `message`) VALUES (10, 'nulla', 'Est sed ullam sequi id excepturi distinctio. Et dolorem dolore alias placeat eum et est. Est quo sed autem. Vel eligendi optio debitis eaque.');


#
# TABLE STRUCTURE FOR: alerts
#

DROP TABLE IF EXISTS `alerts`;

CREATE TABLE `alerts` (
  `user_id` int(10) unsigned NOT NULL,
  `alert_type_id` int(10) unsigned NOT NULL,
  `is_delivered` tinyint(1) DEFAULT NULL,
  `created_at` datetime DEFAULT current_timestamp(),
  KEY `user_id` (`user_id`),
  KEY `alert_type_id` (`alert_type_id`),
  CONSTRAINT `alerts_ibfk_1` FOREIGN KEY (`user_id`) REFERENCES `users` (`id`),
  CONSTRAINT `alerts_ibfk_2` FOREIGN KEY (`alert_type_id`) REFERENCES `alert_types` (`id`)
) ENGINE=InnoDB DEFAULT CHARSET=utf8 COLLATE=utf8_unicode_ci;

INSERT INTO `alerts` (`user_id`, `alert_type_id`, `is_delivered`, `created_at`) VALUES (1, 1, 0, '2011-02-19 20:52:55');
INSERT INTO `alerts` (`user_id`, `alert_type_id`, `is_delivered`, `created_at`) VALUES (2, 2, 1, '1998-02-22 17:43:25');
INSERT INTO `alerts` (`user_id`, `alert_type_id`, `is_delivered`, `created_at`) VALUES (3, 3, 0, '2012-05-02 17:20:17');
INSERT INTO `alerts` (`user_id`, `alert_type_id`, `is_delivered`, `created_at`) VALUES (4, 4, 1, '1990-02-08 01:12:14');
INSERT INTO `alerts` (`user_id`, `alert_type_id`, `is_delivered`, `created_at`) VALUES (5, 5, 1, '1983-06-27 10:23:32');
INSERT INTO `alerts` (`user_id`, `alert_type_id`, `is_delivered`, `created_at`) VALUES (6, 6, 1, '1978-04-09 04:36:35');
INSERT INTO `alerts` (`user_id`, `alert_type_id`, `is_delivered`, `created_at`) VALUES (7, 7, 0, '2004-07-04 11:21:08');
INSERT INTO `alerts` (`user_id`, `alert_type_id`, `is_delivered`, `created_at`) VALUES (8, 8, 1, '2003-04-19 18:05:58');
INSERT INTO `alerts` (`user_id`, `alert_type_id`, `is_delivered`, `created_at`) VALUES (9, 9, 0, '1989-10-14 05:50:43');
INSERT INTO `alerts` (`user_id`, `alert_type_id`, `is_delivered`, `created_at`) VALUES (10, 10, 1, '1994-10-25 03:51:40');
INSERT INTO `alerts` (`user_id`, `alert_type_id`, `is_delivered`, `created_at`) VALUES (11, 1, 1, '2017-04-18 09:37:57');
INSERT INTO `alerts` (`user_id`, `alert_type_id`, `is_delivered`, `created_at`) VALUES (12, 2, 0, '1987-04-12 04:12:24');
INSERT INTO `alerts` (`user_id`, `alert_type_id`, `is_delivered`, `created_at`) VALUES (13, 3, 0, '2019-06-03 19:49:40');
INSERT INTO `alerts` (`user_id`, `alert_type_id`, `is_delivered`, `created_at`) VALUES (14, 4, 1, '1981-10-09 00:50:45');
INSERT INTO `alerts` (`user_id`, `alert_type_id`, `is_delivered`, `created_at`) VALUES (15, 5, 0, '1984-11-15 03:53:05');
INSERT INTO `alerts` (`user_id`, `alert_type_id`, `is_delivered`, `created_at`) VALUES (16, 6, 0, '1996-09-07 19:14:51');
INSERT INTO `alerts` (`user_id`, `alert_type_id`, `is_delivered`, `created_at`) VALUES (17, 7, 1, '1973-04-03 03:54:06');
INSERT INTO `alerts` (`user_id`, `alert_type_id`, `is_delivered`, `created_at`) VALUES (18, 8, 1, '2009-11-12 20:56:20');
INSERT INTO `alerts` (`user_id`, `alert_type_id`, `is_delivered`, `created_at`) VALUES (19, 9, 1, '2001-10-18 04:15:32');
INSERT INTO `alerts` (`user_id`, `alert_type_id`, `is_delivered`, `created_at`) VALUES (20, 10, 1, '1977-08-19 21:54:06');
INSERT INTO `alerts` (`user_id`, `alert_type_id`, `is_delivered`, `created_at`) VALUES (21, 1, 0, '2016-01-27 03:34:26');
INSERT INTO `alerts` (`user_id`, `alert_type_id`, `is_delivered`, `created_at`) VALUES (22, 2, 1, '2005-08-01 00:54:45');
INSERT INTO `alerts` (`user_id`, `alert_type_id`, `is_delivered`, `created_at`) VALUES (23, 3, 0, '2006-02-08 18:50:21');
INSERT INTO `alerts` (`user_id`, `alert_type_id`, `is_delivered`, `created_at`) VALUES (24, 4, 1, '2002-08-12 12:23:19');
INSERT INTO `alerts` (`user_id`, `alert_type_id`, `is_delivered`, `created_at`) VALUES (25, 5, 0, '2006-08-22 16:06:04');
INSERT INTO `alerts` (`user_id`, `alert_type_id`, `is_delivered`, `created_at`) VALUES (26, 6, 1, '2004-12-10 12:32:53');
INSERT INTO `alerts` (`user_id`, `alert_type_id`, `is_delivered`, `created_at`) VALUES (27, 7, 1, '2014-01-18 11:49:10');
INSERT INTO `alerts` (`user_id`, `alert_type_id`, `is_delivered`, `created_at`) VALUES (28, 8, 1, '1979-04-24 06:12:46');
INSERT INTO `alerts` (`user_id`, `alert_type_id`, `is_delivered`, `created_at`) VALUES (29, 9, 1, '1977-01-30 01:32:56');
INSERT INTO `alerts` (`user_id`, `alert_type_id`, `is_delivered`, `created_at`) VALUES (30, 10, 1, '1993-10-09 06:54:29');
INSERT INTO `alerts` (`user_id`, `alert_type_id`, `is_delivered`, `created_at`) VALUES (31, 1, 0, '1977-03-20 12:30:30');
INSERT INTO `alerts` (`user_id`, `alert_type_id`, `is_delivered`, `created_at`) VALUES (32, 2, 1, '2016-09-04 16:44:03');
INSERT INTO `alerts` (`user_id`, `alert_type_id`, `is_delivered`, `created_at`) VALUES (33, 3, 0, '1995-08-18 03:47:59');
INSERT INTO `alerts` (`user_id`, `alert_type_id`, `is_delivered`, `created_at`) VALUES (34, 4, 0, '1978-07-22 10:07:57');
INSERT INTO `alerts` (`user_id`, `alert_type_id`, `is_delivered`, `created_at`) VALUES (35, 5, 0, '1985-04-04 06:20:37');
INSERT INTO `alerts` (`user_id`, `alert_type_id`, `is_delivered`, `created_at`) VALUES (36, 6, 0, '1978-02-24 22:30:52');
INSERT INTO `alerts` (`user_id`, `alert_type_id`, `is_delivered`, `created_at`) VALUES (37, 7, 0, '2006-02-27 23:43:31');
INSERT INTO `alerts` (`user_id`, `alert_type_id`, `is_delivered`, `created_at`) VALUES (38, 8, 1, '2004-06-20 05:35:15');
INSERT INTO `alerts` (`user_id`, `alert_type_id`, `is_delivered`, `created_at`) VALUES (39, 9, 1, '2010-11-02 13:04:36');
INSERT INTO `alerts` (`user_id`, `alert_type_id`, `is_delivered`, `created_at`) VALUES (40, 10, 0, '2000-04-24 21:14:11');
INSERT INTO `alerts` (`user_id`, `alert_type_id`, `is_delivered`, `created_at`) VALUES (41, 1, 1, '2014-03-16 07:41:58');
INSERT INTO `alerts` (`user_id`, `alert_type_id`, `is_delivered`, `created_at`) VALUES (42, 2, 1, '1988-12-19 05:25:47');
INSERT INTO `alerts` (`user_id`, `alert_type_id`, `is_delivered`, `created_at`) VALUES (43, 3, 0, '1976-07-31 19:14:21');
INSERT INTO `alerts` (`user_id`, `alert_type_id`, `is_delivered`, `created_at`) VALUES (44, 4, 0, '2000-09-25 01:28:16');
INSERT INTO `alerts` (`user_id`, `alert_type_id`, `is_delivered`, `created_at`) VALUES (45, 5, 1, '1976-12-28 01:09:09');
INSERT INTO `alerts` (`user_id`, `alert_type_id`, `is_delivered`, `created_at`) VALUES (46, 6, 0, '2008-07-14 22:59:45');
INSERT INTO `alerts` (`user_id`, `alert_type_id`, `is_delivered`, `created_at`) VALUES (47, 7, 0, '2011-06-01 10:38:27');
INSERT INTO `alerts` (`user_id`, `alert_type_id`, `is_delivered`, `created_at`) VALUES (48, 8, 1, '2015-06-05 16:54:53');
INSERT INTO `alerts` (`user_id`, `alert_type_id`, `is_delivered`, `created_at`) VALUES (49, 9, 1, '1975-08-19 05:01:03');
INSERT INTO `alerts` (`user_id`, `alert_type_id`, `is_delivered`, `created_at`) VALUES (50, 10, 1, '1990-11-03 12:02:16');
INSERT INTO `alerts` (`user_id`, `alert_type_id`, `is_delivered`, `created_at`) VALUES (51, 1, 1, '1992-11-24 09:46:27');
INSERT INTO `alerts` (`user_id`, `alert_type_id`, `is_delivered`, `created_at`) VALUES (52, 2, 1, '1995-09-23 02:51:39');
INSERT INTO `alerts` (`user_id`, `alert_type_id`, `is_delivered`, `created_at`) VALUES (53, 3, 0, '2000-01-14 23:47:25');
INSERT INTO `alerts` (`user_id`, `alert_type_id`, `is_delivered`, `created_at`) VALUES (54, 4, 0, '2019-05-03 08:05:27');
INSERT INTO `alerts` (`user_id`, `alert_type_id`, `is_delivered`, `created_at`) VALUES (55, 5, 0, '1996-12-02 19:41:52');
INSERT INTO `alerts` (`user_id`, `alert_type_id`, `is_delivered`, `created_at`) VALUES (56, 6, 1, '1980-07-23 22:16:34');
INSERT INTO `alerts` (`user_id`, `alert_type_id`, `is_delivered`, `created_at`) VALUES (57, 7, 0, '1982-01-22 08:36:17');
INSERT INTO `alerts` (`user_id`, `alert_type_id`, `is_delivered`, `created_at`) VALUES (58, 8, 1, '1980-12-29 18:21:37');
INSERT INTO `alerts` (`user_id`, `alert_type_id`, `is_delivered`, `created_at`) VALUES (59, 9, 1, '1981-09-03 21:03:35');
INSERT INTO `alerts` (`user_id`, `alert_type_id`, `is_delivered`, `created_at`) VALUES (60, 10, 0, '1991-10-22 09:41:22');
INSERT INTO `alerts` (`user_id`, `alert_type_id`, `is_delivered`, `created_at`) VALUES (61, 1, 1, '1981-06-21 07:25:20');
INSERT INTO `alerts` (`user_id`, `alert_type_id`, `is_delivered`, `created_at`) VALUES (62, 2, 0, '2015-07-12 22:55:01');
INSERT INTO `alerts` (`user_id`, `alert_type_id`, `is_delivered`, `created_at`) VALUES (63, 3, 1, '2015-03-28 08:28:29');
INSERT INTO `alerts` (`user_id`, `alert_type_id`, `is_delivered`, `created_at`) VALUES (64, 4, 0, '1992-11-11 15:32:20');
INSERT INTO `alerts` (`user_id`, `alert_type_id`, `is_delivered`, `created_at`) VALUES (65, 5, 1, '1981-10-06 18:27:57');
INSERT INTO `alerts` (`user_id`, `alert_type_id`, `is_delivered`, `created_at`) VALUES (66, 6, 0, '1982-12-15 15:29:06');
INSERT INTO `alerts` (`user_id`, `alert_type_id`, `is_delivered`, `created_at`) VALUES (67, 7, 1, '2014-10-26 05:08:57');
INSERT INTO `alerts` (`user_id`, `alert_type_id`, `is_delivered`, `created_at`) VALUES (68, 8, 1, '2000-02-20 16:54:14');
INSERT INTO `alerts` (`user_id`, `alert_type_id`, `is_delivered`, `created_at`) VALUES (69, 9, 0, '1991-10-23 00:39:45');
INSERT INTO `alerts` (`user_id`, `alert_type_id`, `is_delivered`, `created_at`) VALUES (70, 10, 1, '1984-11-24 04:44:39');
INSERT INTO `alerts` (`user_id`, `alert_type_id`, `is_delivered`, `created_at`) VALUES (71, 1, 1, '2008-05-11 08:03:19');
INSERT INTO `alerts` (`user_id`, `alert_type_id`, `is_delivered`, `created_at`) VALUES (72, 2, 0, '1982-04-25 07:17:04');
INSERT INTO `alerts` (`user_id`, `alert_type_id`, `is_delivered`, `created_at`) VALUES (73, 3, 1, '2015-04-09 06:31:26');
INSERT INTO `alerts` (`user_id`, `alert_type_id`, `is_delivered`, `created_at`) VALUES (74, 4, 1, '2013-06-25 12:27:40');
INSERT INTO `alerts` (`user_id`, `alert_type_id`, `is_delivered`, `created_at`) VALUES (75, 5, 0, '1984-08-26 12:26:03');
INSERT INTO `alerts` (`user_id`, `alert_type_id`, `is_delivered`, `created_at`) VALUES (76, 6, 0, '1989-06-27 11:55:21');
INSERT INTO `alerts` (`user_id`, `alert_type_id`, `is_delivered`, `created_at`) VALUES (77, 7, 1, '1987-05-08 02:33:19');
INSERT INTO `alerts` (`user_id`, `alert_type_id`, `is_delivered`, `created_at`) VALUES (78, 8, 1, '1978-10-13 10:47:59');
INSERT INTO `alerts` (`user_id`, `alert_type_id`, `is_delivered`, `created_at`) VALUES (79, 9, 1, '1970-03-22 01:49:42');
INSERT INTO `alerts` (`user_id`, `alert_type_id`, `is_delivered`, `created_at`) VALUES (80, 10, 1, '1985-11-01 04:23:57');
INSERT INTO `alerts` (`user_id`, `alert_type_id`, `is_delivered`, `created_at`) VALUES (81, 1, 0, '1972-11-08 18:51:11');
INSERT INTO `alerts` (`user_id`, `alert_type_id`, `is_delivered`, `created_at`) VALUES (82, 2, 1, '2017-04-07 07:02:25');
INSERT INTO `alerts` (`user_id`, `alert_type_id`, `is_delivered`, `created_at`) VALUES (83, 3, 1, '1993-07-24 03:21:19');
INSERT INTO `alerts` (`user_id`, `alert_type_id`, `is_delivered`, `created_at`) VALUES (84, 4, 1, '1975-04-07 18:05:40');
INSERT INTO `alerts` (`user_id`, `alert_type_id`, `is_delivered`, `created_at`) VALUES (85, 5, 1, '2007-07-13 19:28:25');
INSERT INTO `alerts` (`user_id`, `alert_type_id`, `is_delivered`, `created_at`) VALUES (86, 6, 1, '2004-06-10 18:46:15');
INSERT INTO `alerts` (`user_id`, `alert_type_id`, `is_delivered`, `created_at`) VALUES (87, 7, 0, '2002-09-10 10:12:04');
INSERT INTO `alerts` (`user_id`, `alert_type_id`, `is_delivered`, `created_at`) VALUES (88, 8, 0, '2013-11-16 10:35:04');
INSERT INTO `alerts` (`user_id`, `alert_type_id`, `is_delivered`, `created_at`) VALUES (89, 9, 1, '1991-06-24 09:22:52');
INSERT INTO `alerts` (`user_id`, `alert_type_id`, `is_delivered`, `created_at`) VALUES (90, 10, 0, '2008-08-24 16:41:58');
INSERT INTO `alerts` (`user_id`, `alert_type_id`, `is_delivered`, `created_at`) VALUES (91, 1, 0, '1972-01-27 20:01:26');
INSERT INTO `alerts` (`user_id`, `alert_type_id`, `is_delivered`, `created_at`) VALUES (92, 2, 0, '2011-10-23 19:26:14');
INSERT INTO `alerts` (`user_id`, `alert_type_id`, `is_delivered`, `created_at`) VALUES (93, 3, 1, '2014-12-19 23:31:21');
INSERT INTO `alerts` (`user_id`, `alert_type_id`, `is_delivered`, `created_at`) VALUES (94, 4, 0, '1982-10-14 09:14:23');
INSERT INTO `alerts` (`user_id`, `alert_type_id`, `is_delivered`, `created_at`) VALUES (95, 5, 0, '1986-01-20 07:18:44');
INSERT INTO `alerts` (`user_id`, `alert_type_id`, `is_delivered`, `created_at`) VALUES (96, 6, 0, '1981-11-23 02:35:50');
INSERT INTO `alerts` (`user_id`, `alert_type_id`, `is_delivered`, `created_at`) VALUES (97, 7, 1, '1981-04-23 07:28:31');
INSERT INTO `alerts` (`user_id`, `alert_type_id`, `is_delivered`, `created_at`) VALUES (98, 8, 0, '2006-10-29 15:10:32');
INSERT INTO `alerts` (`user_id`, `alert_type_id`, `is_delivered`, `created_at`) VALUES (99, 9, 1, '1995-09-13 08:30:30');
INSERT INTO `alerts` (`user_id`, `alert_type_id`, `is_delivered`, `created_at`) VALUES (100, 10, 0, '2018-08-24 23:24:51');


#
# TABLE STRUCTURE FOR: catalogs
#

DROP TABLE IF EXISTS `catalogs`;

CREATE TABLE `catalogs` (
  `id` int(10) unsigned NOT NULL AUTO_INCREMENT,
  `name` varchar(255) COLLATE utf8_unicode_ci DEFAULT NULL COMMENT 'Название раздела',
  PRIMARY KEY (`id`),
  UNIQUE KEY `unique_name` (`name`(10))
) ENGINE=InnoDB AUTO_INCREMENT=51 DEFAULT CHARSET=utf8 COLLATE=utf8_unicode_ci COMMENT='Разделы продуктов проекта';

INSERT INTO `catalogs` (`id`, `name`) VALUES (1, 'autem');
INSERT INTO `catalogs` (`id`, `name`) VALUES (2, 'vero');
INSERT INTO `catalogs` (`id`, `name`) VALUES (3, 'quia');
INSERT INTO `catalogs` (`id`, `name`) VALUES (4, 'cupiditate');
INSERT INTO `catalogs` (`id`, `name`) VALUES (5, 'molestiae');
INSERT INTO `catalogs` (`id`, `name`) VALUES (6, 'earum');
INSERT INTO `catalogs` (`id`, `name`) VALUES (7, 'perferendis');
INSERT INTO `catalogs` (`id`, `name`) VALUES (8, 'repellat');
INSERT INTO `catalogs` (`id`, `name`) VALUES (9, 'ea');
INSERT INTO `catalogs` (`id`, `name`) VALUES (10, 'atque');
INSERT INTO `catalogs` (`id`, `name`) VALUES (11, 'illum');
INSERT INTO `catalogs` (`id`, `name`) VALUES (12, 'consequatur');
INSERT INTO `catalogs` (`id`, `name`) VALUES (13, 'eos');
INSERT INTO `catalogs` (`id`, `name`) VALUES (14, 'repudiandae');
INSERT INTO `catalogs` (`id`, `name`) VALUES (15, 'odit');
INSERT INTO `catalogs` (`id`, `name`) VALUES (16, 'facere');
INSERT INTO `catalogs` (`id`, `name`) VALUES (17, 'similique');
INSERT INTO `catalogs` (`id`, `name`) VALUES (18, 'in');
INSERT INTO `catalogs` (`id`, `name`) VALUES (19, 'voluptas');
INSERT INTO `catalogs` (`id`, `name`) VALUES (20, 'nisi');
INSERT INTO `catalogs` (`id`, `name`) VALUES (21, 'rerum');
INSERT INTO `catalogs` (`id`, `name`) VALUES (22, 'voluptates');
INSERT INTO `catalogs` (`id`, `name`) VALUES (23, 'et');
INSERT INTO `catalogs` (`id`, `name`) VALUES (24, 'aliquam');
INSERT INTO `catalogs` (`id`, `name`) VALUES (25, 'porro');
INSERT INTO `catalogs` (`id`, `name`) VALUES (26, 'exercitationem');
INSERT INTO `catalogs` (`id`, `name`) VALUES (27, 'sunt');
INSERT INTO `catalogs` (`id`, `name`) VALUES (28, 'doloremque');
INSERT INTO `catalogs` (`id`, `name`) VALUES (29, 'quisquam');
INSERT INTO `catalogs` (`id`, `name`) VALUES (30, 'magnam');
INSERT INTO `catalogs` (`id`, `name`) VALUES (31, 'aspernatur');
INSERT INTO `catalogs` (`id`, `name`) VALUES (32, 'labore');
INSERT INTO `catalogs` (`id`, `name`) VALUES (33, 'illo');
INSERT INTO `catalogs` (`id`, `name`) VALUES (34, 'placeat');
INSERT INTO `catalogs` (`id`, `name`) VALUES (35, 'magni');
INSERT INTO `catalogs` (`id`, `name`) VALUES (36, 'aut');
INSERT INTO `catalogs` (`id`, `name`) VALUES (37, 'iste');
INSERT INTO `catalogs` (`id`, `name`) VALUES (38, 'ex');
INSERT INTO `catalogs` (`id`, `name`) VALUES (39, 'ipsa');
INSERT INTO `catalogs` (`id`, `name`) VALUES (40, 'nulla');
INSERT INTO `catalogs` (`id`, `name`) VALUES (41, 'nostrum');
INSERT INTO `catalogs` (`id`, `name`) VALUES (42, 'incidunt');
INSERT INTO `catalogs` (`id`, `name`) VALUES (43, 'praesentium');
INSERT INTO `catalogs` (`id`, `name`) VALUES (44, 'dolorem');
INSERT INTO `catalogs` (`id`, `name`) VALUES (45, 'eius');
INSERT INTO `catalogs` (`id`, `name`) VALUES (46, 'laudantium');
INSERT INTO `catalogs` (`id`, `name`) VALUES (47, 'iure');
INSERT INTO `catalogs` (`id`, `name`) VALUES (48, 'facilis');
INSERT INTO `catalogs` (`id`, `name`) VALUES (49, 'explicabo');
INSERT INTO `catalogs` (`id`, `name`) VALUES (50, 'numquam');


#
# TABLE STRUCTURE FOR: categories
#

DROP TABLE IF EXISTS `categories`;

CREATE TABLE `categories` (
  `id` int(10) unsigned NOT NULL AUTO_INCREMENT,
  `user_id` int(10) unsigned NOT NULL,
  `title` varchar(150) COLLATE utf8_unicode_ci NOT NULL,
  PRIMARY KEY (`id`),
  KEY `title` (`title`),
  KEY `user_id` (`user_id`),
  CONSTRAINT `categories_ibfk_1` FOREIGN KEY (`user_id`) REFERENCES `users` (`id`)
) ENGINE=InnoDB AUTO_INCREMENT=201 DEFAULT CHARSET=utf8 COLLATE=utf8_unicode_ci;

INSERT INTO `categories` (`id`, `user_id`, `title`) VALUES (1, 1, 'At veritatis in rerum doloribus at distinctio rem.');
INSERT INTO `categories` (`id`, `user_id`, `title`) VALUES (2, 2, 'Rerum voluptatibus sequi ab rerum voluptatem pariatur minima necessitatibus.');
INSERT INTO `categories` (`id`, `user_id`, `title`) VALUES (3, 3, 'Nam deleniti libero quis hic necessitatibus autem aut.');
INSERT INTO `categories` (`id`, `user_id`, `title`) VALUES (4, 4, 'Illo consequatur quo dolorem excepturi ab voluptatum.');
INSERT INTO `categories` (`id`, `user_id`, `title`) VALUES (5, 5, 'Doloremque ea nam et dolores.');
INSERT INTO `categories` (`id`, `user_id`, `title`) VALUES (6, 6, 'Ipsum earum recusandae sit alias eos recusandae voluptas dolores.');
INSERT INTO `categories` (`id`, `user_id`, `title`) VALUES (7, 7, 'Sunt quam ut corporis dolorum possimus minima error.');
INSERT INTO `categories` (`id`, `user_id`, `title`) VALUES (8, 8, 'Maxime non minima tenetur iure impedit aut quisquam sunt.');
INSERT INTO `categories` (`id`, `user_id`, `title`) VALUES (9, 9, 'Tenetur assumenda quae excepturi quis molestiae vero voluptatem.');
INSERT INTO `categories` (`id`, `user_id`, `title`) VALUES (10, 10, 'Aut temporibus omnis provident perspiciatis quisquam.');
INSERT INTO `categories` (`id`, `user_id`, `title`) VALUES (11, 11, 'Incidunt sunt eaque cum saepe ullam.');
INSERT INTO `categories` (`id`, `user_id`, `title`) VALUES (12, 12, 'Autem facere incidunt dolor veniam eius sit.');
INSERT INTO `categories` (`id`, `user_id`, `title`) VALUES (13, 13, 'Fugit eaque quis neque ea voluptas.');
INSERT INTO `categories` (`id`, `user_id`, `title`) VALUES (14, 14, 'Exercitationem ut qui quo ut aut dolor nihil.');
INSERT INTO `categories` (`id`, `user_id`, `title`) VALUES (15, 15, 'In suscipit quia eveniet voluptatum est.');
INSERT INTO `categories` (`id`, `user_id`, `title`) VALUES (16, 16, 'Optio illo quidem ex nihil.');
INSERT INTO `categories` (`id`, `user_id`, `title`) VALUES (17, 17, 'Nihil consequatur nihil esse vitae magnam.');
INSERT INTO `categories` (`id`, `user_id`, `title`) VALUES (18, 18, 'Excepturi ut id at quis consequatur.');
INSERT INTO `categories` (`id`, `user_id`, `title`) VALUES (19, 19, 'Et quia dolorem voluptates qui distinctio officia.');
INSERT INTO `categories` (`id`, `user_id`, `title`) VALUES (20, 20, 'Quaerat ipsam quisquam esse ipsum ratione et numquam dolor.');
INSERT INTO `categories` (`id`, `user_id`, `title`) VALUES (21, 21, 'Assumenda sunt provident dicta exercitationem sed accusamus cupiditate voluptas.');
INSERT INTO `categories` (`id`, `user_id`, `title`) VALUES (22, 22, 'Autem ut laudantium quos facere earum sit in.');
INSERT INTO `categories` (`id`, `user_id`, `title`) VALUES (23, 23, 'Quos dignissimos nobis reprehenderit.');
INSERT INTO `categories` (`id`, `user_id`, `title`) VALUES (24, 24, 'Qui error placeat dolorum autem error dolor voluptatem.');
INSERT INTO `categories` (`id`, `user_id`, `title`) VALUES (25, 25, 'Nostrum reiciendis libero iure corporis sunt.');
INSERT INTO `categories` (`id`, `user_id`, `title`) VALUES (26, 26, 'Sunt autem suscipit sed vel ut consequatur laudantium.');
INSERT INTO `categories` (`id`, `user_id`, `title`) VALUES (27, 27, 'Sequi est voluptas blanditiis cumque.');
INSERT INTO `categories` (`id`, `user_id`, `title`) VALUES (28, 28, 'Aliquid esse veniam nihil odit.');
INSERT INTO `categories` (`id`, `user_id`, `title`) VALUES (29, 29, 'Consequatur voluptatem quia quas deleniti fugiat minima dicta.');
INSERT INTO `categories` (`id`, `user_id`, `title`) VALUES (30, 30, 'Iure quae numquam rerum.');
INSERT INTO `categories` (`id`, `user_id`, `title`) VALUES (31, 31, 'Error quos ab itaque eum.');
INSERT INTO `categories` (`id`, `user_id`, `title`) VALUES (32, 32, 'Dolorem consequuntur ut qui tempore suscipit nisi ad.');
INSERT INTO `categories` (`id`, `user_id`, `title`) VALUES (33, 33, 'Et maiores ullam perspiciatis ad sed temporibus veniam.');
INSERT INTO `categories` (`id`, `user_id`, `title`) VALUES (34, 34, 'Molestias veritatis fugit minus et excepturi sit.');
INSERT INTO `categories` (`id`, `user_id`, `title`) VALUES (35, 35, 'Vel tenetur et rerum pariatur esse nihil.');
INSERT INTO `categories` (`id`, `user_id`, `title`) VALUES (36, 36, 'Et voluptatibus facere iusto qui consectetur culpa.');
INSERT INTO `categories` (`id`, `user_id`, `title`) VALUES (37, 37, 'Sapiente qui et autem et sequi aperiam.');
INSERT INTO `categories` (`id`, `user_id`, `title`) VALUES (38, 38, 'Doloremque officiis et quia qui.');
INSERT INTO `categories` (`id`, `user_id`, `title`) VALUES (39, 39, 'Qui voluptatem consequatur velit et non sit.');
INSERT INTO `categories` (`id`, `user_id`, `title`) VALUES (40, 40, 'Qui aut accusamus reiciendis consequatur harum eum accusamus laudantium.');
INSERT INTO `categories` (`id`, `user_id`, `title`) VALUES (41, 41, 'Commodi est in eos quidem aut.');
INSERT INTO `categories` (`id`, `user_id`, `title`) VALUES (42, 42, 'Ratione a eum aut tenetur quos.');
INSERT INTO `categories` (`id`, `user_id`, `title`) VALUES (43, 43, 'Aut id est non et sit.');
INSERT INTO `categories` (`id`, `user_id`, `title`) VALUES (44, 44, 'Aut est cumque aperiam saepe culpa.');
INSERT INTO `categories` (`id`, `user_id`, `title`) VALUES (45, 45, 'Ad eos occaecati temporibus.');
INSERT INTO `categories` (`id`, `user_id`, `title`) VALUES (46, 46, 'Quibusdam pariatur illum illo ut mollitia recusandae.');
INSERT INTO `categories` (`id`, `user_id`, `title`) VALUES (47, 47, 'Recusandae magni possimus et.');
INSERT INTO `categories` (`id`, `user_id`, `title`) VALUES (48, 48, 'Non excepturi accusantium iusto consequatur et eum recusandae.');
INSERT INTO `categories` (`id`, `user_id`, `title`) VALUES (49, 49, 'Aut eius odio beatae incidunt quis nihil.');
INSERT INTO `categories` (`id`, `user_id`, `title`) VALUES (50, 50, 'Aut unde veritatis alias non et suscipit et.');
INSERT INTO `categories` (`id`, `user_id`, `title`) VALUES (51, 51, 'Ex quia fugiat qui nihil est reprehenderit quia.');
INSERT INTO `categories` (`id`, `user_id`, `title`) VALUES (52, 52, 'Corrupti atque temporibus beatae.');
INSERT INTO `categories` (`id`, `user_id`, `title`) VALUES (53, 53, 'Quo id dicta sint qui earum eligendi voluptas.');
INSERT INTO `categories` (`id`, `user_id`, `title`) VALUES (54, 54, 'Modi numquam repellat voluptatem nemo.');
INSERT INTO `categories` (`id`, `user_id`, `title`) VALUES (55, 55, 'Fuga officiis doloremque voluptatem consectetur.');
INSERT INTO `categories` (`id`, `user_id`, `title`) VALUES (56, 56, 'Voluptatum perspiciatis pariatur optio expedita libero eaque doloremque.');
INSERT INTO `categories` (`id`, `user_id`, `title`) VALUES (57, 57, 'Consequatur qui officia iure et eum velit eos.');
INSERT INTO `categories` (`id`, `user_id`, `title`) VALUES (58, 58, 'Sed modi quaerat praesentium tempore rerum recusandae et.');
INSERT INTO `categories` (`id`, `user_id`, `title`) VALUES (59, 59, 'Vel dignissimos sapiente accusamus eos minima eveniet.');
INSERT INTO `categories` (`id`, `user_id`, `title`) VALUES (60, 60, 'Ullam ut molestiae quos.');
INSERT INTO `categories` (`id`, `user_id`, `title`) VALUES (61, 61, 'Eius et et et optio et aut et consectetur.');
INSERT INTO `categories` (`id`, `user_id`, `title`) VALUES (62, 62, 'Omnis nostrum et ratione sint et quis.');
INSERT INTO `categories` (`id`, `user_id`, `title`) VALUES (63, 63, 'Illo dolores in maxime aut ut et.');
INSERT INTO `categories` (`id`, `user_id`, `title`) VALUES (64, 64, 'Reprehenderit aliquid atque officiis enim voluptas sit.');
INSERT INTO `categories` (`id`, `user_id`, `title`) VALUES (65, 65, 'Iure sed sed nemo.');
INSERT INTO `categories` (`id`, `user_id`, `title`) VALUES (66, 66, 'Reiciendis et exercitationem vel cumque voluptas.');
INSERT INTO `categories` (`id`, `user_id`, `title`) VALUES (67, 67, 'Maxime inventore ut sed earum.');
INSERT INTO `categories` (`id`, `user_id`, `title`) VALUES (68, 68, 'Ea iusto ut et consequatur facere.');
INSERT INTO `categories` (`id`, `user_id`, `title`) VALUES (69, 69, 'Reiciendis asperiores omnis eos ea.');
INSERT INTO `categories` (`id`, `user_id`, `title`) VALUES (70, 70, 'Aliquam nisi ut consequatur.');
INSERT INTO `categories` (`id`, `user_id`, `title`) VALUES (71, 71, 'Odit est ad nam quae aspernatur quis accusantium.');
INSERT INTO `categories` (`id`, `user_id`, `title`) VALUES (72, 72, 'Quo inventore voluptatem illum recusandae.');
INSERT INTO `categories` (`id`, `user_id`, `title`) VALUES (73, 73, 'Sunt nihil molestiae sit repudiandae nobis sint.');
INSERT INTO `categories` (`id`, `user_id`, `title`) VALUES (74, 74, 'Nam facere nihil magnam vel ab.');
INSERT INTO `categories` (`id`, `user_id`, `title`) VALUES (75, 75, 'Officiis tempore culpa sunt sapiente nam.');
INSERT INTO `categories` (`id`, `user_id`, `title`) VALUES (76, 76, 'Eaque unde odit et veniam labore et vel velit.');
INSERT INTO `categories` (`id`, `user_id`, `title`) VALUES (77, 77, 'Neque dolores omnis et nemo sunt autem amet id.');
INSERT INTO `categories` (`id`, `user_id`, `title`) VALUES (78, 78, 'Officiis esse possimus sunt eveniet.');
INSERT INTO `categories` (`id`, `user_id`, `title`) VALUES (79, 79, 'Ut aliquam molestias dolores fugiat atque eius.');
INSERT INTO `categories` (`id`, `user_id`, `title`) VALUES (80, 80, 'Facilis ut et dignissimos temporibus.');
INSERT INTO `categories` (`id`, `user_id`, `title`) VALUES (81, 81, 'Aliquam id autem in minima et aut natus.');
INSERT INTO `categories` (`id`, `user_id`, `title`) VALUES (82, 82, 'Sed non ut quis quam modi.');
INSERT INTO `categories` (`id`, `user_id`, `title`) VALUES (83, 83, 'Atque architecto quia architecto possimus.');
INSERT INTO `categories` (`id`, `user_id`, `title`) VALUES (84, 84, 'Error illo est quidem autem.');
INSERT INTO `categories` (`id`, `user_id`, `title`) VALUES (85, 85, 'Dolor tempora explicabo nobis impedit fugiat inventore.');
INSERT INTO `categories` (`id`, `user_id`, `title`) VALUES (86, 86, 'Sed eos excepturi ea quo.');
INSERT INTO `categories` (`id`, `user_id`, `title`) VALUES (87, 87, 'Recusandae aut rerum cumque iste reprehenderit rerum architecto sint.');
INSERT INTO `categories` (`id`, `user_id`, `title`) VALUES (88, 88, 'Iure nisi quidem deleniti voluptatem dolorem excepturi.');
INSERT INTO `categories` (`id`, `user_id`, `title`) VALUES (89, 89, 'Praesentium aut dolor et ut repellendus quasi.');
INSERT INTO `categories` (`id`, `user_id`, `title`) VALUES (90, 90, 'Beatae temporibus et et officiis fugiat quibusdam.');
INSERT INTO `categories` (`id`, `user_id`, `title`) VALUES (91, 91, 'Cumque soluta sit repudiandae quod.');
INSERT INTO `categories` (`id`, `user_id`, `title`) VALUES (92, 92, 'Repudiandae eius tempora autem vel.');
INSERT INTO `categories` (`id`, `user_id`, `title`) VALUES (93, 93, 'Voluptas animi facilis dolores architecto.');
INSERT INTO `categories` (`id`, `user_id`, `title`) VALUES (94, 94, 'Illo voluptas repudiandae ducimus et et laborum.');
INSERT INTO `categories` (`id`, `user_id`, `title`) VALUES (95, 95, 'Quasi deserunt ab voluptatem vel.');
INSERT INTO `categories` (`id`, `user_id`, `title`) VALUES (96, 96, 'Ipsum fugiat dolorum minima corporis eligendi dolor omnis.');
INSERT INTO `categories` (`id`, `user_id`, `title`) VALUES (97, 97, 'Beatae numquam odio necessitatibus.');
INSERT INTO `categories` (`id`, `user_id`, `title`) VALUES (98, 98, 'Voluptatem assumenda consectetur quasi aut.');
INSERT INTO `categories` (`id`, `user_id`, `title`) VALUES (99, 99, 'Tenetur tenetur minima distinctio veniam ipsum maiores repudiandae.');
INSERT INTO `categories` (`id`, `user_id`, `title`) VALUES (100, 100, 'Excepturi quibusdam non aut sapiente iusto quo.');
INSERT INTO `categories` (`id`, `user_id`, `title`) VALUES (101, 1, 'Iusto est dolorem veritatis dolores.');
INSERT INTO `categories` (`id`, `user_id`, `title`) VALUES (102, 2, 'Dolor suscipit modi excepturi rerum debitis.');
INSERT INTO `categories` (`id`, `user_id`, `title`) VALUES (103, 3, 'Itaque ut numquam sunt.');
INSERT INTO `categories` (`id`, `user_id`, `title`) VALUES (104, 4, 'Ad maxime ea expedita aperiam nam.');
INSERT INTO `categories` (`id`, `user_id`, `title`) VALUES (105, 5, 'In quidem aut consequatur sed.');
INSERT INTO `categories` (`id`, `user_id`, `title`) VALUES (106, 6, 'Sed numquam magnam ipsa qui tenetur voluptatem quaerat consequuntur.');
INSERT INTO `categories` (`id`, `user_id`, `title`) VALUES (107, 7, 'Voluptatem porro minus sint qui error occaecati.');
INSERT INTO `categories` (`id`, `user_id`, `title`) VALUES (108, 8, 'Sed ut corrupti sed aliquid eligendi fugiat.');
INSERT INTO `categories` (`id`, `user_id`, `title`) VALUES (109, 9, 'Eligendi ratione sed placeat ab.');
INSERT INTO `categories` (`id`, `user_id`, `title`) VALUES (110, 10, 'Hic est in sequi hic dolore est.');
INSERT INTO `categories` (`id`, `user_id`, `title`) VALUES (111, 11, 'Eum sint dolorum sint doloribus.');
INSERT INTO `categories` (`id`, `user_id`, `title`) VALUES (112, 12, 'Qui est harum sit eaque.');
INSERT INTO `categories` (`id`, `user_id`, `title`) VALUES (113, 13, 'Aut suscipit non laboriosam dolorum cupiditate accusamus.');
INSERT INTO `categories` (`id`, `user_id`, `title`) VALUES (114, 14, 'Neque saepe eos deleniti iste.');
INSERT INTO `categories` (`id`, `user_id`, `title`) VALUES (115, 15, 'Quis vitae et consequatur fugiat aut alias.');
INSERT INTO `categories` (`id`, `user_id`, `title`) VALUES (116, 16, 'Sit magni in illo quam consequatur excepturi voluptatem.');
INSERT INTO `categories` (`id`, `user_id`, `title`) VALUES (117, 17, 'Voluptas commodi id nihil reiciendis est reiciendis.');
INSERT INTO `categories` (`id`, `user_id`, `title`) VALUES (118, 18, 'Ab enim eum dolorem consequatur magni odit asperiores in.');
INSERT INTO `categories` (`id`, `user_id`, `title`) VALUES (119, 19, 'Sapiente consequatur debitis rerum ducimus qui quo.');
INSERT INTO `categories` (`id`, `user_id`, `title`) VALUES (120, 20, 'Et et dolorem placeat et.');
INSERT INTO `categories` (`id`, `user_id`, `title`) VALUES (121, 21, 'Atque natus voluptates et minus consectetur sint placeat.');
INSERT INTO `categories` (`id`, `user_id`, `title`) VALUES (122, 22, 'Sint tempore qui ut error.');
INSERT INTO `categories` (`id`, `user_id`, `title`) VALUES (123, 23, 'Fugit voluptatem optio nesciunt sunt dolorem illo.');
INSERT INTO `categories` (`id`, `user_id`, `title`) VALUES (124, 24, 'Dolorem et facere et.');
INSERT INTO `categories` (`id`, `user_id`, `title`) VALUES (125, 25, 'Nihil rem iure magni saepe.');
INSERT INTO `categories` (`id`, `user_id`, `title`) VALUES (126, 26, 'Ut illo eum laudantium architecto voluptatem nemo cumque.');
INSERT INTO `categories` (`id`, `user_id`, `title`) VALUES (127, 27, 'Vel placeat maiores amet ratione at in iusto.');
INSERT INTO `categories` (`id`, `user_id`, `title`) VALUES (128, 28, 'Provident sed corporis unde harum ducimus magnam.');
INSERT INTO `categories` (`id`, `user_id`, `title`) VALUES (129, 29, 'Doloribus ab et sit qui.');
INSERT INTO `categories` (`id`, `user_id`, `title`) VALUES (130, 30, 'Repellendus doloremque voluptatem itaque.');
INSERT INTO `categories` (`id`, `user_id`, `title`) VALUES (131, 31, 'Tenetur pariatur nostrum ratione libero dolore optio.');
INSERT INTO `categories` (`id`, `user_id`, `title`) VALUES (132, 32, 'Perspiciatis voluptas velit similique aliquid.');
INSERT INTO `categories` (`id`, `user_id`, `title`) VALUES (133, 33, 'Aut nemo est alias sed numquam accusantium nemo.');
INSERT INTO `categories` (`id`, `user_id`, `title`) VALUES (134, 34, 'Sed optio labore ipsam.');
INSERT INTO `categories` (`id`, `user_id`, `title`) VALUES (135, 35, 'Dignissimos provident facere voluptates consequatur adipisci.');
INSERT INTO `categories` (`id`, `user_id`, `title`) VALUES (136, 36, 'Voluptatem voluptatibus dolorem occaecati sed doloremque.');
INSERT INTO `categories` (`id`, `user_id`, `title`) VALUES (137, 37, 'Non unde ullam voluptatem est rem odio.');
INSERT INTO `categories` (`id`, `user_id`, `title`) VALUES (138, 38, 'Voluptatem eius voluptas quasi soluta.');
INSERT INTO `categories` (`id`, `user_id`, `title`) VALUES (139, 39, 'Aut aliquam iste et vel iure enim excepturi illo.');
INSERT INTO `categories` (`id`, `user_id`, `title`) VALUES (140, 40, 'Nobis nostrum tempora necessitatibus vitae.');
INSERT INTO `categories` (`id`, `user_id`, `title`) VALUES (141, 41, 'Accusamus nobis est iure minus eligendi.');
INSERT INTO `categories` (`id`, `user_id`, `title`) VALUES (142, 42, 'Eius est asperiores ut repellat animi est.');
INSERT INTO `categories` (`id`, `user_id`, `title`) VALUES (143, 43, 'Explicabo ut cumque pariatur consequatur nulla est.');
INSERT INTO `categories` (`id`, `user_id`, `title`) VALUES (144, 44, 'Consequatur impedit voluptates earum culpa et.');
INSERT INTO `categories` (`id`, `user_id`, `title`) VALUES (145, 45, 'Facere omnis laborum similique quisquam.');
INSERT INTO `categories` (`id`, `user_id`, `title`) VALUES (146, 46, 'Adipisci aut et quo inventore consequatur repudiandae reiciendis.');
INSERT INTO `categories` (`id`, `user_id`, `title`) VALUES (147, 47, 'Qui dolor tempore quo corrupti ut.');
INSERT INTO `categories` (`id`, `user_id`, `title`) VALUES (148, 48, 'Aut eos id est voluptatem ut ducimus.');
INSERT INTO `categories` (`id`, `user_id`, `title`) VALUES (149, 49, 'Minus totam sed quam.');
INSERT INTO `categories` (`id`, `user_id`, `title`) VALUES (150, 50, 'Ipsum eaque sint quia possimus possimus porro dolorem est.');
INSERT INTO `categories` (`id`, `user_id`, `title`) VALUES (151, 51, 'Commodi officiis facilis voluptatem et consequuntur.');
INSERT INTO `categories` (`id`, `user_id`, `title`) VALUES (152, 52, 'Eos possimus rem ut laborum odio.');
INSERT INTO `categories` (`id`, `user_id`, `title`) VALUES (153, 53, 'Deserunt qui sequi expedita ut quidem.');
INSERT INTO `categories` (`id`, `user_id`, `title`) VALUES (154, 54, 'Aut ut et magnam voluptatem.');
INSERT INTO `categories` (`id`, `user_id`, `title`) VALUES (155, 55, 'Quam quia consequuntur incidunt illo expedita autem et.');
INSERT INTO `categories` (`id`, `user_id`, `title`) VALUES (156, 56, 'Voluptas aliquam ullam soluta.');
INSERT INTO `categories` (`id`, `user_id`, `title`) VALUES (157, 57, 'Nobis id reprehenderit delectus.');
INSERT INTO `categories` (`id`, `user_id`, `title`) VALUES (158, 58, 'Minima sunt nemo natus.');
INSERT INTO `categories` (`id`, `user_id`, `title`) VALUES (159, 59, 'Aut totam nihil sunt et aut.');
INSERT INTO `categories` (`id`, `user_id`, `title`) VALUES (160, 60, 'Ut numquam quis assumenda placeat nulla sint.');
INSERT INTO `categories` (`id`, `user_id`, `title`) VALUES (161, 61, 'Iusto ab ut libero corrupti doloribus quibusdam dolores.');
INSERT INTO `categories` (`id`, `user_id`, `title`) VALUES (162, 62, 'Quasi quia sed quibusdam maxime est.');
INSERT INTO `categories` (`id`, `user_id`, `title`) VALUES (163, 63, 'Saepe tenetur consectetur ab nihil ratione et.');
INSERT INTO `categories` (`id`, `user_id`, `title`) VALUES (164, 64, 'Consequatur quia cupiditate qui asperiores odio dolore.');
INSERT INTO `categories` (`id`, `user_id`, `title`) VALUES (165, 65, 'Qui expedita dolor eius eos autem nisi eaque ea.');
INSERT INTO `categories` (`id`, `user_id`, `title`) VALUES (166, 66, 'Asperiores distinctio incidunt cum fuga nisi.');
INSERT INTO `categories` (`id`, `user_id`, `title`) VALUES (167, 67, 'Eum nihil distinctio molestiae reprehenderit dignissimos quibusdam qui sed.');
INSERT INTO `categories` (`id`, `user_id`, `title`) VALUES (168, 68, 'Molestiae rem ratione officiis eum temporibus itaque.');
INSERT INTO `categories` (`id`, `user_id`, `title`) VALUES (169, 69, 'Perferendis ipsa animi corrupti autem et.');
INSERT INTO `categories` (`id`, `user_id`, `title`) VALUES (170, 70, 'Eum accusantium modi quis nihil.');
INSERT INTO `categories` (`id`, `user_id`, `title`) VALUES (171, 71, 'Hic voluptatem nobis magnam voluptatem id possimus quia.');
INSERT INTO `categories` (`id`, `user_id`, `title`) VALUES (172, 72, 'Dolorum facilis ipsa dolorem.');
INSERT INTO `categories` (`id`, `user_id`, `title`) VALUES (173, 73, 'Vitae doloremque quia optio qui aut est non doloribus.');
INSERT INTO `categories` (`id`, `user_id`, `title`) VALUES (174, 74, 'Nostrum provident excepturi atque officia provident dolor mollitia ipsa.');
INSERT INTO `categories` (`id`, `user_id`, `title`) VALUES (175, 75, 'Unde enim voluptatem accusamus consequatur voluptas dolorem.');
INSERT INTO `categories` (`id`, `user_id`, `title`) VALUES (176, 76, 'Iste cupiditate sint esse.');
INSERT INTO `categories` (`id`, `user_id`, `title`) VALUES (177, 77, 'Esse cupiditate autem commodi incidunt voluptas sit quod necessitatibus.');
INSERT INTO `categories` (`id`, `user_id`, `title`) VALUES (178, 78, 'Aut facere corrupti expedita ipsam quis.');
INSERT INTO `categories` (`id`, `user_id`, `title`) VALUES (179, 79, 'Est adipisci rerum non minima maxime iure qui.');
INSERT INTO `categories` (`id`, `user_id`, `title`) VALUES (180, 80, 'Animi vel est fugiat quis perferendis nobis ex.');
INSERT INTO `categories` (`id`, `user_id`, `title`) VALUES (181, 81, 'Accusamus at vero minima et autem aut.');
INSERT INTO `categories` (`id`, `user_id`, `title`) VALUES (182, 82, 'Recusandae a aut autem officia nam.');
INSERT INTO `categories` (`id`, `user_id`, `title`) VALUES (183, 83, 'Omnis inventore vitae libero quaerat porro rerum.');
INSERT INTO `categories` (`id`, `user_id`, `title`) VALUES (184, 84, 'Est harum fugit ipsam sint id fugit et.');
INSERT INTO `categories` (`id`, `user_id`, `title`) VALUES (185, 85, 'Quia consequatur molestias eos commodi velit.');
INSERT INTO `categories` (`id`, `user_id`, `title`) VALUES (186, 86, 'Distinctio dolore deleniti quae.');
INSERT INTO `categories` (`id`, `user_id`, `title`) VALUES (187, 87, 'Animi unde minus possimus quos omnis cum dolorem quis.');
INSERT INTO `categories` (`id`, `user_id`, `title`) VALUES (188, 88, 'Tempora possimus quidem molestiae delectus aut vero.');
INSERT INTO `categories` (`id`, `user_id`, `title`) VALUES (189, 89, 'Est nisi ad omnis ea.');
INSERT INTO `categories` (`id`, `user_id`, `title`) VALUES (190, 90, 'Explicabo quis doloribus sed et cum laboriosam dicta sed.');
INSERT INTO `categories` (`id`, `user_id`, `title`) VALUES (191, 91, 'Nihil sint aut debitis placeat.');
INSERT INTO `categories` (`id`, `user_id`, `title`) VALUES (192, 92, 'Iure voluptatem occaecati saepe corrupti ut praesentium.');
INSERT INTO `categories` (`id`, `user_id`, `title`) VALUES (193, 93, 'Officiis quos voluptatibus quis doloremque iure aut a expedita.');
INSERT INTO `categories` (`id`, `user_id`, `title`) VALUES (194, 94, 'Voluptatum illum tempore eum eum et.');
INSERT INTO `categories` (`id`, `user_id`, `title`) VALUES (195, 95, 'Iste soluta quia rerum.');
INSERT INTO `categories` (`id`, `user_id`, `title`) VALUES (196, 96, 'Eos ut ipsum qui eos eius et alias.');
INSERT INTO `categories` (`id`, `user_id`, `title`) VALUES (197, 97, 'Totam consectetur ad veniam quod.');
INSERT INTO `categories` (`id`, `user_id`, `title`) VALUES (198, 98, 'Ducimus ullam placeat quaerat sint magnam.');
INSERT INTO `categories` (`id`, `user_id`, `title`) VALUES (199, 99, 'Voluptate consequatur et perspiciatis rerum distinctio qui.');
INSERT INTO `categories` (`id`, `user_id`, `title`) VALUES (200, 100, 'Amet voluptatem praesentium dignissimos sapiente eius consequatur reiciendis.');


#
# TABLE STRUCTURE FOR: category_bonds
#

DROP TABLE IF EXISTS `category_bonds`;

CREATE TABLE `category_bonds` (
  `category_bond_id` int(10) unsigned NOT NULL AUTO_INCREMENT,
  `from_category` int(10) unsigned DEFAULT NULL,
  `to_category` int(10) unsigned NOT NULL,
  `created_at` datetime DEFAULT current_timestamp(),
  PRIMARY KEY (`category_bond_id`),
  KEY `from_category` (`from_category`),
  KEY `to_category` (`to_category`),
  CONSTRAINT `category_bonds_ibfk_1` FOREIGN KEY (`from_category`) REFERENCES `categories` (`id`),
  CONSTRAINT `category_bonds_ibfk_2` FOREIGN KEY (`to_category`) REFERENCES `categories` (`id`)
) ENGINE=InnoDB AUTO_INCREMENT=101 DEFAULT CHARSET=utf8 COLLATE=utf8_unicode_ci;

INSERT INTO `category_bonds` (`category_bond_id`, `from_category`, `to_category`, `created_at`) VALUES (1, 1, 1, '1980-03-14 03:15:56');
INSERT INTO `category_bonds` (`category_bond_id`, `from_category`, `to_category`, `created_at`) VALUES (2, 2, 2, '1992-12-20 22:38:43');
INSERT INTO `category_bonds` (`category_bond_id`, `from_category`, `to_category`, `created_at`) VALUES (3, 3, 3, '1974-08-23 19:40:13');
INSERT INTO `category_bonds` (`category_bond_id`, `from_category`, `to_category`, `created_at`) VALUES (4, 4, 4, '2005-09-12 23:13:51');
INSERT INTO `category_bonds` (`category_bond_id`, `from_category`, `to_category`, `created_at`) VALUES (5, 5, 5, '1986-09-21 15:43:19');
INSERT INTO `category_bonds` (`category_bond_id`, `from_category`, `to_category`, `created_at`) VALUES (6, 6, 6, '1986-08-03 02:34:01');
INSERT INTO `category_bonds` (`category_bond_id`, `from_category`, `to_category`, `created_at`) VALUES (7, 7, 7, '2012-04-08 07:43:09');
INSERT INTO `category_bonds` (`category_bond_id`, `from_category`, `to_category`, `created_at`) VALUES (8, 8, 8, '1995-12-09 08:44:31');
INSERT INTO `category_bonds` (`category_bond_id`, `from_category`, `to_category`, `created_at`) VALUES (9, 9, 9, '1971-07-12 09:00:51');
INSERT INTO `category_bonds` (`category_bond_id`, `from_category`, `to_category`, `created_at`) VALUES (10, 10, 10, '2012-11-29 04:35:41');
INSERT INTO `category_bonds` (`category_bond_id`, `from_category`, `to_category`, `created_at`) VALUES (11, 11, 11, '1990-11-16 21:52:19');
INSERT INTO `category_bonds` (`category_bond_id`, `from_category`, `to_category`, `created_at`) VALUES (12, 12, 12, '1979-12-02 18:15:07');
INSERT INTO `category_bonds` (`category_bond_id`, `from_category`, `to_category`, `created_at`) VALUES (13, 13, 13, '2011-10-03 13:25:43');
INSERT INTO `category_bonds` (`category_bond_id`, `from_category`, `to_category`, `created_at`) VALUES (14, 14, 14, '2002-01-22 11:02:29');
INSERT INTO `category_bonds` (`category_bond_id`, `from_category`, `to_category`, `created_at`) VALUES (15, 15, 15, '1983-01-03 21:22:18');
INSERT INTO `category_bonds` (`category_bond_id`, `from_category`, `to_category`, `created_at`) VALUES (16, 16, 16, '2003-04-24 02:26:22');
INSERT INTO `category_bonds` (`category_bond_id`, `from_category`, `to_category`, `created_at`) VALUES (17, 17, 17, '1988-04-19 11:54:39');
INSERT INTO `category_bonds` (`category_bond_id`, `from_category`, `to_category`, `created_at`) VALUES (18, 18, 18, '1995-05-24 04:30:27');
INSERT INTO `category_bonds` (`category_bond_id`, `from_category`, `to_category`, `created_at`) VALUES (19, 19, 19, '2004-08-31 18:38:53');
INSERT INTO `category_bonds` (`category_bond_id`, `from_category`, `to_category`, `created_at`) VALUES (20, 20, 20, '1973-03-21 14:30:16');
INSERT INTO `category_bonds` (`category_bond_id`, `from_category`, `to_category`, `created_at`) VALUES (21, 21, 21, '2004-03-05 03:48:30');
INSERT INTO `category_bonds` (`category_bond_id`, `from_category`, `to_category`, `created_at`) VALUES (22, 22, 22, '2019-03-14 05:50:39');
INSERT INTO `category_bonds` (`category_bond_id`, `from_category`, `to_category`, `created_at`) VALUES (23, 23, 23, '1993-05-03 17:00:09');
INSERT INTO `category_bonds` (`category_bond_id`, `from_category`, `to_category`, `created_at`) VALUES (24, 24, 24, '1988-03-30 11:21:13');
INSERT INTO `category_bonds` (`category_bond_id`, `from_category`, `to_category`, `created_at`) VALUES (25, 25, 25, '1995-08-21 06:14:17');
INSERT INTO `category_bonds` (`category_bond_id`, `from_category`, `to_category`, `created_at`) VALUES (26, 26, 26, '1982-05-14 10:03:36');
INSERT INTO `category_bonds` (`category_bond_id`, `from_category`, `to_category`, `created_at`) VALUES (27, 27, 27, '2019-03-30 00:26:56');
INSERT INTO `category_bonds` (`category_bond_id`, `from_category`, `to_category`, `created_at`) VALUES (28, 28, 28, '1997-07-03 06:58:21');
INSERT INTO `category_bonds` (`category_bond_id`, `from_category`, `to_category`, `created_at`) VALUES (29, 29, 29, '2008-12-09 07:44:48');
INSERT INTO `category_bonds` (`category_bond_id`, `from_category`, `to_category`, `created_at`) VALUES (30, 30, 30, '1988-05-14 15:22:35');
INSERT INTO `category_bonds` (`category_bond_id`, `from_category`, `to_category`, `created_at`) VALUES (31, 31, 31, '1975-12-24 14:12:31');
INSERT INTO `category_bonds` (`category_bond_id`, `from_category`, `to_category`, `created_at`) VALUES (32, 32, 32, '1981-04-19 00:18:09');
INSERT INTO `category_bonds` (`category_bond_id`, `from_category`, `to_category`, `created_at`) VALUES (33, 33, 33, '2001-05-11 12:39:18');
INSERT INTO `category_bonds` (`category_bond_id`, `from_category`, `to_category`, `created_at`) VALUES (34, 34, 34, '2011-02-10 05:06:37');
INSERT INTO `category_bonds` (`category_bond_id`, `from_category`, `to_category`, `created_at`) VALUES (35, 35, 35, '2017-08-06 13:28:40');
INSERT INTO `category_bonds` (`category_bond_id`, `from_category`, `to_category`, `created_at`) VALUES (36, 36, 36, '2010-02-16 10:26:04');
INSERT INTO `category_bonds` (`category_bond_id`, `from_category`, `to_category`, `created_at`) VALUES (37, 37, 37, '2010-10-25 12:04:37');
INSERT INTO `category_bonds` (`category_bond_id`, `from_category`, `to_category`, `created_at`) VALUES (38, 38, 38, '2011-05-27 03:16:18');
INSERT INTO `category_bonds` (`category_bond_id`, `from_category`, `to_category`, `created_at`) VALUES (39, 39, 39, '1988-06-07 01:14:34');
INSERT INTO `category_bonds` (`category_bond_id`, `from_category`, `to_category`, `created_at`) VALUES (40, 40, 40, '2009-11-10 00:08:42');
INSERT INTO `category_bonds` (`category_bond_id`, `from_category`, `to_category`, `created_at`) VALUES (41, 41, 41, '2006-01-19 17:30:56');
INSERT INTO `category_bonds` (`category_bond_id`, `from_category`, `to_category`, `created_at`) VALUES (42, 42, 42, '1998-07-18 13:36:51');
INSERT INTO `category_bonds` (`category_bond_id`, `from_category`, `to_category`, `created_at`) VALUES (43, 43, 43, '1992-09-13 20:15:47');
INSERT INTO `category_bonds` (`category_bond_id`, `from_category`, `to_category`, `created_at`) VALUES (44, 44, 44, '1985-05-14 07:16:26');
INSERT INTO `category_bonds` (`category_bond_id`, `from_category`, `to_category`, `created_at`) VALUES (45, 45, 45, '1978-03-29 14:35:31');
INSERT INTO `category_bonds` (`category_bond_id`, `from_category`, `to_category`, `created_at`) VALUES (46, 46, 46, '2014-08-04 08:15:12');
INSERT INTO `category_bonds` (`category_bond_id`, `from_category`, `to_category`, `created_at`) VALUES (47, 47, 47, '1997-11-14 15:16:47');
INSERT INTO `category_bonds` (`category_bond_id`, `from_category`, `to_category`, `created_at`) VALUES (48, 48, 48, '2001-05-26 06:21:58');
INSERT INTO `category_bonds` (`category_bond_id`, `from_category`, `to_category`, `created_at`) VALUES (49, 49, 49, '1971-07-23 10:25:00');
INSERT INTO `category_bonds` (`category_bond_id`, `from_category`, `to_category`, `created_at`) VALUES (50, 50, 50, '1981-07-17 04:03:33');
INSERT INTO `category_bonds` (`category_bond_id`, `from_category`, `to_category`, `created_at`) VALUES (51, 51, 51, '1991-06-16 08:03:15');
INSERT INTO `category_bonds` (`category_bond_id`, `from_category`, `to_category`, `created_at`) VALUES (52, 52, 52, '2003-06-26 04:51:18');
INSERT INTO `category_bonds` (`category_bond_id`, `from_category`, `to_category`, `created_at`) VALUES (53, 53, 53, '2002-08-11 00:10:56');
INSERT INTO `category_bonds` (`category_bond_id`, `from_category`, `to_category`, `created_at`) VALUES (54, 54, 54, '1973-10-10 03:30:28');
INSERT INTO `category_bonds` (`category_bond_id`, `from_category`, `to_category`, `created_at`) VALUES (55, 55, 55, '1977-01-15 12:21:55');
INSERT INTO `category_bonds` (`category_bond_id`, `from_category`, `to_category`, `created_at`) VALUES (56, 56, 56, '2011-11-19 01:42:22');
INSERT INTO `category_bonds` (`category_bond_id`, `from_category`, `to_category`, `created_at`) VALUES (57, 57, 57, '1995-10-19 06:52:00');
INSERT INTO `category_bonds` (`category_bond_id`, `from_category`, `to_category`, `created_at`) VALUES (58, 58, 58, '1974-02-02 19:43:38');
INSERT INTO `category_bonds` (`category_bond_id`, `from_category`, `to_category`, `created_at`) VALUES (59, 59, 59, '1987-11-10 22:07:08');
INSERT INTO `category_bonds` (`category_bond_id`, `from_category`, `to_category`, `created_at`) VALUES (60, 60, 60, '1998-11-18 18:32:05');
INSERT INTO `category_bonds` (`category_bond_id`, `from_category`, `to_category`, `created_at`) VALUES (61, 61, 61, '1986-12-04 14:38:58');
INSERT INTO `category_bonds` (`category_bond_id`, `from_category`, `to_category`, `created_at`) VALUES (62, 62, 62, '1989-11-01 07:58:42');
INSERT INTO `category_bonds` (`category_bond_id`, `from_category`, `to_category`, `created_at`) VALUES (63, 63, 63, '2013-08-07 07:47:38');
INSERT INTO `category_bonds` (`category_bond_id`, `from_category`, `to_category`, `created_at`) VALUES (64, 64, 64, '1975-04-19 14:54:11');
INSERT INTO `category_bonds` (`category_bond_id`, `from_category`, `to_category`, `created_at`) VALUES (65, 65, 65, '1983-09-24 00:12:02');
INSERT INTO `category_bonds` (`category_bond_id`, `from_category`, `to_category`, `created_at`) VALUES (66, 66, 66, '2014-01-30 22:09:57');
INSERT INTO `category_bonds` (`category_bond_id`, `from_category`, `to_category`, `created_at`) VALUES (67, 67, 67, '1992-10-24 11:21:34');
INSERT INTO `category_bonds` (`category_bond_id`, `from_category`, `to_category`, `created_at`) VALUES (68, 68, 68, '1995-08-09 08:23:52');
INSERT INTO `category_bonds` (`category_bond_id`, `from_category`, `to_category`, `created_at`) VALUES (69, 69, 69, '2017-06-08 17:32:57');
INSERT INTO `category_bonds` (`category_bond_id`, `from_category`, `to_category`, `created_at`) VALUES (70, 70, 70, '2014-11-07 14:07:01');
INSERT INTO `category_bonds` (`category_bond_id`, `from_category`, `to_category`, `created_at`) VALUES (71, 71, 71, '1994-11-30 01:36:18');
INSERT INTO `category_bonds` (`category_bond_id`, `from_category`, `to_category`, `created_at`) VALUES (72, 72, 72, '2010-09-27 16:38:56');
INSERT INTO `category_bonds` (`category_bond_id`, `from_category`, `to_category`, `created_at`) VALUES (73, 73, 73, '2007-06-15 21:23:22');
INSERT INTO `category_bonds` (`category_bond_id`, `from_category`, `to_category`, `created_at`) VALUES (74, 74, 74, '2002-04-01 02:36:50');
INSERT INTO `category_bonds` (`category_bond_id`, `from_category`, `to_category`, `created_at`) VALUES (75, 75, 75, '1970-10-13 00:42:00');
INSERT INTO `category_bonds` (`category_bond_id`, `from_category`, `to_category`, `created_at`) VALUES (76, 76, 76, '1990-06-08 08:25:09');
INSERT INTO `category_bonds` (`category_bond_id`, `from_category`, `to_category`, `created_at`) VALUES (77, 77, 77, '1997-02-27 11:48:00');
INSERT INTO `category_bonds` (`category_bond_id`, `from_category`, `to_category`, `created_at`) VALUES (78, 78, 78, '1985-08-23 12:22:09');
INSERT INTO `category_bonds` (`category_bond_id`, `from_category`, `to_category`, `created_at`) VALUES (79, 79, 79, '2009-06-12 19:48:57');
INSERT INTO `category_bonds` (`category_bond_id`, `from_category`, `to_category`, `created_at`) VALUES (80, 80, 80, '2016-06-17 11:25:34');
INSERT INTO `category_bonds` (`category_bond_id`, `from_category`, `to_category`, `created_at`) VALUES (81, 81, 81, '1986-08-01 08:38:37');
INSERT INTO `category_bonds` (`category_bond_id`, `from_category`, `to_category`, `created_at`) VALUES (82, 82, 82, '1987-05-29 05:04:09');
INSERT INTO `category_bonds` (`category_bond_id`, `from_category`, `to_category`, `created_at`) VALUES (83, 83, 83, '2007-02-11 01:21:16');
INSERT INTO `category_bonds` (`category_bond_id`, `from_category`, `to_category`, `created_at`) VALUES (84, 84, 84, '2002-01-19 09:32:09');
INSERT INTO `category_bonds` (`category_bond_id`, `from_category`, `to_category`, `created_at`) VALUES (85, 85, 85, '1998-11-27 07:52:42');
INSERT INTO `category_bonds` (`category_bond_id`, `from_category`, `to_category`, `created_at`) VALUES (86, 86, 86, '2018-05-18 22:15:16');
INSERT INTO `category_bonds` (`category_bond_id`, `from_category`, `to_category`, `created_at`) VALUES (87, 87, 87, '1978-03-30 05:26:35');
INSERT INTO `category_bonds` (`category_bond_id`, `from_category`, `to_category`, `created_at`) VALUES (88, 88, 88, '1970-05-08 07:08:55');
INSERT INTO `category_bonds` (`category_bond_id`, `from_category`, `to_category`, `created_at`) VALUES (89, 89, 89, '2016-04-10 20:59:08');
INSERT INTO `category_bonds` (`category_bond_id`, `from_category`, `to_category`, `created_at`) VALUES (90, 90, 90, '2015-09-17 21:38:36');
INSERT INTO `category_bonds` (`category_bond_id`, `from_category`, `to_category`, `created_at`) VALUES (91, 91, 91, '1977-06-19 17:11:02');
INSERT INTO `category_bonds` (`category_bond_id`, `from_category`, `to_category`, `created_at`) VALUES (92, 92, 92, '1991-06-19 03:57:14');
INSERT INTO `category_bonds` (`category_bond_id`, `from_category`, `to_category`, `created_at`) VALUES (93, 93, 93, '2010-11-09 23:16:40');
INSERT INTO `category_bonds` (`category_bond_id`, `from_category`, `to_category`, `created_at`) VALUES (94, 94, 94, '2013-12-03 23:45:38');
INSERT INTO `category_bonds` (`category_bond_id`, `from_category`, `to_category`, `created_at`) VALUES (95, 95, 95, '2017-11-21 14:20:12');
INSERT INTO `category_bonds` (`category_bond_id`, `from_category`, `to_category`, `created_at`) VALUES (96, 96, 96, '1973-06-26 21:00:33');
INSERT INTO `category_bonds` (`category_bond_id`, `from_category`, `to_category`, `created_at`) VALUES (97, 97, 97, '1970-01-05 00:29:44');
INSERT INTO `category_bonds` (`category_bond_id`, `from_category`, `to_category`, `created_at`) VALUES (98, 98, 98, '2010-05-27 15:04:38');
INSERT INTO `category_bonds` (`category_bond_id`, `from_category`, `to_category`, `created_at`) VALUES (99, 99, 99, '2003-12-15 05:18:31');
INSERT INTO `category_bonds` (`category_bond_id`, `from_category`, `to_category`, `created_at`) VALUES (100, 100, 100, '2002-12-11 13:49:19');


#
# TABLE STRUCTURE FOR: comments
#

DROP TABLE IF EXISTS `comments`;

CREATE TABLE `comments` (
  `id` int(10) unsigned NOT NULL AUTO_INCREMENT,
  `user_id` int(10) unsigned NOT NULL,
  `post_id` int(10) unsigned NOT NULL,
  `body` text COLLATE utf8_unicode_ci NOT NULL,
  `created_at` datetime DEFAULT current_timestamp(),
  `updated_at` datetime DEFAULT current_timestamp() ON UPDATE current_timestamp(),
  PRIMARY KEY (`id`),
  KEY `user_id` (`user_id`),
  KEY `post_id` (`post_id`),
  CONSTRAINT `comments_ibfk_1` FOREIGN KEY (`user_id`) REFERENCES `users` (`id`),
  CONSTRAINT `comments_ibfk_2` FOREIGN KEY (`post_id`) REFERENCES `posts` (`id`)
) ENGINE=InnoDB AUTO_INCREMENT=201 DEFAULT CHARSET=utf8 COLLATE=utf8_unicode_ci;

INSERT INTO `comments` (`id`, `user_id`, `post_id`, `body`, `created_at`, `updated_at`) VALUES (1, 1, 1, 'Placeat temporibus enim et aut dolorum dolores velit. Nulla repudiandae sit ut dolores. Earum id itaque dolores laborum et maiores voluptas. Quisquam aspernatur dolore in dignissimos et voluptas architecto.', '1984-05-12 20:41:20', '2015-04-12 09:16:05');
INSERT INTO `comments` (`id`, `user_id`, `post_id`, `body`, `created_at`, `updated_at`) VALUES (2, 2, 2, 'Totam quod voluptas laborum ea doloribus non labore. Porro nisi dolores dolores officiis est vel dolores dolorem.', '1991-05-09 19:32:26', '1971-06-05 13:19:24');
INSERT INTO `comments` (`id`, `user_id`, `post_id`, `body`, `created_at`, `updated_at`) VALUES (3, 3, 3, 'Aut esse tempora nostrum a maiores vero. Vel esse enim corporis. Asperiores id illo ut quibusdam odit. Vel et officia ipsa non voluptas nesciunt. Quia est aut ducimus repudiandae.', '2012-09-21 19:15:51', '1979-01-28 22:02:15');
INSERT INTO `comments` (`id`, `user_id`, `post_id`, `body`, `created_at`, `updated_at`) VALUES (4, 4, 4, 'Ad ut totam numquam quis porro. Voluptatem numquam dignissimos adipisci eligendi amet ut. Eaque facilis labore deserunt distinctio nesciunt libero illum.', '2008-09-09 18:35:49', '1971-03-12 02:46:34');
INSERT INTO `comments` (`id`, `user_id`, `post_id`, `body`, `created_at`, `updated_at`) VALUES (5, 5, 5, 'Veritatis voluptatibus dignissimos sit voluptates rerum aliquid. Aut molestiae voluptas temporibus officia repudiandae. Aut est totam quas veritatis adipisci. Quis ea tenetur itaque ipsam dolores labore explicabo.', '2017-05-21 06:28:26', '1994-06-11 15:11:29');
INSERT INTO `comments` (`id`, `user_id`, `post_id`, `body`, `created_at`, `updated_at`) VALUES (6, 6, 6, 'Consequatur aut quas ratione ea sed vel fugit. Error perspiciatis porro voluptas omnis magni dolores a. Corporis quos magni eveniet aut illum maxime.', '2014-12-09 10:21:44', '1980-09-03 07:02:35');
INSERT INTO `comments` (`id`, `user_id`, `post_id`, `body`, `created_at`, `updated_at`) VALUES (7, 7, 7, 'Est voluptas qui aliquid tenetur at occaecati. Ea hic eligendi sit. Aut accusantium nulla reprehenderit labore porro eaque. Fuga error qui quia laudantium.', '1975-09-22 11:16:55', '2009-07-01 02:52:40');
INSERT INTO `comments` (`id`, `user_id`, `post_id`, `body`, `created_at`, `updated_at`) VALUES (8, 8, 8, 'Incidunt beatae reprehenderit inventore cupiditate. Dolore rem veritatis esse nisi velit. Iusto totam nihil vero consectetur. Consectetur fugiat maxime dolorum vel nam qui sed. Molestiae aut distinctio nisi aut.', '1993-06-16 09:17:51', '1972-07-08 14:40:38');
INSERT INTO `comments` (`id`, `user_id`, `post_id`, `body`, `created_at`, `updated_at`) VALUES (9, 9, 9, 'Doloribus rem qui aut ex nemo. Consequatur alias deleniti dolore sit consectetur voluptatem ullam. Ut quo facilis omnis excepturi possimus eum repellat.', '2016-09-17 01:09:49', '1998-10-03 05:40:44');
INSERT INTO `comments` (`id`, `user_id`, `post_id`, `body`, `created_at`, `updated_at`) VALUES (10, 10, 10, 'Ad non similique sunt. Ullam debitis incidunt eveniet dolor. Magnam distinctio ut minus dolor ipsum itaque.', '2010-02-27 00:46:24', '1979-07-28 05:13:45');
INSERT INTO `comments` (`id`, `user_id`, `post_id`, `body`, `created_at`, `updated_at`) VALUES (11, 11, 11, 'Enim dicta sequi porro rerum quod quaerat molestiae. Ut deserunt cum voluptatem commodi eius. Est quia culpa vel.', '2019-05-16 02:43:14', '1998-08-18 19:38:14');
INSERT INTO `comments` (`id`, `user_id`, `post_id`, `body`, `created_at`, `updated_at`) VALUES (12, 12, 12, 'Earum ut cumque sit qui at maiores ut officiis. Eum doloremque aliquam nesciunt. Ut consequatur mollitia nesciunt dolore.', '1991-03-23 19:25:03', '1983-06-04 23:11:59');
INSERT INTO `comments` (`id`, `user_id`, `post_id`, `body`, `created_at`, `updated_at`) VALUES (13, 13, 13, 'Est aut minus atque illo. Consequuntur pariatur aut et officiis. Ab perferendis dolor magni placeat.', '1972-05-26 02:45:55', '2005-07-12 08:51:20');
INSERT INTO `comments` (`id`, `user_id`, `post_id`, `body`, `created_at`, `updated_at`) VALUES (14, 14, 14, 'Quod aspernatur vitae deserunt praesentium et. Quo ipsa sit adipisci dolor et repudiandae. Aut dolorum suscipit commodi assumenda sint odit ut est. Totam velit quasi provident a.', '2010-05-12 12:12:10', '1980-10-03 15:33:52');
INSERT INTO `comments` (`id`, `user_id`, `post_id`, `body`, `created_at`, `updated_at`) VALUES (15, 15, 15, 'Sed earum sed aut eaque sed adipisci. Necessitatibus iusto quia quis perspiciatis at nam. Consequatur commodi quasi ex ea.', '2016-06-26 05:00:41', '1990-12-10 14:18:32');
INSERT INTO `comments` (`id`, `user_id`, `post_id`, `body`, `created_at`, `updated_at`) VALUES (16, 16, 16, 'Aut aut error dolorem at vero dolore. Suscipit veritatis et in aut aliquam error. A doloribus quod magnam minima quo autem. Aut non similique dignissimos nostrum temporibus impedit quas.', '1992-04-03 10:13:58', '1996-03-08 09:05:40');
INSERT INTO `comments` (`id`, `user_id`, `post_id`, `body`, `created_at`, `updated_at`) VALUES (17, 17, 17, 'Voluptas ad fuga fugiat et voluptas voluptatibus sunt deserunt. Ab et ipsam natus molestiae. Amet aut vero omnis corrupti.', '2014-02-16 05:50:54', '1991-09-12 20:48:07');
INSERT INTO `comments` (`id`, `user_id`, `post_id`, `body`, `created_at`, `updated_at`) VALUES (18, 18, 18, 'Dolore cum provident eum. Iure provident dolor qui.', '2001-10-07 22:01:50', '2001-02-10 12:56:07');
INSERT INTO `comments` (`id`, `user_id`, `post_id`, `body`, `created_at`, `updated_at`) VALUES (19, 19, 19, 'Sapiente eveniet numquam aut rem. Ipsum libero perspiciatis ut blanditiis dolorem perspiciatis dolorem. Debitis aut necessitatibus vitae est porro rerum dicta dolorem.', '1983-04-16 16:45:03', '1996-05-26 09:32:43');
INSERT INTO `comments` (`id`, `user_id`, `post_id`, `body`, `created_at`, `updated_at`) VALUES (20, 20, 20, 'Ipsa culpa qui aut aut. Voluptatem cumque eum distinctio quis.', '2018-06-28 02:54:43', '1981-12-09 06:10:55');
INSERT INTO `comments` (`id`, `user_id`, `post_id`, `body`, `created_at`, `updated_at`) VALUES (21, 21, 21, 'Atque qui fugiat dolores quisquam repellendus esse. Consequatur omnis velit in. Laboriosam voluptatem nemo accusamus et.', '2019-10-11 07:58:56', '1975-01-30 00:30:28');
INSERT INTO `comments` (`id`, `user_id`, `post_id`, `body`, `created_at`, `updated_at`) VALUES (22, 22, 22, 'Mollitia nam qui sunt maxime aut. Molestiae animi et ullam. Sit dolor harum ipsa ipsam ullam fuga.', '2005-11-28 02:22:27', '2011-04-22 12:22:05');
INSERT INTO `comments` (`id`, `user_id`, `post_id`, `body`, `created_at`, `updated_at`) VALUES (23, 23, 23, 'Vel suscipit est est sint quaerat. Est beatae aspernatur odit omnis. Non in dolore quis sapiente dolor.', '1993-10-11 18:23:52', '1986-09-12 05:20:47');
INSERT INTO `comments` (`id`, `user_id`, `post_id`, `body`, `created_at`, `updated_at`) VALUES (24, 24, 24, 'Assumenda id est modi facilis eaque est. Voluptatum alias molestiae quae quis. Id accusamus ut rerum id voluptatem.', '2007-05-16 12:30:54', '2005-12-02 20:34:36');
INSERT INTO `comments` (`id`, `user_id`, `post_id`, `body`, `created_at`, `updated_at`) VALUES (25, 25, 25, 'Ab quas earum similique est est quasi cupiditate. Perferendis dolores repellendus deserunt ut amet. Sit dolores ratione architecto. Quod aspernatur velit repellendus tempora qui tenetur nulla quas.', '2019-01-25 03:01:23', '1998-05-05 07:56:14');
INSERT INTO `comments` (`id`, `user_id`, `post_id`, `body`, `created_at`, `updated_at`) VALUES (26, 26, 26, 'Impedit nihil in enim quaerat ut cum. Odit asperiores ipsum harum velit.', '1998-09-19 04:24:40', '2019-11-06 23:49:13');
INSERT INTO `comments` (`id`, `user_id`, `post_id`, `body`, `created_at`, `updated_at`) VALUES (27, 27, 27, 'Assumenda quos cum possimus odio alias eaque dicta incidunt. Odio ab sit quidem deleniti illum odio. Vero non ut modi quo consectetur. Id sit aut illum ducimus. Aliquam distinctio aperiam vel itaque autem.', '1977-06-30 16:49:26', '1988-11-14 05:46:43');
INSERT INTO `comments` (`id`, `user_id`, `post_id`, `body`, `created_at`, `updated_at`) VALUES (28, 28, 28, 'Facilis blanditiis architecto atque asperiores exercitationem fugit nihil. Eum qui provident nihil ullam aut. Consequatur exercitationem dolor commodi.', '2011-10-24 03:31:50', '1995-04-13 06:12:12');
INSERT INTO `comments` (`id`, `user_id`, `post_id`, `body`, `created_at`, `updated_at`) VALUES (29, 29, 29, 'Praesentium minus quidem sit. Et at voluptas officiis deserunt in earum. Sapiente eaque vel consequatur pariatur atque dolor.', '1987-10-10 06:05:59', '2013-07-01 07:21:55');
INSERT INTO `comments` (`id`, `user_id`, `post_id`, `body`, `created_at`, `updated_at`) VALUES (30, 30, 30, 'Et nobis et magnam aut ut. Animi natus nisi omnis harum dolores. Magni quod reiciendis omnis velit officia dolores ipsam. Porro est eos iure placeat qui. Repellat esse dolor et distinctio.', '1970-01-13 18:31:12', '1972-10-28 18:02:15');
INSERT INTO `comments` (`id`, `user_id`, `post_id`, `body`, `created_at`, `updated_at`) VALUES (31, 31, 31, 'Similique totam vel temporibus. Et nam fugit temporibus animi modi sequi. Commodi corporis quo atque est eos possimus fugiat.', '1986-11-10 20:28:21', '2011-06-27 21:57:27');
INSERT INTO `comments` (`id`, `user_id`, `post_id`, `body`, `created_at`, `updated_at`) VALUES (32, 32, 32, 'Placeat iure ullam rem ea iure quibusdam nemo quas. Itaque ab officia aspernatur consequuntur pariatur blanditiis blanditiis illum.', '1988-03-15 19:23:51', '1993-02-05 18:38:45');
INSERT INTO `comments` (`id`, `user_id`, `post_id`, `body`, `created_at`, `updated_at`) VALUES (33, 33, 33, 'Consequatur at dolorem sequi rerum id ipsum earum. Sit accusamus sequi quod ea consectetur odit qui. Voluptates aspernatur a doloribus quibusdam. Voluptatem impedit molestias ratione ducimus corrupti. Saepe ut non nesciunt commodi.', '2018-01-17 12:32:07', '2016-03-08 08:54:49');
INSERT INTO `comments` (`id`, `user_id`, `post_id`, `body`, `created_at`, `updated_at`) VALUES (34, 34, 34, 'Ab eaque rerum voluptates repellendus architecto. Quia nobis quo omnis omnis enim soluta. Et blanditiis et ullam dolorem accusantium expedita vel.', '2015-07-05 19:48:47', '2010-05-23 11:18:15');
INSERT INTO `comments` (`id`, `user_id`, `post_id`, `body`, `created_at`, `updated_at`) VALUES (35, 35, 35, 'Modi enim est velit laborum accusantium. Sapiente et rem consectetur. Dolorem qui et eum.', '2018-11-30 02:32:34', '2019-01-31 03:44:38');
INSERT INTO `comments` (`id`, `user_id`, `post_id`, `body`, `created_at`, `updated_at`) VALUES (36, 36, 36, 'Ut quis enim veritatis vel qui suscipit. Eligendi est est perferendis reprehenderit. Voluptates debitis recusandae id corporis fugit nemo.', '2007-07-03 22:33:05', '2001-07-21 14:19:37');
INSERT INTO `comments` (`id`, `user_id`, `post_id`, `body`, `created_at`, `updated_at`) VALUES (37, 37, 37, 'Rerum minus neque totam sunt nemo earum quia perspiciatis. Eveniet quam labore aliquid quae explicabo tempora. Maxime est dolorum doloribus atque. Quaerat dolores ea quo aut animi qui aperiam.', '1970-04-07 18:49:42', '2000-02-14 04:39:09');
INSERT INTO `comments` (`id`, `user_id`, `post_id`, `body`, `created_at`, `updated_at`) VALUES (38, 38, 38, 'Nobis nam rerum culpa suscipit similique quis. Quia vitae accusantium voluptatibus ut ex nobis. Est odio inventore aut officiis recusandae non accusantium aperiam. Sunt temporibus blanditiis dicta dolores impedit.', '1983-12-29 17:28:24', '2008-01-08 15:54:16');
INSERT INTO `comments` (`id`, `user_id`, `post_id`, `body`, `created_at`, `updated_at`) VALUES (39, 39, 39, 'Nisi et dicta modi. Veniam et veniam nobis itaque accusamus in iste. Et ipsa temporibus minima nesciunt et. Velit autem aliquam itaque earum.', '2002-01-10 00:54:26', '2004-08-19 11:38:29');
INSERT INTO `comments` (`id`, `user_id`, `post_id`, `body`, `created_at`, `updated_at`) VALUES (40, 40, 40, 'Nihil reiciendis et beatae fugiat magni officiis reprehenderit. Iure repellat voluptatum quo aliquid. Dolorem deleniti est incidunt aliquid omnis.', '1971-06-02 02:27:36', '1997-07-31 15:28:01');
INSERT INTO `comments` (`id`, `user_id`, `post_id`, `body`, `created_at`, `updated_at`) VALUES (41, 41, 41, 'A ducimus dolorem aliquam maxime nam qui. Ducimus doloremque ullam autem sed sed rerum. Quia assumenda recusandae molestiae voluptate maiores assumenda occaecati. Saepe cupiditate id dolores in enim tenetur iusto. In pariatur nihil incidunt est maiores.', '1974-11-03 13:46:57', '1987-04-13 01:24:00');
INSERT INTO `comments` (`id`, `user_id`, `post_id`, `body`, `created_at`, `updated_at`) VALUES (42, 42, 42, 'Enim molestias nemo est distinctio accusantium reprehenderit dolorem. Architecto doloribus aspernatur dolor et repudiandae architecto. Nulla repudiandae deserunt iste expedita pariatur voluptatibus.', '2019-04-16 04:37:24', '1973-01-10 23:44:03');
INSERT INTO `comments` (`id`, `user_id`, `post_id`, `body`, `created_at`, `updated_at`) VALUES (43, 43, 43, 'Sit molestias inventore dolores qui. Est dignissimos laborum porro et voluptatem. Labore sed mollitia est culpa quam repellat quas delectus. Quisquam ut et corrupti maiores.', '2016-12-23 15:45:03', '1973-04-28 07:46:12');
INSERT INTO `comments` (`id`, `user_id`, `post_id`, `body`, `created_at`, `updated_at`) VALUES (44, 44, 44, 'Assumenda beatae et in quis enim nesciunt qui. Eveniet inventore hic nostrum tempore. Impedit tenetur fugit repellendus illum. Quo modi hic consequatur nam assumenda ab qui.', '2014-10-29 21:20:54', '1990-12-18 11:22:06');
INSERT INTO `comments` (`id`, `user_id`, `post_id`, `body`, `created_at`, `updated_at`) VALUES (45, 45, 45, 'Fuga qui eaque sequi eligendi qui ducimus. Consequatur voluptatem voluptatem facilis autem consectetur similique. Quo voluptatibus voluptas et quia illum fugit est architecto. Error non deserunt iusto asperiores explicabo animi.', '2005-06-01 04:26:13', '1984-06-17 07:22:50');
INSERT INTO `comments` (`id`, `user_id`, `post_id`, `body`, `created_at`, `updated_at`) VALUES (46, 46, 46, 'Cum non ab voluptate perferendis totam distinctio autem. Dolore optio voluptas magnam nihil at eos. Cumque dolore occaecati dolor deserunt sapiente. Rerum suscipit dicta voluptatibus aperiam nesciunt facilis. Sequi laboriosam excepturi cumque ut aut necessitatibus neque.', '1997-11-09 03:20:04', '2011-11-20 08:31:29');
INSERT INTO `comments` (`id`, `user_id`, `post_id`, `body`, `created_at`, `updated_at`) VALUES (47, 47, 47, 'Et voluptas eos est minima omnis sunt amet molestias. Ut deleniti sequi dolore error earum at totam id. Tempore sapiente dolorem eveniet dolor qui sint error optio.', '1986-05-26 15:28:23', '1990-02-16 15:11:09');
INSERT INTO `comments` (`id`, `user_id`, `post_id`, `body`, `created_at`, `updated_at`) VALUES (48, 48, 48, 'Enim maiores sed quae est dolores. Delectus distinctio sed maiores. Fugiat quisquam omnis dolorum cumque quia error quia. Vel sunt molestiae debitis aliquid.', '1982-05-15 09:24:22', '2006-06-02 23:46:59');
INSERT INTO `comments` (`id`, `user_id`, `post_id`, `body`, `created_at`, `updated_at`) VALUES (49, 49, 49, 'Est est nam omnis enim sequi sint. Ad voluptas velit neque. Est aut eligendi laboriosam tempore fuga inventore quia. Atque nam inventore aperiam dolor magnam nobis.', '1988-01-27 06:14:07', '2018-10-07 07:18:30');
INSERT INTO `comments` (`id`, `user_id`, `post_id`, `body`, `created_at`, `updated_at`) VALUES (50, 50, 50, 'Non a dolore quia voluptatum consequatur laudantium aut ut. Consequatur sequi numquam ut placeat rerum. Id ducimus voluptatibus ipsum et eius ullam. Nulla doloribus ut sed pariatur veniam repudiandae.', '1994-07-04 22:26:38', '1976-09-09 18:58:14');
INSERT INTO `comments` (`id`, `user_id`, `post_id`, `body`, `created_at`, `updated_at`) VALUES (51, 51, 51, 'Minus numquam earum ut accusamus tenetur impedit. Earum tenetur pariatur molestiae tempora. Consequatur et quia assumenda qui nostrum voluptatem modi.', '1979-12-13 08:56:43', '1975-01-17 22:32:31');
INSERT INTO `comments` (`id`, `user_id`, `post_id`, `body`, `created_at`, `updated_at`) VALUES (52, 52, 52, 'Consequatur molestias tempore et excepturi aut et. Iure et culpa consequuntur voluptatem alias saepe. In hic id facilis temporibus vero.', '2005-07-29 03:20:49', '2008-09-04 17:21:04');
INSERT INTO `comments` (`id`, `user_id`, `post_id`, `body`, `created_at`, `updated_at`) VALUES (53, 53, 53, 'Pariatur eaque et inventore iste eius quas. Officiis omnis libero aut reprehenderit sed. Doloribus id harum provident voluptatibus eos. Saepe sapiente facere voluptas non suscipit dignissimos quidem. Saepe recusandae molestiae commodi eos magnam aut esse.', '1991-06-26 13:34:32', '1998-09-02 23:18:18');
INSERT INTO `comments` (`id`, `user_id`, `post_id`, `body`, `created_at`, `updated_at`) VALUES (54, 54, 54, 'Consequatur est iusto maiores consequatur quas non. In quasi ut minima alias autem quo nam. Voluptas dicta pariatur ut explicabo ratione facilis.', '2006-07-29 19:11:39', '1970-07-14 01:42:24');
INSERT INTO `comments` (`id`, `user_id`, `post_id`, `body`, `created_at`, `updated_at`) VALUES (55, 55, 55, 'Vero vitae sed enim qui doloremque magnam. Voluptatem eos et consectetur maiores commodi nihil facere. Ut explicabo temporibus omnis velit nobis. Doloremque libero asperiores eligendi reprehenderit deleniti. Quo dolores sed dolores est culpa quaerat voluptates.', '2019-04-11 14:24:33', '1991-10-21 00:57:51');
INSERT INTO `comments` (`id`, `user_id`, `post_id`, `body`, `created_at`, `updated_at`) VALUES (56, 56, 56, 'Officia quos consequatur est numquam qui veritatis. Quasi asperiores ducimus ab voluptates. Aut voluptatibus itaque possimus ducimus ex esse qui nam.', '1985-02-13 04:33:40', '1988-09-20 22:28:31');
INSERT INTO `comments` (`id`, `user_id`, `post_id`, `body`, `created_at`, `updated_at`) VALUES (57, 57, 57, 'Eaque iure quae quibusdam ut distinctio ut. Neque est facere accusamus sit sapiente. Quam explicabo saepe iste a non.', '2007-12-23 14:27:01', '2011-06-09 09:54:11');
INSERT INTO `comments` (`id`, `user_id`, `post_id`, `body`, `created_at`, `updated_at`) VALUES (58, 58, 58, 'Perferendis voluptas rerum aliquid placeat et sit. Voluptate quaerat quam nihil quibusdam nobis qui. Sint eum est est quia et expedita.', '1976-08-08 02:37:50', '1988-07-23 21:40:37');
INSERT INTO `comments` (`id`, `user_id`, `post_id`, `body`, `created_at`, `updated_at`) VALUES (59, 59, 59, 'Molestiae et animi optio occaecati quia qui. Dolorem qui deleniti autem explicabo repellat ducimus earum. A enim eum corporis est cum soluta et qui. Quaerat rerum voluptas quas incidunt. Aut vel quam enim dolorum.', '2011-04-14 19:22:40', '1998-03-08 23:30:20');
INSERT INTO `comments` (`id`, `user_id`, `post_id`, `body`, `created_at`, `updated_at`) VALUES (60, 60, 60, 'Quo odit ut id non voluptas. Dicta molestiae necessitatibus ut qui dolorum nulla. Alias saepe possimus et.', '1991-03-15 09:27:05', '1991-03-29 16:09:00');
INSERT INTO `comments` (`id`, `user_id`, `post_id`, `body`, `created_at`, `updated_at`) VALUES (61, 61, 61, 'Id esse eligendi consequatur omnis at porro dolores. Vero id consectetur repellendus id. Ullam labore ducimus id quo distinctio. Repudiandae ut minima sit deserunt vero facilis.', '1981-10-15 00:50:08', '1992-03-14 03:57:13');
INSERT INTO `comments` (`id`, `user_id`, `post_id`, `body`, `created_at`, `updated_at`) VALUES (62, 62, 62, 'Dolores blanditiis animi ipsum quia dolore qui veritatis. Harum mollitia eveniet quos suscipit aut officiis vel. Provident deleniti aut eveniet excepturi. Quia laboriosam sunt molestiae nulla.', '1973-07-06 16:15:40', '1979-01-11 11:53:15');
INSERT INTO `comments` (`id`, `user_id`, `post_id`, `body`, `created_at`, `updated_at`) VALUES (63, 63, 63, 'Dolorem tempore molestiae aliquid enim et. Quisquam unde et quo. Dignissimos qui quis dolore. Quam voluptas possimus dicta rerum et.', '2013-06-26 16:38:52', '1991-10-02 14:13:19');
INSERT INTO `comments` (`id`, `user_id`, `post_id`, `body`, `created_at`, `updated_at`) VALUES (64, 64, 64, 'Consequuntur a ipsam est. Dolore corrupti fugit magnam. Harum nisi rerum in.', '1971-05-15 22:59:47', '1996-03-07 05:24:59');
INSERT INTO `comments` (`id`, `user_id`, `post_id`, `body`, `created_at`, `updated_at`) VALUES (65, 65, 65, 'Dolores et rerum iusto. Voluptatem suscipit tempore est architecto quaerat et. Non nobis ut sunt natus voluptatum.', '2005-02-19 15:58:58', '2019-09-25 23:06:25');
INSERT INTO `comments` (`id`, `user_id`, `post_id`, `body`, `created_at`, `updated_at`) VALUES (66, 66, 66, 'Accusantium dolorem veniam sit veniam nemo deserunt quidem. Ut voluptatem quas omnis voluptatem minima voluptas.', '1970-10-22 16:37:36', '1987-01-26 06:04:12');
INSERT INTO `comments` (`id`, `user_id`, `post_id`, `body`, `created_at`, `updated_at`) VALUES (67, 67, 67, 'Delectus magni quidem reprehenderit vel explicabo in. Voluptatem aut nam optio dicta et ut. Consequuntur ut voluptate qui. Voluptatum velit exercitationem quod aliquam.', '1983-11-06 17:05:34', '2003-03-02 13:20:01');
INSERT INTO `comments` (`id`, `user_id`, `post_id`, `body`, `created_at`, `updated_at`) VALUES (68, 68, 68, 'Iste necessitatibus corporis numquam soluta corrupti molestias. Qui minima quod quam qui. Molestias omnis aliquid nostrum quia voluptatem velit delectus. Qui aut itaque sunt et modi pariatur.', '2014-01-30 19:33:37', '2019-05-02 01:13:35');
INSERT INTO `comments` (`id`, `user_id`, `post_id`, `body`, `created_at`, `updated_at`) VALUES (69, 69, 69, 'Ut optio aut consequatur velit. Nihil distinctio asperiores rerum architecto minima et nulla. Omnis corrupti deleniti ratione similique iste.', '1996-04-27 00:09:18', '1999-12-20 03:29:33');
INSERT INTO `comments` (`id`, `user_id`, `post_id`, `body`, `created_at`, `updated_at`) VALUES (70, 70, 70, 'Aspernatur quis iste totam consequatur voluptatem voluptatem. Qui exercitationem enim ex minus. Ut aliquid nobis explicabo explicabo. Maxime ea sed reiciendis deleniti ducimus rerum tempora et.', '2019-09-05 18:17:37', '1984-12-25 15:00:49');
INSERT INTO `comments` (`id`, `user_id`, `post_id`, `body`, `created_at`, `updated_at`) VALUES (71, 71, 71, 'Adipisci non ut consequatur magnam est reiciendis rerum. Exercitationem fuga ipsum magni est. Harum alias et porro qui officiis. Qui consequatur esse eum.', '1985-04-05 21:51:42', '2019-01-26 11:49:08');
INSERT INTO `comments` (`id`, `user_id`, `post_id`, `body`, `created_at`, `updated_at`) VALUES (72, 72, 72, 'Perferendis facilis nostrum officiis culpa qui soluta magni. Consequuntur corporis vitae inventore quia consequatur. Eos sint quis quasi at fugit. Sed temporibus et quibusdam consequatur itaque delectus.', '1981-07-09 13:28:31', '1988-04-02 03:00:07');
INSERT INTO `comments` (`id`, `user_id`, `post_id`, `body`, `created_at`, `updated_at`) VALUES (73, 73, 73, 'Veritatis saepe omnis dolore aut. Dolorem nemo quis vel omnis. Debitis necessitatibus quidem dolorem eveniet. Et aut tenetur enim.', '1999-01-09 01:58:08', '2009-01-29 02:34:58');
INSERT INTO `comments` (`id`, `user_id`, `post_id`, `body`, `created_at`, `updated_at`) VALUES (74, 74, 74, 'Est aut porro incidunt eveniet id. At eum necessitatibus cumque eaque hic sit. Aliquid expedita minus non nisi perferendis. Ut distinctio eius eius vel modi quaerat.', '1971-01-29 07:44:08', '2016-12-22 11:27:17');
INSERT INTO `comments` (`id`, `user_id`, `post_id`, `body`, `created_at`, `updated_at`) VALUES (75, 75, 75, 'Molestiae ducimus inventore ad excepturi quasi ratione. Sed dolores mollitia nihil omnis sed officia. Non veniam eum et ab qui explicabo quisquam eius.', '1981-12-11 16:54:27', '1985-02-12 04:21:26');
INSERT INTO `comments` (`id`, `user_id`, `post_id`, `body`, `created_at`, `updated_at`) VALUES (76, 76, 76, 'Perferendis delectus illo et cupiditate ullam qui. Ea praesentium et enim aut aut laborum sapiente. Facilis tempore iusto qui alias.', '1999-04-26 06:52:58', '2003-10-27 16:50:58');
INSERT INTO `comments` (`id`, `user_id`, `post_id`, `body`, `created_at`, `updated_at`) VALUES (77, 77, 77, 'Nobis tenetur in quia vitae eos doloribus. Architecto doloremque consequatur dolores impedit id. Cum quis dicta quam sit vitae. Laborum est numquam aliquid qui voluptate cumque alias.', '2018-07-04 18:57:27', '2009-06-10 05:17:46');
INSERT INTO `comments` (`id`, `user_id`, `post_id`, `body`, `created_at`, `updated_at`) VALUES (78, 78, 78, 'Eum tempore autem rerum natus quod sed odit. Libero accusamus maiores cumque eos ab vel aut. Optio dolores rerum ad inventore cupiditate. Dolore est rerum optio similique autem et.', '1999-12-10 03:08:25', '1991-05-03 22:49:37');
INSERT INTO `comments` (`id`, `user_id`, `post_id`, `body`, `created_at`, `updated_at`) VALUES (79, 79, 79, 'Et mollitia quia culpa nam consectetur. Ab minus veritatis numquam. Laudantium reprehenderit esse est magnam temporibus.', '2008-06-18 02:15:03', '1983-09-05 06:03:24');
INSERT INTO `comments` (`id`, `user_id`, `post_id`, `body`, `created_at`, `updated_at`) VALUES (80, 80, 80, 'Enim fugit qui et ut ratione. Quisquam illo voluptas quas fugiat in. Tempora culpa cupiditate sunt illum qui molestiae. Ea et maiores et qui modi.', '1971-01-08 07:54:45', '2018-10-22 01:15:21');
INSERT INTO `comments` (`id`, `user_id`, `post_id`, `body`, `created_at`, `updated_at`) VALUES (81, 81, 81, 'Tempora consectetur quia vero ea. Nisi iste et non qui doloremque ut natus eum.', '1995-03-26 19:03:29', '2019-11-22 00:41:56');
INSERT INTO `comments` (`id`, `user_id`, `post_id`, `body`, `created_at`, `updated_at`) VALUES (82, 82, 82, 'Itaque perspiciatis corrupti non id. Architecto ut ullam qui cupiditate eius voluptatem. Ullam reiciendis enim voluptatem ut dolores quidem sint. Sit laboriosam quae ut inventore qui.', '2012-12-14 23:51:36', '2003-03-26 13:35:19');
INSERT INTO `comments` (`id`, `user_id`, `post_id`, `body`, `created_at`, `updated_at`) VALUES (83, 83, 83, 'Saepe assumenda sint excepturi magnam enim. Et quas fugiat iure ipsa. Perspiciatis quaerat eveniet nam minus ratione.', '1995-09-24 14:14:10', '1998-01-27 00:45:16');
INSERT INTO `comments` (`id`, `user_id`, `post_id`, `body`, `created_at`, `updated_at`) VALUES (84, 84, 84, 'Molestiae voluptatem eum earum quia hic cupiditate sed. Eveniet ratione accusantium in amet. Placeat voluptatum est qui cum nemo earum.', '2007-08-19 09:09:54', '1990-08-09 15:17:50');
INSERT INTO `comments` (`id`, `user_id`, `post_id`, `body`, `created_at`, `updated_at`) VALUES (85, 85, 85, 'Non autem impedit occaecati quam. Voluptatem eius id culpa porro facere laudantium minus eum. Voluptatem qui cumque quia ut qui ut voluptatum.', '2014-07-24 10:30:12', '1993-06-07 02:26:00');
INSERT INTO `comments` (`id`, `user_id`, `post_id`, `body`, `created_at`, `updated_at`) VALUES (86, 86, 86, 'Commodi at velit explicabo quibusdam quisquam consequatur maiores. Sed aut doloremque veniam sunt aliquam. Ea laboriosam enim voluptates sit maiores. Dolores excepturi facere aut iure sequi molestiae.', '1982-06-19 22:09:08', '1980-11-06 23:50:22');
INSERT INTO `comments` (`id`, `user_id`, `post_id`, `body`, `created_at`, `updated_at`) VALUES (87, 87, 87, 'Expedita omnis adipisci sapiente ducimus eum commodi veniam. Ducimus soluta id veniam non. Quae totam dolorem non temporibus.', '1974-04-13 02:30:04', '2012-08-02 02:16:09');
INSERT INTO `comments` (`id`, `user_id`, `post_id`, `body`, `created_at`, `updated_at`) VALUES (88, 88, 88, 'Nemo eius in laboriosam sunt. Consequuntur voluptas aut dicta cupiditate quia maxime.', '2002-02-05 22:07:36', '2011-04-27 04:53:10');
INSERT INTO `comments` (`id`, `user_id`, `post_id`, `body`, `created_at`, `updated_at`) VALUES (89, 89, 89, 'Error aut nemo molestiae fuga voluptatem ea. Rem repellendus doloribus impedit nostrum quam quaerat. Similique omnis neque nam numquam ut debitis.', '1984-12-13 02:20:43', '1989-05-23 17:34:27');
INSERT INTO `comments` (`id`, `user_id`, `post_id`, `body`, `created_at`, `updated_at`) VALUES (90, 90, 90, 'Rerum nihil eveniet aut iure accusamus illum molestiae. Blanditiis ut corporis laborum quo qui et cum quo. Veniam qui praesentium iusto asperiores nesciunt. Harum quia rerum et maxime.', '1972-04-29 08:28:05', '1978-06-07 00:11:17');
INSERT INTO `comments` (`id`, `user_id`, `post_id`, `body`, `created_at`, `updated_at`) VALUES (91, 91, 91, 'Neque explicabo quia recusandae distinctio esse laborum. At quisquam et nulla voluptatum. Est voluptas rerum cum harum rem harum nisi.', '1984-05-28 06:58:50', '2017-08-04 14:02:09');
INSERT INTO `comments` (`id`, `user_id`, `post_id`, `body`, `created_at`, `updated_at`) VALUES (92, 92, 92, 'Dicta et numquam asperiores aut. Ea voluptatem sit enim numquam rerum. Aut eos laudantium aut tempora rerum. Consequatur optio illo id quidem quibusdam esse.', '2009-11-04 21:57:39', '1978-09-06 23:01:55');
INSERT INTO `comments` (`id`, `user_id`, `post_id`, `body`, `created_at`, `updated_at`) VALUES (93, 93, 93, 'Repellendus ex consequatur velit velit soluta repudiandae et. Sint voluptate eum consequatur consequatur animi dolorem harum. Reprehenderit et sit deleniti sapiente. Enim veritatis illum cupiditate.', '1981-08-18 14:39:31', '2011-08-20 10:20:58');
INSERT INTO `comments` (`id`, `user_id`, `post_id`, `body`, `created_at`, `updated_at`) VALUES (94, 94, 94, 'Quis sequi quis atque aut adipisci architecto. Sint doloribus et cupiditate adipisci id aliquam. Reiciendis amet ab ipsa in fugiat placeat.', '1991-12-14 21:57:40', '2008-10-08 10:50:48');
INSERT INTO `comments` (`id`, `user_id`, `post_id`, `body`, `created_at`, `updated_at`) VALUES (95, 95, 95, 'Eius ab quia minima provident ipsum eaque nostrum. Non in facilis dolor occaecati. Praesentium dolores molestiae nihil suscipit hic et excepturi. Numquam corrupti eos placeat aut voluptas possimus itaque.', '2005-11-11 08:34:01', '1999-04-26 08:59:52');
INSERT INTO `comments` (`id`, `user_id`, `post_id`, `body`, `created_at`, `updated_at`) VALUES (96, 96, 96, 'Similique ratione perferendis neque quaerat asperiores in. Qui atque quo numquam quibusdam autem tenetur.', '1990-05-21 18:39:55', '2010-07-08 16:02:13');
INSERT INTO `comments` (`id`, `user_id`, `post_id`, `body`, `created_at`, `updated_at`) VALUES (97, 97, 97, 'Odit nesciunt aut facilis molestiae enim fugit explicabo. Ratione mollitia unde veniam blanditiis doloremque. Sed distinctio autem qui tempora qui eius iste. Consequatur sunt voluptates consectetur.', '2005-03-17 05:39:25', '1996-05-01 00:12:21');
INSERT INTO `comments` (`id`, `user_id`, `post_id`, `body`, `created_at`, `updated_at`) VALUES (98, 98, 98, 'Provident rerum aut est dolorum ratione animi. Excepturi ut sint rem optio vero. Debitis quos ut optio eius.', '1991-05-11 01:21:36', '1995-04-27 08:43:52');
INSERT INTO `comments` (`id`, `user_id`, `post_id`, `body`, `created_at`, `updated_at`) VALUES (99, 99, 99, 'Eum ipsam beatae eligendi tempora ratione et. Vel qui autem facilis voluptas. Eos assumenda odit voluptatem nemo sapiente et totam.', '1976-12-02 02:15:00', '1990-04-09 16:22:44');
INSERT INTO `comments` (`id`, `user_id`, `post_id`, `body`, `created_at`, `updated_at`) VALUES (100, 100, 100, 'Sequi reiciendis optio ea quidem sed. Aut sunt aliquid aut debitis et. Omnis doloribus quis consequuntur architecto non laboriosam. Harum hic et facilis explicabo enim alias.', '1972-08-21 21:53:45', '2018-09-14 08:57:51');
INSERT INTO `comments` (`id`, `user_id`, `post_id`, `body`, `created_at`, `updated_at`) VALUES (101, 1, 101, 'Molestiae qui expedita accusantium neque omnis doloribus mollitia. Architecto est ullam excepturi aperiam. Quia est nobis molestiae quis ex tempora sed. Consequatur sequi ducimus dolore vel dolor. Vel culpa suscipit tenetur et quia aliquam consequatur.', '2005-06-28 22:31:54', '2007-11-26 00:04:01');
INSERT INTO `comments` (`id`, `user_id`, `post_id`, `body`, `created_at`, `updated_at`) VALUES (102, 2, 102, 'Aliquid libero sit tempore quos adipisci corrupti voluptate. Ipsam et fugit totam possimus nam. Quisquam exercitationem et tempora pariatur et.', '1991-07-28 03:13:32', '2005-02-15 19:56:49');
INSERT INTO `comments` (`id`, `user_id`, `post_id`, `body`, `created_at`, `updated_at`) VALUES (103, 3, 103, 'Aut libero rem maiores nihil nihil vitae. Debitis nemo fugiat assumenda eligendi magnam repellendus. Ducimus magnam expedita iure ut quo.', '1996-09-05 04:29:39', '1997-12-24 18:02:56');
INSERT INTO `comments` (`id`, `user_id`, `post_id`, `body`, `created_at`, `updated_at`) VALUES (104, 4, 104, 'At quas molestiae sint voluptas quidem enim cumque sit. Suscipit quo nobis quasi sint praesentium quisquam tempore. Blanditiis et voluptatem aut non. Dolorum voluptatem optio in quam.', '2011-11-06 08:05:31', '2000-01-25 10:42:52');
INSERT INTO `comments` (`id`, `user_id`, `post_id`, `body`, `created_at`, `updated_at`) VALUES (105, 5, 105, 'Est aut voluptas consectetur molestias consequatur. Esse non sed doloribus mollitia. Nihil occaecati aut possimus nostrum iure culpa soluta. Eaque molestias autem nemo ut dolorem rem. Molestiae commodi hic adipisci nemo earum.', '2011-11-20 14:26:44', '1983-03-23 20:33:26');
INSERT INTO `comments` (`id`, `user_id`, `post_id`, `body`, `created_at`, `updated_at`) VALUES (106, 6, 106, 'Modi atque est maxime. Ut blanditiis ullam in consequuntur dolorem harum aut aliquid. Et porro totam et facere id aliquam. Qui voluptate vero deleniti.', '2019-07-12 13:32:19', '1999-01-18 03:34:15');
INSERT INTO `comments` (`id`, `user_id`, `post_id`, `body`, `created_at`, `updated_at`) VALUES (107, 7, 107, 'Molestiae quod nam tenetur asperiores voluptas quia. Quae et dolorem ratione qui. Velit nesciunt sunt tempore quibusdam et.', '1976-03-03 03:54:13', '1996-10-20 14:40:53');
INSERT INTO `comments` (`id`, `user_id`, `post_id`, `body`, `created_at`, `updated_at`) VALUES (108, 8, 108, 'Non excepturi autem possimus dolore ut placeat. Quo recusandae eius animi facilis. Velit voluptates rerum earum. Nihil ea autem officia quisquam earum aut.', '2016-03-06 20:27:43', '1992-07-08 18:03:09');
INSERT INTO `comments` (`id`, `user_id`, `post_id`, `body`, `created_at`, `updated_at`) VALUES (109, 9, 109, 'Facere dolorem et quibusdam omnis odio. Voluptatem magnam delectus adipisci debitis. Rerum aliquid dignissimos dolor rerum et aliquam voluptatum exercitationem.', '1987-02-12 07:55:49', '1995-10-18 00:52:50');
INSERT INTO `comments` (`id`, `user_id`, `post_id`, `body`, `created_at`, `updated_at`) VALUES (110, 10, 110, 'Ut rerum ipsa atque. Fuga est eaque nostrum dolores. Maiores quisquam omnis qui eos veniam deleniti. Porro quas perspiciatis molestiae est animi quaerat enim.', '1982-07-14 21:05:16', '2004-03-29 15:43:29');
INSERT INTO `comments` (`id`, `user_id`, `post_id`, `body`, `created_at`, `updated_at`) VALUES (111, 11, 111, 'Et sit assumenda rerum pariatur placeat magnam. Pariatur perspiciatis nemo non. Autem doloremque dolores reprehenderit eligendi culpa aut. Quia quaerat blanditiis minus.', '1970-06-21 06:13:21', '1988-01-05 09:15:28');
INSERT INTO `comments` (`id`, `user_id`, `post_id`, `body`, `created_at`, `updated_at`) VALUES (112, 12, 112, 'Nihil optio tempore qui cupiditate a. Consectetur et commodi magni alias.', '1975-11-18 16:36:07', '2004-06-05 05:11:08');
INSERT INTO `comments` (`id`, `user_id`, `post_id`, `body`, `created_at`, `updated_at`) VALUES (113, 13, 113, 'Molestiae voluptatibus accusantium fuga ut praesentium qui non omnis. Accusantium ipsa doloribus optio aspernatur. Expedita quam et qui et rerum excepturi. Voluptatem qui ea est.', '1991-03-02 02:14:45', '1990-01-13 02:49:13');
INSERT INTO `comments` (`id`, `user_id`, `post_id`, `body`, `created_at`, `updated_at`) VALUES (114, 14, 114, 'Consequatur sunt unde aut et quis delectus rerum harum. Error est repellendus sit neque rerum. Minus laudantium et nam provident ut. Sunt quia ut repudiandae ipsa doloribus.', '1983-03-29 17:34:15', '1982-10-29 12:57:46');
INSERT INTO `comments` (`id`, `user_id`, `post_id`, `body`, `created_at`, `updated_at`) VALUES (115, 15, 115, 'Atque accusantium qui ipsam cumque est aliquam. Consequatur qui soluta minus accusantium et. A inventore voluptatibus nisi aut illum. Ab nam ducimus totam illo sint.', '1992-04-23 20:29:58', '1983-03-25 20:03:02');
INSERT INTO `comments` (`id`, `user_id`, `post_id`, `body`, `created_at`, `updated_at`) VALUES (116, 16, 116, 'Repellendus possimus quaerat ab voluptas autem saepe quisquam. Voluptas et ut sunt dolorem. Ex provident soluta autem voluptates illo accusantium illo culpa. Voluptatem a quaerat doloremque autem non dolore.', '2004-11-08 05:08:24', '2014-04-26 19:12:44');
INSERT INTO `comments` (`id`, `user_id`, `post_id`, `body`, `created_at`, `updated_at`) VALUES (117, 17, 117, 'Autem adipisci est sit ut. Assumenda aliquid optio quisquam voluptatem. Ratione sed similique vel eum. Excepturi soluta voluptas exercitationem quis culpa architecto pariatur.', '1971-02-12 11:45:20', '1975-10-27 03:52:05');
INSERT INTO `comments` (`id`, `user_id`, `post_id`, `body`, `created_at`, `updated_at`) VALUES (118, 18, 118, 'Reiciendis rem ducimus officiis quae quidem. Recusandae molestiae sed aliquid sed maiores nostrum illum. Nobis a ut ex qui. Architecto distinctio est dolore.', '1971-07-20 23:38:01', '1989-05-15 10:26:32');
INSERT INTO `comments` (`id`, `user_id`, `post_id`, `body`, `created_at`, `updated_at`) VALUES (119, 19, 119, 'Qui voluptas sed quis. Sunt non aut fugiat ut non. Dolorem ipsum est vel officiis ipsam. Amet qui eos praesentium vel dolorem.', '1995-01-08 03:16:45', '2014-06-01 08:29:12');
INSERT INTO `comments` (`id`, `user_id`, `post_id`, `body`, `created_at`, `updated_at`) VALUES (120, 20, 120, 'Autem dolore maxime aperiam eveniet ab perspiciatis hic. Ab temporibus asperiores quia laboriosam laudantium. Quis quos dolorum est amet illo. Tempore aperiam sunt distinctio voluptatem possimus rerum provident voluptates.', '1992-05-28 22:59:55', '2017-11-02 10:27:03');
INSERT INTO `comments` (`id`, `user_id`, `post_id`, `body`, `created_at`, `updated_at`) VALUES (121, 21, 121, 'Aut molestias ut veritatis rerum. Minus aut quo ea est accusantium totam nisi.', '1994-02-14 14:14:32', '2014-05-20 22:56:44');
INSERT INTO `comments` (`id`, `user_id`, `post_id`, `body`, `created_at`, `updated_at`) VALUES (122, 22, 122, 'Nobis laborum perferendis deleniti qui quia culpa consectetur. Laboriosam et sint maiores dolore et est quas dolore. Qui nesciunt nemo facere sit.', '1997-06-04 01:56:51', '1982-06-15 18:42:51');
INSERT INTO `comments` (`id`, `user_id`, `post_id`, `body`, `created_at`, `updated_at`) VALUES (123, 23, 123, 'Aspernatur natus molestias accusantium. Cum occaecati autem est. Voluptas veritatis ut et est veniam explicabo.', '2009-01-13 16:16:28', '1984-10-09 13:24:44');
INSERT INTO `comments` (`id`, `user_id`, `post_id`, `body`, `created_at`, `updated_at`) VALUES (124, 24, 124, 'Veritatis tenetur et consequatur. Omnis aliquam atque ducimus sint et sed temporibus velit. Ea ad eius perferendis nemo aut saepe.', '2000-10-12 12:13:51', '2003-11-23 18:21:24');
INSERT INTO `comments` (`id`, `user_id`, `post_id`, `body`, `created_at`, `updated_at`) VALUES (125, 25, 125, 'Ut esse architecto autem autem voluptas. Et blanditiis optio debitis vel officia nesciunt dolor eos. Cupiditate occaecati debitis et consequatur.', '2020-01-18 20:41:23', '1983-10-13 20:20:40');
INSERT INTO `comments` (`id`, `user_id`, `post_id`, `body`, `created_at`, `updated_at`) VALUES (126, 26, 126, 'Natus nisi inventore sequi nisi et omnis. Deleniti mollitia non odit omnis ipsa quaerat voluptates repudiandae. Vero maxime dignissimos sint. Error alias et aut et nulla nam illum.', '1980-11-27 15:55:20', '2005-01-10 07:18:58');
INSERT INTO `comments` (`id`, `user_id`, `post_id`, `body`, `created_at`, `updated_at`) VALUES (127, 27, 127, 'Et sapiente voluptatem voluptas aut dolorem nam. Commodi aliquam vel qui amet sed. Et reprehenderit minus tempora necessitatibus facere.', '2019-05-25 03:52:46', '1977-03-23 09:46:23');
INSERT INTO `comments` (`id`, `user_id`, `post_id`, `body`, `created_at`, `updated_at`) VALUES (128, 28, 128, 'Doloremque omnis dolorem non. Aspernatur nam harum ut nostrum placeat est nemo. Eveniet quisquam accusamus similique sunt quibusdam est et. Sapiente assumenda ut animi.', '2003-03-09 09:02:52', '1978-12-21 13:02:51');
INSERT INTO `comments` (`id`, `user_id`, `post_id`, `body`, `created_at`, `updated_at`) VALUES (129, 29, 129, 'Et accusamus voluptas maiores maiores. Qui tempora cum aperiam autem suscipit eius itaque.', '1986-01-04 03:47:59', '1993-01-08 03:22:58');
INSERT INTO `comments` (`id`, `user_id`, `post_id`, `body`, `created_at`, `updated_at`) VALUES (130, 30, 130, 'Doloribus eligendi iure sint in voluptate quas fuga ut. Qui laborum nemo similique.', '2004-11-07 14:41:04', '1970-01-26 09:07:21');
INSERT INTO `comments` (`id`, `user_id`, `post_id`, `body`, `created_at`, `updated_at`) VALUES (131, 31, 131, 'Ex recusandae in repellat dolor nisi voluptas cumque. Amet perspiciatis omnis vero qui eius quae sunt. Assumenda velit fugiat et dicta doloribus. Non esse ea sunt.', '1992-09-04 00:39:56', '1993-10-07 02:54:57');
INSERT INTO `comments` (`id`, `user_id`, `post_id`, `body`, `created_at`, `updated_at`) VALUES (132, 32, 132, 'Vel mollitia dolores voluptas nesciunt rerum optio modi quis. Quisquam atque quis esse. Dicta non quia quis.', '1996-12-15 16:35:46', '2012-03-11 04:39:09');
INSERT INTO `comments` (`id`, `user_id`, `post_id`, `body`, `created_at`, `updated_at`) VALUES (133, 33, 133, 'Rerum eveniet provident illo et incidunt repudiandae consequatur. Molestiae aperiam aut odio est sint itaque quo. Repellat molestias in et reiciendis fugiat et ut. Vitae molestiae dolorum et eaque saepe. Cumque fuga similique aut minus aut.', '1992-06-15 13:07:11', '1975-12-26 01:56:28');
INSERT INTO `comments` (`id`, `user_id`, `post_id`, `body`, `created_at`, `updated_at`) VALUES (134, 34, 134, 'Tempore officiis nesciunt aspernatur odio ea eum adipisci doloremque. Consequatur non mollitia aut quibusdam ratione. Voluptatem sunt et qui. Aut libero provident odit pariatur molestiae et.', '1993-09-06 13:29:27', '2015-08-18 06:51:34');
INSERT INTO `comments` (`id`, `user_id`, `post_id`, `body`, `created_at`, `updated_at`) VALUES (135, 35, 135, 'Consequuntur sunt consequatur iste voluptatem libero in. Ullam alias quis non nihil et eos iusto. Laudantium voluptatem excepturi et sapiente doloremque quam optio.', '1992-05-04 01:11:13', '2005-06-05 09:08:47');
INSERT INTO `comments` (`id`, `user_id`, `post_id`, `body`, `created_at`, `updated_at`) VALUES (136, 36, 136, 'Deleniti molestias sit eos repellendus. Repudiandae et provident et reprehenderit.', '1970-06-05 18:50:57', '2013-03-25 06:44:37');
INSERT INTO `comments` (`id`, `user_id`, `post_id`, `body`, `created_at`, `updated_at`) VALUES (137, 37, 137, 'Reiciendis sit natus nihil sit et harum. Adipisci commodi quo eum autem. Ipsam neque dolor adipisci nemo quas a. Magnam placeat eum eum assumenda in et.', '2015-06-22 03:45:28', '1973-11-08 20:43:31');
INSERT INTO `comments` (`id`, `user_id`, `post_id`, `body`, `created_at`, `updated_at`) VALUES (138, 38, 138, 'Est voluptatem magnam aliquam ut quo. Ullam voluptas in voluptate beatae dolorum non occaecati. Error quae magnam vel velit. Non accusamus facilis voluptas autem earum nostrum.', '1998-04-05 03:50:10', '2012-02-17 22:12:31');
INSERT INTO `comments` (`id`, `user_id`, `post_id`, `body`, `created_at`, `updated_at`) VALUES (139, 39, 139, 'Dolores error accusamus dolor. Vitae aperiam itaque facilis architecto. Impedit tempora magni iste.', '1975-12-14 20:13:00', '1993-08-15 16:53:51');
INSERT INTO `comments` (`id`, `user_id`, `post_id`, `body`, `created_at`, `updated_at`) VALUES (140, 40, 140, 'Saepe similique omnis quibusdam facere cupiditate dolorum doloremque. Voluptatum qui quis reprehenderit et pariatur. Ad molestiae consequatur voluptatibus aut officiis atque nemo.', '1983-09-14 22:08:08', '1993-02-26 12:25:25');
INSERT INTO `comments` (`id`, `user_id`, `post_id`, `body`, `created_at`, `updated_at`) VALUES (141, 41, 141, 'Neque possimus dicta ad itaque officia exercitationem qui. Enim distinctio ut qui distinctio sunt. Debitis dolor tempora eum minima aut. Voluptatum ipsum et repellendus nisi.', '2016-09-14 06:37:34', '1985-08-04 18:08:31');
INSERT INTO `comments` (`id`, `user_id`, `post_id`, `body`, `created_at`, `updated_at`) VALUES (142, 42, 142, 'Incidunt ducimus accusamus sint voluptates ipsam et. Unde quidem earum et accusantium sunt asperiores ut. Odit suscipit enim non deserunt temporibus id sit. Ipsam ipsum sint mollitia dolores sint necessitatibus.', '1974-06-26 17:33:29', '1987-02-11 04:24:11');
INSERT INTO `comments` (`id`, `user_id`, `post_id`, `body`, `created_at`, `updated_at`) VALUES (143, 43, 143, 'Placeat qui sed dolorem et adipisci. Molestias qui voluptatem rerum rerum. Velit vero explicabo et quasi ipsa.', '1983-11-19 11:20:58', '2012-03-09 16:33:17');
INSERT INTO `comments` (`id`, `user_id`, `post_id`, `body`, `created_at`, `updated_at`) VALUES (144, 44, 144, 'Non sapiente minus et et aut qui enim nihil. Fugit neque culpa et et quos consequatur dolorem. Et omnis unde corrupti ut dignissimos voluptatem. Autem sunt odio et inventore.', '2019-07-15 04:03:27', '1973-08-08 01:06:40');
INSERT INTO `comments` (`id`, `user_id`, `post_id`, `body`, `created_at`, `updated_at`) VALUES (145, 45, 145, 'Eius nulla recusandae velit reiciendis quia. At corporis incidunt ut sint eligendi dicta architecto. Atque praesentium modi est consequuntur. Quia deserunt et qui suscipit molestiae.', '2015-04-25 02:07:03', '2010-01-07 11:08:48');
INSERT INTO `comments` (`id`, `user_id`, `post_id`, `body`, `created_at`, `updated_at`) VALUES (146, 46, 146, 'Veniam a mollitia consequuntur quam. Eum delectus sed consectetur officiis. Sint ea ullam libero ipsum repellendus.', '2017-05-28 11:39:42', '1977-08-06 00:36:53');
INSERT INTO `comments` (`id`, `user_id`, `post_id`, `body`, `created_at`, `updated_at`) VALUES (147, 47, 147, 'Nulla sapiente et doloribus numquam cumque voluptatem. Consequuntur rem eligendi et laboriosam dignissimos suscipit illo. Soluta nemo qui voluptas autem.', '1989-03-08 21:14:25', '1982-02-26 04:50:28');
INSERT INTO `comments` (`id`, `user_id`, `post_id`, `body`, `created_at`, `updated_at`) VALUES (148, 48, 148, 'Molestias in dolore minus expedita. Voluptatem aliquam eaque modi. Aut omnis laboriosam magnam et possimus dolorem.', '2003-11-25 07:48:58', '1996-11-01 13:15:25');
INSERT INTO `comments` (`id`, `user_id`, `post_id`, `body`, `created_at`, `updated_at`) VALUES (149, 49, 149, 'Similique illo vero laborum ea. Molestias corporis repudiandae ut sit exercitationem unde. Quos molestiae sunt reprehenderit et nihil asperiores et. Quia eum illo architecto ipsam ex voluptas molestiae libero.', '2006-05-29 05:36:45', '1973-08-11 09:11:42');
INSERT INTO `comments` (`id`, `user_id`, `post_id`, `body`, `created_at`, `updated_at`) VALUES (150, 50, 150, 'Culpa ab voluptates itaque vitae tempore quaerat voluptatum. Aspernatur culpa dolorum consequuntur ducimus reiciendis quia et. Deleniti nisi voluptate nisi deserunt rerum quia eos.', '1988-10-22 01:32:49', '1985-03-22 11:58:59');
INSERT INTO `comments` (`id`, `user_id`, `post_id`, `body`, `created_at`, `updated_at`) VALUES (151, 51, 151, 'Porro qui ipsum vero est ullam quis sunt. Ducimus quis sed quia atque omnis eos animi. Animi rerum rerum consequuntur odit accusantium illum aut.', '1974-09-13 06:27:44', '2015-04-16 13:17:58');
INSERT INTO `comments` (`id`, `user_id`, `post_id`, `body`, `created_at`, `updated_at`) VALUES (152, 52, 152, 'Placeat qui autem nesciunt quos nostrum molestias. Quis et aut vero minus sint praesentium. Dicta et eum ea delectus.', '1980-12-19 13:04:30', '2000-06-23 14:53:52');
INSERT INTO `comments` (`id`, `user_id`, `post_id`, `body`, `created_at`, `updated_at`) VALUES (153, 53, 153, 'Rerum odit modi qui possimus doloremque vel magnam. Perferendis similique mollitia aspernatur illum adipisci aut.', '2014-07-15 16:36:15', '2017-06-23 05:21:52');
INSERT INTO `comments` (`id`, `user_id`, `post_id`, `body`, `created_at`, `updated_at`) VALUES (154, 54, 154, 'Sit ullam voluptatem qui repudiandae. Nemo incidunt in autem consequatur omnis.', '2003-09-24 17:08:49', '1989-03-09 11:16:57');
INSERT INTO `comments` (`id`, `user_id`, `post_id`, `body`, `created_at`, `updated_at`) VALUES (155, 55, 155, 'Quia dolores sapiente pariatur ducimus aut non blanditiis voluptas. Enim ut iusto aliquid ex. Molestiae minima sint et fuga nihil. Consequatur quos fuga officiis vel quia.', '1978-03-28 03:51:43', '2014-07-26 21:40:13');
INSERT INTO `comments` (`id`, `user_id`, `post_id`, `body`, `created_at`, `updated_at`) VALUES (156, 56, 156, 'In libero est vel ut nisi est rerum. Autem amet voluptas non ad. Consequatur non et et minima sequi excepturi.', '1986-04-07 23:59:09', '2016-05-17 11:19:53');
INSERT INTO `comments` (`id`, `user_id`, `post_id`, `body`, `created_at`, `updated_at`) VALUES (157, 57, 157, 'Nulla dolorem voluptatem non dolorum quia qui quaerat. Totam unde est voluptas. Voluptas nobis et est perspiciatis doloribus expedita impedit.', '2000-09-02 07:51:13', '2011-12-19 07:09:25');
INSERT INTO `comments` (`id`, `user_id`, `post_id`, `body`, `created_at`, `updated_at`) VALUES (158, 58, 158, 'Repudiandae doloribus quos velit corporis unde doloribus. In illo possimus a magni labore incidunt. Voluptates eius omnis aut culpa vel facilis voluptas.', '1985-03-05 13:36:37', '2001-12-19 03:28:03');
INSERT INTO `comments` (`id`, `user_id`, `post_id`, `body`, `created_at`, `updated_at`) VALUES (159, 59, 159, 'Quia vero voluptatem quaerat commodi mollitia asperiores error. Autem molestiae dignissimos perferendis dignissimos voluptatem. Non eius dignissimos quam. Deleniti nisi magni ad itaque est architecto voluptatum eius.', '1975-07-19 22:07:08', '1978-07-22 14:00:50');
INSERT INTO `comments` (`id`, `user_id`, `post_id`, `body`, `created_at`, `updated_at`) VALUES (160, 60, 160, 'Qui asperiores eos possimus repellendus. Voluptas tempora debitis distinctio nulla. Et beatae vitae ut a. Omnis reiciendis qui et debitis atque non aut et. Facere reiciendis et veritatis voluptatem.', '2007-09-12 02:31:49', '2012-07-10 14:07:39');
INSERT INTO `comments` (`id`, `user_id`, `post_id`, `body`, `created_at`, `updated_at`) VALUES (161, 61, 161, 'Amet voluptatem aut doloribus nobis enim quia. Soluta nihil et occaecati velit facere tempora neque in. Qui qui quasi accusantium. Ab enim provident sed animi.', '1998-04-29 22:12:19', '1993-05-31 16:12:31');
INSERT INTO `comments` (`id`, `user_id`, `post_id`, `body`, `created_at`, `updated_at`) VALUES (162, 62, 162, 'Rerum voluptates eos sit et. Beatae earum quod eveniet libero.', '1975-08-09 07:41:23', '1995-02-08 05:49:43');
INSERT INTO `comments` (`id`, `user_id`, `post_id`, `body`, `created_at`, `updated_at`) VALUES (163, 63, 163, 'Saepe ut qui voluptate quis. Itaque mollitia magni quod omnis asperiores officiis.', '1992-12-06 08:44:59', '2004-03-25 16:23:28');
INSERT INTO `comments` (`id`, `user_id`, `post_id`, `body`, `created_at`, `updated_at`) VALUES (164, 64, 164, 'Natus saepe saepe quam nihil dolores qui minus. Reprehenderit vel est voluptatem officia sapiente consequatur. Eligendi nam repellendus non vel quibusdam. Enim dolor expedita quas omnis error.', '2006-08-17 11:48:37', '1989-03-24 01:59:00');
INSERT INTO `comments` (`id`, `user_id`, `post_id`, `body`, `created_at`, `updated_at`) VALUES (165, 65, 165, 'Veritatis veniam accusamus recusandae sed in error sit. Eos distinctio aut sed enim id quaerat vel. Voluptatibus veniam ab maiores.', '1988-01-26 10:18:07', '1994-05-13 17:44:38');
INSERT INTO `comments` (`id`, `user_id`, `post_id`, `body`, `created_at`, `updated_at`) VALUES (166, 66, 166, 'Culpa vitae expedita sit iure laboriosam nemo. Vitae voluptate voluptas est asperiores. Et placeat corrupti sunt optio dolore. Sequi et laborum harum eos aut voluptatem numquam.', '2005-02-17 13:50:01', '1971-02-27 01:43:34');
INSERT INTO `comments` (`id`, `user_id`, `post_id`, `body`, `created_at`, `updated_at`) VALUES (167, 67, 167, 'Et mollitia accusantium ipsa odio harum amet impedit repellendus. Delectus delectus rerum voluptas deleniti sed. Voluptatibus explicabo ipsum sunt quo.', '2013-01-23 13:07:10', '1988-01-21 18:11:36');
INSERT INTO `comments` (`id`, `user_id`, `post_id`, `body`, `created_at`, `updated_at`) VALUES (168, 68, 168, 'Nemo ut ea ex atque. Amet dolores neque delectus id. Ipsa soluta sit fugit id ad rerum qui. Facere ipsum vel molestiae vitae.', '1979-08-24 03:45:44', '1980-02-02 13:12:25');
INSERT INTO `comments` (`id`, `user_id`, `post_id`, `body`, `created_at`, `updated_at`) VALUES (169, 69, 169, 'Qui et reiciendis aspernatur ipsum. Et ipsam ipsam nobis alias et. Ut accusamus officiis est harum reiciendis.', '1983-05-18 10:49:09', '2011-11-10 02:47:00');
INSERT INTO `comments` (`id`, `user_id`, `post_id`, `body`, `created_at`, `updated_at`) VALUES (170, 70, 170, 'Sit odio et ea nisi nulla autem. Autem iste qui nisi alias est tempore. Cupiditate aperiam minus aliquid.', '1976-04-07 14:53:48', '1984-08-02 11:03:16');
INSERT INTO `comments` (`id`, `user_id`, `post_id`, `body`, `created_at`, `updated_at`) VALUES (171, 71, 171, 'Corporis blanditiis dolores aut earum minus rerum. Quo tempora consequatur commodi reiciendis voluptatem labore et. Sint ut ipsam cumque dolore.', '1994-05-27 10:56:54', '1977-12-02 19:58:04');
INSERT INTO `comments` (`id`, `user_id`, `post_id`, `body`, `created_at`, `updated_at`) VALUES (172, 72, 172, 'Natus et vero pariatur natus. Sequi est voluptas doloribus enim qui molestiae repellat quaerat.', '1982-02-05 20:11:05', '2006-11-26 18:23:14');
INSERT INTO `comments` (`id`, `user_id`, `post_id`, `body`, `created_at`, `updated_at`) VALUES (173, 73, 173, 'Deleniti et veritatis distinctio ipsa blanditiis et molestias. Suscipit odit minus illum quos nihil sit aspernatur maxime. Maiores officiis assumenda quia voluptas. Ut dolores asperiores et id architecto.', '1982-03-17 12:25:28', '1971-01-23 15:47:23');
INSERT INTO `comments` (`id`, `user_id`, `post_id`, `body`, `created_at`, `updated_at`) VALUES (174, 74, 174, 'Vel excepturi quam dicta explicabo culpa et impedit. Reprehenderit et illo voluptate mollitia aperiam. Velit labore accusamus necessitatibus voluptas ad eius dolorem. Cupiditate ut occaecati voluptatibus sunt.', '2000-11-15 16:17:25', '1991-06-25 22:51:15');
INSERT INTO `comments` (`id`, `user_id`, `post_id`, `body`, `created_at`, `updated_at`) VALUES (175, 75, 175, 'Vel tempore quasi hic omnis placeat. Iure possimus dolores odio molestiae ut cum et ut. Alias voluptatum totam temporibus ad voluptas. Vitae sit nihil asperiores deleniti possimus maxime ut.', '1992-07-21 12:32:52', '1992-12-01 20:02:18');
INSERT INTO `comments` (`id`, `user_id`, `post_id`, `body`, `created_at`, `updated_at`) VALUES (176, 76, 176, 'Enim voluptatem quod laboriosam. Optio eos sit et occaecati rerum ipsum architecto.', '2014-07-07 04:18:33', '1982-08-11 15:14:01');
INSERT INTO `comments` (`id`, `user_id`, `post_id`, `body`, `created_at`, `updated_at`) VALUES (177, 77, 177, 'Autem nesciunt necessitatibus eaque expedita. Aperiam nisi tempora rerum tempora magnam voluptatem.', '1976-07-02 09:12:35', '1982-12-23 14:27:00');
INSERT INTO `comments` (`id`, `user_id`, `post_id`, `body`, `created_at`, `updated_at`) VALUES (178, 78, 178, 'Placeat unde qui et cupiditate enim aut fugiat. Voluptatum qui nam sunt.', '1992-10-21 13:49:08', '2001-09-20 23:48:55');
INSERT INTO `comments` (`id`, `user_id`, `post_id`, `body`, `created_at`, `updated_at`) VALUES (179, 79, 179, 'Sequi tempore autem est velit cumque. Adipisci velit minus et saepe non. Nihil minus vero ducimus a optio. Dignissimos dolor sed sapiente laudantium et tempore et cum.', '1973-12-04 22:37:00', '2017-03-02 20:25:52');
INSERT INTO `comments` (`id`, `user_id`, `post_id`, `body`, `created_at`, `updated_at`) VALUES (180, 80, 180, 'Omnis qui dolorem voluptatum sed doloremque veniam esse. Ea velit officiis voluptatem qui minima. Asperiores vitae repellat possimus fugit unde itaque.', '2018-11-27 11:12:15', '1977-06-19 21:56:47');
INSERT INTO `comments` (`id`, `user_id`, `post_id`, `body`, `created_at`, `updated_at`) VALUES (181, 81, 181, 'Aut modi quod voluptatem ut temporibus saepe. Voluptatem sed aliquid quo similique et. Placeat ullam quia eos ipsum id in ut.', '2002-12-11 18:09:14', '2018-12-25 09:53:57');
INSERT INTO `comments` (`id`, `user_id`, `post_id`, `body`, `created_at`, `updated_at`) VALUES (182, 82, 182, 'Aut est nemo aliquid deserunt optio. Possimus eveniet quos earum quisquam sint nobis perferendis aliquam. Quas cupiditate dicta architecto quia placeat.', '1970-12-21 08:11:37', '1971-08-10 09:41:15');
INSERT INTO `comments` (`id`, `user_id`, `post_id`, `body`, `created_at`, `updated_at`) VALUES (183, 83, 183, 'Non repellendus quaerat laudantium autem eligendi qui. Nihil beatae et vel corrupti. Sunt assumenda nesciunt voluptates sed.', '1992-04-10 14:52:47', '2001-10-18 10:26:12');
INSERT INTO `comments` (`id`, `user_id`, `post_id`, `body`, `created_at`, `updated_at`) VALUES (184, 84, 184, 'Quibusdam quae et tempore molestiae voluptatum cum. Quia nihil magni dignissimos et est eum consequuntur. Vel modi non rem non numquam ut. Deleniti nostrum voluptatum libero quos.', '1984-01-01 04:33:20', '1976-12-26 12:35:35');
INSERT INTO `comments` (`id`, `user_id`, `post_id`, `body`, `created_at`, `updated_at`) VALUES (185, 85, 185, 'Minima atque dolores sed ut. Ea voluptas explicabo enim velit. Voluptatem reprehenderit in velit et.', '1971-08-07 01:18:55', '1993-07-02 11:20:07');
INSERT INTO `comments` (`id`, `user_id`, `post_id`, `body`, `created_at`, `updated_at`) VALUES (186, 86, 186, 'Alias sit labore alias. Et repudiandae ut sit rerum libero ea. Autem libero totam quia sit perferendis maiores.', '2007-09-29 14:23:10', '2006-09-26 02:05:36');
INSERT INTO `comments` (`id`, `user_id`, `post_id`, `body`, `created_at`, `updated_at`) VALUES (187, 87, 187, 'Blanditiis voluptatem sunt corrupti rem. Qui deleniti autem vero vitae. Enim magni itaque distinctio iure odit dolor delectus. Ipsum modi et veritatis eaque quidem enim.', '2010-10-30 10:08:52', '2005-06-03 16:20:22');
INSERT INTO `comments` (`id`, `user_id`, `post_id`, `body`, `created_at`, `updated_at`) VALUES (188, 88, 188, 'Corporis velit minima dolorum dolorum iste assumenda sapiente. Voluptates soluta sequi corporis sit rerum.', '1974-09-19 08:59:10', '1980-02-01 16:34:16');
INSERT INTO `comments` (`id`, `user_id`, `post_id`, `body`, `created_at`, `updated_at`) VALUES (189, 89, 189, 'Temporibus quod neque hic qui suscipit. Quia voluptas maiores corrupti ex rerum. Nobis quaerat quisquam beatae dolores. Voluptatibus necessitatibus iusto dolor molestias.', '1980-01-22 18:23:00', '1971-03-29 21:18:16');
INSERT INTO `comments` (`id`, `user_id`, `post_id`, `body`, `created_at`, `updated_at`) VALUES (190, 90, 190, 'Dolores qui itaque quia eos. Sunt facilis fugit laboriosam dignissimos. Nisi aut voluptate doloremque culpa rerum molestias.', '1977-11-15 03:29:03', '1981-01-15 12:51:01');
INSERT INTO `comments` (`id`, `user_id`, `post_id`, `body`, `created_at`, `updated_at`) VALUES (191, 91, 191, 'Ipsa alias et officia et et tempora optio. Est et animi provident dolor quia aliquam ipsam odio. Qui aliquid commodi omnis. Voluptate perspiciatis aut id molestiae voluptas atque. Ut dignissimos quibusdam quia hic.', '2007-10-09 20:57:58', '1976-12-13 05:48:41');
INSERT INTO `comments` (`id`, `user_id`, `post_id`, `body`, `created_at`, `updated_at`) VALUES (192, 92, 192, 'Quasi amet enim est. Quisquam commodi corporis repellat excepturi corporis. Numquam quia sit voluptatibus nisi.', '1990-06-22 00:28:24', '1986-01-20 07:44:29');
INSERT INTO `comments` (`id`, `user_id`, `post_id`, `body`, `created_at`, `updated_at`) VALUES (193, 93, 193, 'Placeat quidem praesentium est. Quibusdam dolores est quasi ut. Atque adipisci eos voluptatum hic incidunt provident. Sed ipsam aliquid voluptas quos voluptate.', '2014-02-07 18:07:35', '1997-05-26 17:33:23');
INSERT INTO `comments` (`id`, `user_id`, `post_id`, `body`, `created_at`, `updated_at`) VALUES (194, 94, 194, 'Doloremque voluptas quisquam omnis. Unde laborum quam id quibusdam voluptatem quia tenetur. In optio et sequi ut assumenda magni molestiae. Accusamus ab nihil nostrum incidunt laboriosam aut.', '1993-10-24 08:22:08', '2005-11-14 08:01:03');
INSERT INTO `comments` (`id`, `user_id`, `post_id`, `body`, `created_at`, `updated_at`) VALUES (195, 95, 195, 'Cupiditate laudantium et voluptatem quisquam repudiandae necessitatibus eos. In repellat cupiditate unde nemo pariatur totam. Qui exercitationem eaque ut amet itaque et aut. Suscipit aut minus ea porro aut ut quo.', '1972-01-13 09:11:43', '1993-07-21 20:15:18');
INSERT INTO `comments` (`id`, `user_id`, `post_id`, `body`, `created_at`, `updated_at`) VALUES (196, 96, 196, 'Necessitatibus adipisci amet qui illum inventore qui. Aperiam corporis asperiores sapiente non cupiditate voluptatem molestias. Aliquam magnam et fugiat vero et. Veniam in consequatur consequatur doloribus.', '1994-11-22 20:54:01', '2018-05-10 12:41:22');
INSERT INTO `comments` (`id`, `user_id`, `post_id`, `body`, `created_at`, `updated_at`) VALUES (197, 97, 197, 'Quo nihil optio quia tempore sapiente. Rerum neque libero nemo excepturi aut numquam iste. Facere repellendus quis quis qui in.', '2003-11-22 04:57:07', '1984-12-26 15:42:59');
INSERT INTO `comments` (`id`, `user_id`, `post_id`, `body`, `created_at`, `updated_at`) VALUES (198, 98, 198, 'Rerum deleniti excepturi dolore aut accusamus molestias quibusdam. Sint dolores aut iusto ea sint laborum. Earum voluptates facilis occaecati atque iste facilis. Numquam enim laudantium voluptatum ipsa.', '1982-03-23 09:33:47', '1981-01-24 22:25:45');
INSERT INTO `comments` (`id`, `user_id`, `post_id`, `body`, `created_at`, `updated_at`) VALUES (199, 99, 199, 'Aut asperiores tempore sed molestiae vitae. Explicabo nihil rerum et dolore illum sunt ullam sit. Illo similique magnam voluptatem perferendis dolorem. Ea delectus iure consequatur.', '2008-04-22 08:25:35', '2001-12-05 07:54:58');
INSERT INTO `comments` (`id`, `user_id`, `post_id`, `body`, `created_at`, `updated_at`) VALUES (200, 100, 200, 'Dolores ipsa et libero repudiandae. Nostrum est iure hic soluta ipsa voluptatem placeat. Ut esse est odio dolorum sed. Molestiae esse eos vel.', '2002-07-01 15:07:39', '1972-04-15 08:34:41');


#
# TABLE STRUCTURE FOR: friendship
#

DROP TABLE IF EXISTS `friendship`;

CREATE TABLE `friendship` (
  `user_id` int(10) unsigned NOT NULL,
  `friend_id` int(10) unsigned NOT NULL,
  `status_id` int(10) unsigned NOT NULL,
  `requested_at` datetime DEFAULT current_timestamp(),
  `confirmed_at` datetime DEFAULT NULL,
  PRIMARY KEY (`user_id`,`friend_id`),
  KEY `user_id` (`user_id`),
  KEY `friend_id` (`friend_id`),
  KEY `status_id` (`status_id`),
  CONSTRAINT `friendship_ibfk_1` FOREIGN KEY (`user_id`) REFERENCES `users` (`id`),
  CONSTRAINT `friendship_ibfk_2` FOREIGN KEY (`friend_id`) REFERENCES `users` (`id`),
  CONSTRAINT `friendship_ibfk_3` FOREIGN KEY (`status_id`) REFERENCES `friendship_statuses` (`id`)
) ENGINE=InnoDB DEFAULT CHARSET=utf8 COLLATE=utf8_unicode_ci;

INSERT INTO `friendship` (`user_id`, `friend_id`, `status_id`, `requested_at`, `confirmed_at`) VALUES (1, 1, 1, '1986-04-25 11:59:48', '1999-03-19 04:57:07');
INSERT INTO `friendship` (`user_id`, `friend_id`, `status_id`, `requested_at`, `confirmed_at`) VALUES (2, 2, 2, '2009-11-10 10:17:21', '2014-01-23 00:58:00');
INSERT INTO `friendship` (`user_id`, `friend_id`, `status_id`, `requested_at`, `confirmed_at`) VALUES (3, 3, 3, '1981-11-14 11:55:38', '1977-09-23 20:23:19');
INSERT INTO `friendship` (`user_id`, `friend_id`, `status_id`, `requested_at`, `confirmed_at`) VALUES (4, 4, 4, '1970-03-04 04:34:58', '1983-08-23 03:08:38');
INSERT INTO `friendship` (`user_id`, `friend_id`, `status_id`, `requested_at`, `confirmed_at`) VALUES (5, 5, 1, '2000-10-16 22:46:42', '1978-05-10 08:48:48');
INSERT INTO `friendship` (`user_id`, `friend_id`, `status_id`, `requested_at`, `confirmed_at`) VALUES (6, 6, 2, '2015-02-21 09:07:15', '2013-07-20 12:36:10');
INSERT INTO `friendship` (`user_id`, `friend_id`, `status_id`, `requested_at`, `confirmed_at`) VALUES (7, 7, 3, '1997-05-08 18:24:18', '2017-05-07 01:37:46');
INSERT INTO `friendship` (`user_id`, `friend_id`, `status_id`, `requested_at`, `confirmed_at`) VALUES (8, 8, 4, '2009-05-19 11:34:38', '1983-12-27 18:01:07');
INSERT INTO `friendship` (`user_id`, `friend_id`, `status_id`, `requested_at`, `confirmed_at`) VALUES (9, 9, 1, '2015-03-07 12:11:09', '2005-01-25 16:17:19');
INSERT INTO `friendship` (`user_id`, `friend_id`, `status_id`, `requested_at`, `confirmed_at`) VALUES (10, 10, 2, '2009-04-21 06:22:15', '2007-10-25 22:41:40');
INSERT INTO `friendship` (`user_id`, `friend_id`, `status_id`, `requested_at`, `confirmed_at`) VALUES (11, 11, 3, '1983-04-08 19:35:16', '1974-03-22 12:52:45');
INSERT INTO `friendship` (`user_id`, `friend_id`, `status_id`, `requested_at`, `confirmed_at`) VALUES (12, 12, 4, '1982-03-26 11:32:16', '1997-11-08 20:58:14');
INSERT INTO `friendship` (`user_id`, `friend_id`, `status_id`, `requested_at`, `confirmed_at`) VALUES (13, 13, 1, '2000-01-08 19:35:37', '1992-08-07 10:23:21');
INSERT INTO `friendship` (`user_id`, `friend_id`, `status_id`, `requested_at`, `confirmed_at`) VALUES (14, 14, 2, '1995-09-22 08:34:53', '1978-03-21 20:23:38');
INSERT INTO `friendship` (`user_id`, `friend_id`, `status_id`, `requested_at`, `confirmed_at`) VALUES (15, 15, 3, '2007-08-01 17:39:39', '1974-05-16 23:16:30');
INSERT INTO `friendship` (`user_id`, `friend_id`, `status_id`, `requested_at`, `confirmed_at`) VALUES (16, 16, 4, '1976-06-07 19:09:48', '2015-06-25 14:49:18');
INSERT INTO `friendship` (`user_id`, `friend_id`, `status_id`, `requested_at`, `confirmed_at`) VALUES (17, 17, 1, '1995-12-29 05:05:37', '1983-07-07 05:43:10');
INSERT INTO `friendship` (`user_id`, `friend_id`, `status_id`, `requested_at`, `confirmed_at`) VALUES (18, 18, 2, '2005-01-25 22:17:01', '2016-04-25 20:13:52');
INSERT INTO `friendship` (`user_id`, `friend_id`, `status_id`, `requested_at`, `confirmed_at`) VALUES (19, 19, 3, '1974-07-10 23:48:52', '1984-04-05 21:32:41');
INSERT INTO `friendship` (`user_id`, `friend_id`, `status_id`, `requested_at`, `confirmed_at`) VALUES (20, 20, 4, '1978-03-03 20:51:05', '1986-01-13 17:20:47');
INSERT INTO `friendship` (`user_id`, `friend_id`, `status_id`, `requested_at`, `confirmed_at`) VALUES (21, 21, 1, '1998-02-05 02:02:52', '2007-01-28 05:56:17');
INSERT INTO `friendship` (`user_id`, `friend_id`, `status_id`, `requested_at`, `confirmed_at`) VALUES (22, 22, 2, '2006-03-16 04:12:02', '2006-08-15 11:05:54');
INSERT INTO `friendship` (`user_id`, `friend_id`, `status_id`, `requested_at`, `confirmed_at`) VALUES (23, 23, 3, '2016-10-17 03:31:15', '1995-10-18 05:29:02');
INSERT INTO `friendship` (`user_id`, `friend_id`, `status_id`, `requested_at`, `confirmed_at`) VALUES (24, 24, 4, '2017-06-05 08:58:35', '1985-11-07 11:37:57');
INSERT INTO `friendship` (`user_id`, `friend_id`, `status_id`, `requested_at`, `confirmed_at`) VALUES (25, 25, 1, '2009-10-19 13:49:45', '1974-09-06 16:01:11');
INSERT INTO `friendship` (`user_id`, `friend_id`, `status_id`, `requested_at`, `confirmed_at`) VALUES (26, 26, 2, '1998-11-03 08:58:57', '1984-03-11 21:09:06');
INSERT INTO `friendship` (`user_id`, `friend_id`, `status_id`, `requested_at`, `confirmed_at`) VALUES (27, 27, 3, '1998-03-11 01:09:05', '2003-11-06 13:23:11');
INSERT INTO `friendship` (`user_id`, `friend_id`, `status_id`, `requested_at`, `confirmed_at`) VALUES (28, 28, 4, '1970-10-03 16:38:04', '1988-03-21 03:04:45');
INSERT INTO `friendship` (`user_id`, `friend_id`, `status_id`, `requested_at`, `confirmed_at`) VALUES (29, 29, 1, '2000-07-15 05:22:54', '2017-04-18 03:50:26');
INSERT INTO `friendship` (`user_id`, `friend_id`, `status_id`, `requested_at`, `confirmed_at`) VALUES (30, 30, 2, '1989-12-05 13:02:04', '2008-11-17 21:26:52');
INSERT INTO `friendship` (`user_id`, `friend_id`, `status_id`, `requested_at`, `confirmed_at`) VALUES (31, 31, 3, '2016-01-28 12:04:39', '1995-07-22 16:14:26');
INSERT INTO `friendship` (`user_id`, `friend_id`, `status_id`, `requested_at`, `confirmed_at`) VALUES (32, 32, 4, '2003-06-07 23:58:44', '1976-04-04 07:03:47');
INSERT INTO `friendship` (`user_id`, `friend_id`, `status_id`, `requested_at`, `confirmed_at`) VALUES (33, 33, 1, '1970-08-06 05:38:15', '2019-10-24 09:13:20');
INSERT INTO `friendship` (`user_id`, `friend_id`, `status_id`, `requested_at`, `confirmed_at`) VALUES (34, 34, 2, '1992-10-27 19:25:08', '1997-03-08 00:55:11');
INSERT INTO `friendship` (`user_id`, `friend_id`, `status_id`, `requested_at`, `confirmed_at`) VALUES (35, 35, 3, '2015-09-04 12:18:18', '1972-02-28 15:34:24');
INSERT INTO `friendship` (`user_id`, `friend_id`, `status_id`, `requested_at`, `confirmed_at`) VALUES (36, 36, 4, '1987-12-21 05:54:29', '1995-05-20 06:45:13');
INSERT INTO `friendship` (`user_id`, `friend_id`, `status_id`, `requested_at`, `confirmed_at`) VALUES (37, 37, 1, '1972-08-17 13:44:43', '1974-11-11 18:39:18');
INSERT INTO `friendship` (`user_id`, `friend_id`, `status_id`, `requested_at`, `confirmed_at`) VALUES (38, 38, 2, '1970-12-19 14:47:05', '1990-06-22 09:33:32');
INSERT INTO `friendship` (`user_id`, `friend_id`, `status_id`, `requested_at`, `confirmed_at`) VALUES (39, 39, 3, '1995-03-08 08:38:38', '2007-08-13 10:25:59');
INSERT INTO `friendship` (`user_id`, `friend_id`, `status_id`, `requested_at`, `confirmed_at`) VALUES (40, 40, 4, '1974-09-17 03:50:15', '1987-09-07 20:44:10');
INSERT INTO `friendship` (`user_id`, `friend_id`, `status_id`, `requested_at`, `confirmed_at`) VALUES (41, 41, 1, '1991-12-21 17:56:14', '2004-03-09 02:32:21');
INSERT INTO `friendship` (`user_id`, `friend_id`, `status_id`, `requested_at`, `confirmed_at`) VALUES (42, 42, 2, '2014-09-29 10:14:51', '1988-06-25 18:15:07');
INSERT INTO `friendship` (`user_id`, `friend_id`, `status_id`, `requested_at`, `confirmed_at`) VALUES (43, 43, 3, '1975-12-09 14:31:52', '2000-12-27 17:21:37');
INSERT INTO `friendship` (`user_id`, `friend_id`, `status_id`, `requested_at`, `confirmed_at`) VALUES (44, 44, 4, '2003-07-07 04:53:56', '2019-01-30 06:16:54');
INSERT INTO `friendship` (`user_id`, `friend_id`, `status_id`, `requested_at`, `confirmed_at`) VALUES (45, 45, 1, '2005-01-08 20:18:09', '1992-11-20 03:16:51');
INSERT INTO `friendship` (`user_id`, `friend_id`, `status_id`, `requested_at`, `confirmed_at`) VALUES (46, 46, 2, '2006-09-28 16:06:24', '1992-04-19 02:19:24');
INSERT INTO `friendship` (`user_id`, `friend_id`, `status_id`, `requested_at`, `confirmed_at`) VALUES (47, 47, 3, '2006-10-26 04:18:16', '2006-06-21 04:54:11');
INSERT INTO `friendship` (`user_id`, `friend_id`, `status_id`, `requested_at`, `confirmed_at`) VALUES (48, 48, 4, '1984-09-02 10:27:54', '1982-06-07 20:00:18');
INSERT INTO `friendship` (`user_id`, `friend_id`, `status_id`, `requested_at`, `confirmed_at`) VALUES (49, 49, 1, '2003-05-11 10:03:43', '1992-02-13 09:32:07');
INSERT INTO `friendship` (`user_id`, `friend_id`, `status_id`, `requested_at`, `confirmed_at`) VALUES (50, 50, 2, '2014-09-04 12:19:05', '1970-12-12 10:31:40');
INSERT INTO `friendship` (`user_id`, `friend_id`, `status_id`, `requested_at`, `confirmed_at`) VALUES (51, 51, 3, '1974-02-16 16:33:07', '2019-10-21 19:47:41');
INSERT INTO `friendship` (`user_id`, `friend_id`, `status_id`, `requested_at`, `confirmed_at`) VALUES (52, 52, 4, '2011-03-19 13:22:34', '1988-04-03 02:27:07');
INSERT INTO `friendship` (`user_id`, `friend_id`, `status_id`, `requested_at`, `confirmed_at`) VALUES (53, 53, 1, '2015-07-06 11:01:29', '1994-01-29 13:16:44');
INSERT INTO `friendship` (`user_id`, `friend_id`, `status_id`, `requested_at`, `confirmed_at`) VALUES (54, 54, 2, '1977-06-24 12:09:39', '1998-12-24 19:33:46');
INSERT INTO `friendship` (`user_id`, `friend_id`, `status_id`, `requested_at`, `confirmed_at`) VALUES (55, 55, 3, '2004-05-22 18:13:58', '2019-12-27 20:54:17');
INSERT INTO `friendship` (`user_id`, `friend_id`, `status_id`, `requested_at`, `confirmed_at`) VALUES (56, 56, 4, '2014-08-04 03:50:36', '2002-03-08 13:04:29');
INSERT INTO `friendship` (`user_id`, `friend_id`, `status_id`, `requested_at`, `confirmed_at`) VALUES (57, 57, 1, '1979-05-19 21:06:29', '1979-06-22 02:50:41');
INSERT INTO `friendship` (`user_id`, `friend_id`, `status_id`, `requested_at`, `confirmed_at`) VALUES (58, 58, 2, '1972-09-30 10:55:22', '1978-09-12 22:06:50');
INSERT INTO `friendship` (`user_id`, `friend_id`, `status_id`, `requested_at`, `confirmed_at`) VALUES (59, 59, 3, '1993-04-11 07:21:51', '1973-09-24 04:49:17');
INSERT INTO `friendship` (`user_id`, `friend_id`, `status_id`, `requested_at`, `confirmed_at`) VALUES (60, 60, 4, '1997-06-26 02:48:42', '2013-02-10 19:47:50');
INSERT INTO `friendship` (`user_id`, `friend_id`, `status_id`, `requested_at`, `confirmed_at`) VALUES (61, 61, 1, '2003-06-12 06:37:57', '1982-07-15 23:42:22');
INSERT INTO `friendship` (`user_id`, `friend_id`, `status_id`, `requested_at`, `confirmed_at`) VALUES (62, 62, 2, '2005-11-28 08:16:01', '2013-05-23 14:17:01');
INSERT INTO `friendship` (`user_id`, `friend_id`, `status_id`, `requested_at`, `confirmed_at`) VALUES (63, 63, 3, '2005-01-01 16:36:17', '2004-01-29 08:22:17');
INSERT INTO `friendship` (`user_id`, `friend_id`, `status_id`, `requested_at`, `confirmed_at`) VALUES (64, 64, 4, '2008-06-14 02:28:08', '1973-03-24 05:22:35');
INSERT INTO `friendship` (`user_id`, `friend_id`, `status_id`, `requested_at`, `confirmed_at`) VALUES (65, 65, 1, '2009-11-30 12:16:01', '1970-02-27 08:03:51');
INSERT INTO `friendship` (`user_id`, `friend_id`, `status_id`, `requested_at`, `confirmed_at`) VALUES (66, 66, 2, '2016-02-22 16:08:27', '2014-07-01 09:04:25');
INSERT INTO `friendship` (`user_id`, `friend_id`, `status_id`, `requested_at`, `confirmed_at`) VALUES (67, 67, 3, '1981-10-27 23:20:25', '1975-06-29 23:05:08');
INSERT INTO `friendship` (`user_id`, `friend_id`, `status_id`, `requested_at`, `confirmed_at`) VALUES (68, 68, 4, '1978-02-12 22:05:40', '1990-04-07 06:39:53');
INSERT INTO `friendship` (`user_id`, `friend_id`, `status_id`, `requested_at`, `confirmed_at`) VALUES (69, 69, 1, '1995-11-05 15:05:58', '2010-09-21 01:02:02');
INSERT INTO `friendship` (`user_id`, `friend_id`, `status_id`, `requested_at`, `confirmed_at`) VALUES (70, 70, 2, '2003-08-02 12:30:26', '2018-11-13 18:33:22');
INSERT INTO `friendship` (`user_id`, `friend_id`, `status_id`, `requested_at`, `confirmed_at`) VALUES (71, 71, 3, '1986-01-05 08:56:16', '1989-11-07 05:26:47');
INSERT INTO `friendship` (`user_id`, `friend_id`, `status_id`, `requested_at`, `confirmed_at`) VALUES (72, 72, 4, '2002-12-05 13:05:51', '1982-11-28 15:48:07');
INSERT INTO `friendship` (`user_id`, `friend_id`, `status_id`, `requested_at`, `confirmed_at`) VALUES (73, 73, 1, '2000-06-29 02:54:12', '1991-02-17 21:12:03');
INSERT INTO `friendship` (`user_id`, `friend_id`, `status_id`, `requested_at`, `confirmed_at`) VALUES (74, 74, 2, '1979-04-17 00:47:29', '1996-07-30 21:47:03');
INSERT INTO `friendship` (`user_id`, `friend_id`, `status_id`, `requested_at`, `confirmed_at`) VALUES (75, 75, 3, '1988-03-27 23:05:34', '1993-04-07 07:48:16');
INSERT INTO `friendship` (`user_id`, `friend_id`, `status_id`, `requested_at`, `confirmed_at`) VALUES (76, 76, 4, '1992-07-15 20:23:56', '1972-09-21 15:11:12');
INSERT INTO `friendship` (`user_id`, `friend_id`, `status_id`, `requested_at`, `confirmed_at`) VALUES (77, 77, 1, '1981-05-12 12:29:03', '2010-09-26 18:07:36');
INSERT INTO `friendship` (`user_id`, `friend_id`, `status_id`, `requested_at`, `confirmed_at`) VALUES (78, 78, 2, '1987-02-12 17:00:10', '2012-09-22 12:37:43');
INSERT INTO `friendship` (`user_id`, `friend_id`, `status_id`, `requested_at`, `confirmed_at`) VALUES (79, 79, 3, '2014-11-19 03:06:40', '1996-12-11 04:23:35');
INSERT INTO `friendship` (`user_id`, `friend_id`, `status_id`, `requested_at`, `confirmed_at`) VALUES (80, 80, 4, '1999-12-22 06:15:32', '2011-05-01 21:43:08');
INSERT INTO `friendship` (`user_id`, `friend_id`, `status_id`, `requested_at`, `confirmed_at`) VALUES (81, 81, 1, '1988-09-13 21:28:43', '1986-10-25 17:02:46');
INSERT INTO `friendship` (`user_id`, `friend_id`, `status_id`, `requested_at`, `confirmed_at`) VALUES (82, 82, 2, '2010-09-05 02:59:56', '1994-09-14 19:37:24');
INSERT INTO `friendship` (`user_id`, `friend_id`, `status_id`, `requested_at`, `confirmed_at`) VALUES (83, 83, 3, '1993-05-16 04:18:26', '2012-04-18 07:34:05');
INSERT INTO `friendship` (`user_id`, `friend_id`, `status_id`, `requested_at`, `confirmed_at`) VALUES (84, 84, 4, '1973-09-06 23:30:51', '1984-12-26 07:04:27');
INSERT INTO `friendship` (`user_id`, `friend_id`, `status_id`, `requested_at`, `confirmed_at`) VALUES (85, 85, 1, '1977-04-17 11:12:37', '1977-02-10 01:40:24');
INSERT INTO `friendship` (`user_id`, `friend_id`, `status_id`, `requested_at`, `confirmed_at`) VALUES (86, 86, 2, '2003-02-16 10:09:05', '1978-12-18 06:26:23');
INSERT INTO `friendship` (`user_id`, `friend_id`, `status_id`, `requested_at`, `confirmed_at`) VALUES (87, 87, 3, '1976-08-23 19:16:35', '2017-04-17 14:07:42');
INSERT INTO `friendship` (`user_id`, `friend_id`, `status_id`, `requested_at`, `confirmed_at`) VALUES (88, 88, 4, '2016-10-23 05:17:03', '1986-02-15 19:30:30');
INSERT INTO `friendship` (`user_id`, `friend_id`, `status_id`, `requested_at`, `confirmed_at`) VALUES (89, 89, 1, '1992-09-12 12:09:31', '2012-10-19 09:56:31');
INSERT INTO `friendship` (`user_id`, `friend_id`, `status_id`, `requested_at`, `confirmed_at`) VALUES (90, 90, 2, '2013-08-13 21:37:24', '1988-08-23 17:52:58');
INSERT INTO `friendship` (`user_id`, `friend_id`, `status_id`, `requested_at`, `confirmed_at`) VALUES (91, 91, 3, '1999-03-12 14:46:43', '1982-09-21 05:36:23');
INSERT INTO `friendship` (`user_id`, `friend_id`, `status_id`, `requested_at`, `confirmed_at`) VALUES (92, 92, 4, '2007-01-27 21:50:10', '1998-07-15 00:29:18');
INSERT INTO `friendship` (`user_id`, `friend_id`, `status_id`, `requested_at`, `confirmed_at`) VALUES (93, 93, 1, '2003-07-04 09:47:27', '1998-01-31 07:20:27');
INSERT INTO `friendship` (`user_id`, `friend_id`, `status_id`, `requested_at`, `confirmed_at`) VALUES (94, 94, 2, '1996-04-13 00:55:24', '1978-05-23 10:02:36');
INSERT INTO `friendship` (`user_id`, `friend_id`, `status_id`, `requested_at`, `confirmed_at`) VALUES (95, 95, 3, '1984-12-22 04:26:01', '1974-12-11 06:12:34');
INSERT INTO `friendship` (`user_id`, `friend_id`, `status_id`, `requested_at`, `confirmed_at`) VALUES (96, 96, 4, '1997-03-29 11:48:11', '1985-01-18 05:35:47');
INSERT INTO `friendship` (`user_id`, `friend_id`, `status_id`, `requested_at`, `confirmed_at`) VALUES (97, 97, 1, '2014-09-05 23:22:00', '2011-02-02 04:29:35');
INSERT INTO `friendship` (`user_id`, `friend_id`, `status_id`, `requested_at`, `confirmed_at`) VALUES (98, 98, 2, '1991-06-28 11:18:50', '2008-04-19 17:47:43');
INSERT INTO `friendship` (`user_id`, `friend_id`, `status_id`, `requested_at`, `confirmed_at`) VALUES (99, 99, 3, '2007-12-26 06:08:37', '1992-03-13 17:23:26');
INSERT INTO `friendship` (`user_id`, `friend_id`, `status_id`, `requested_at`, `confirmed_at`) VALUES (100, 100, 4, '2011-12-26 21:42:51', '2017-11-21 23:47:03');


#
# TABLE STRUCTURE FOR: friendship_statuses
#

DROP TABLE IF EXISTS `friendship_statuses`;

CREATE TABLE `friendship_statuses` (
  `id` int(10) unsigned NOT NULL AUTO_INCREMENT,
  `name` varchar(150) COLLATE utf8_unicode_ci NOT NULL,
  PRIMARY KEY (`id`),
  UNIQUE KEY `name` (`name`)
) ENGINE=InnoDB AUTO_INCREMENT=5 DEFAULT CHARSET=utf8 COLLATE=utf8_unicode_ci;

INSERT INTO `friendship_statuses` (`id`, `name`) VALUES (4, 'amet');
INSERT INTO `friendship_statuses` (`id`, `name`) VALUES (1, 'aperiam');
INSERT INTO `friendship_statuses` (`id`, `name`) VALUES (3, 'facere');
INSERT INTO `friendship_statuses` (`id`, `name`) VALUES (2, 'nihil');


#
# TABLE STRUCTURE FOR: interest_bonds
#

DROP TABLE IF EXISTS `interest_bonds`;

CREATE TABLE `interest_bonds` (
  `interest_bond_id` int(10) unsigned NOT NULL AUTO_INCREMENT,
  `from_interest` int(10) unsigned DEFAULT NULL,
  `to_interest` int(10) unsigned NOT NULL,
  `created_at` datetime DEFAULT current_timestamp(),
  PRIMARY KEY (`interest_bond_id`),
  KEY `from_interest` (`from_interest`),
  KEY `to_interest` (`to_interest`),
  CONSTRAINT `interest_bonds_ibfk_1` FOREIGN KEY (`from_interest`) REFERENCES `interests` (`id`),
  CONSTRAINT `interest_bonds_ibfk_2` FOREIGN KEY (`to_interest`) REFERENCES `interests` (`id`)
) ENGINE=InnoDB AUTO_INCREMENT=101 DEFAULT CHARSET=utf8 COLLATE=utf8_unicode_ci;

INSERT INTO `interest_bonds` (`interest_bond_id`, `from_interest`, `to_interest`, `created_at`) VALUES (1, 1, 1, '1984-12-17 20:48:53');
INSERT INTO `interest_bonds` (`interest_bond_id`, `from_interest`, `to_interest`, `created_at`) VALUES (2, 2, 2, '1974-08-24 07:13:22');
INSERT INTO `interest_bonds` (`interest_bond_id`, `from_interest`, `to_interest`, `created_at`) VALUES (3, 3, 3, '1977-04-08 01:02:19');
INSERT INTO `interest_bonds` (`interest_bond_id`, `from_interest`, `to_interest`, `created_at`) VALUES (4, 4, 4, '1999-06-26 22:23:12');
INSERT INTO `interest_bonds` (`interest_bond_id`, `from_interest`, `to_interest`, `created_at`) VALUES (5, 5, 5, '1970-06-18 00:40:04');
INSERT INTO `interest_bonds` (`interest_bond_id`, `from_interest`, `to_interest`, `created_at`) VALUES (6, 6, 6, '2011-11-28 18:43:32');
INSERT INTO `interest_bonds` (`interest_bond_id`, `from_interest`, `to_interest`, `created_at`) VALUES (7, 7, 7, '1994-01-13 02:58:43');
INSERT INTO `interest_bonds` (`interest_bond_id`, `from_interest`, `to_interest`, `created_at`) VALUES (8, 8, 8, '1971-08-24 13:27:04');
INSERT INTO `interest_bonds` (`interest_bond_id`, `from_interest`, `to_interest`, `created_at`) VALUES (9, 9, 9, '2006-02-03 18:01:52');
INSERT INTO `interest_bonds` (`interest_bond_id`, `from_interest`, `to_interest`, `created_at`) VALUES (10, 10, 10, '1977-10-31 08:28:28');
INSERT INTO `interest_bonds` (`interest_bond_id`, `from_interest`, `to_interest`, `created_at`) VALUES (11, 11, 11, '1971-10-01 18:53:57');
INSERT INTO `interest_bonds` (`interest_bond_id`, `from_interest`, `to_interest`, `created_at`) VALUES (12, 12, 12, '1984-02-06 22:39:50');
INSERT INTO `interest_bonds` (`interest_bond_id`, `from_interest`, `to_interest`, `created_at`) VALUES (13, 13, 13, '2006-02-23 01:05:42');
INSERT INTO `interest_bonds` (`interest_bond_id`, `from_interest`, `to_interest`, `created_at`) VALUES (14, 14, 14, '2010-07-02 11:43:05');
INSERT INTO `interest_bonds` (`interest_bond_id`, `from_interest`, `to_interest`, `created_at`) VALUES (15, 15, 15, '2019-11-06 22:53:42');
INSERT INTO `interest_bonds` (`interest_bond_id`, `from_interest`, `to_interest`, `created_at`) VALUES (16, 16, 16, '1985-11-25 15:51:21');
INSERT INTO `interest_bonds` (`interest_bond_id`, `from_interest`, `to_interest`, `created_at`) VALUES (17, 17, 17, '1974-10-31 14:13:58');
INSERT INTO `interest_bonds` (`interest_bond_id`, `from_interest`, `to_interest`, `created_at`) VALUES (18, 18, 18, '1992-04-01 20:53:43');
INSERT INTO `interest_bonds` (`interest_bond_id`, `from_interest`, `to_interest`, `created_at`) VALUES (19, 19, 19, '1977-01-15 19:11:09');
INSERT INTO `interest_bonds` (`interest_bond_id`, `from_interest`, `to_interest`, `created_at`) VALUES (20, 20, 20, '1997-10-04 00:18:02');
INSERT INTO `interest_bonds` (`interest_bond_id`, `from_interest`, `to_interest`, `created_at`) VALUES (21, 21, 21, '1984-11-15 05:02:29');
INSERT INTO `interest_bonds` (`interest_bond_id`, `from_interest`, `to_interest`, `created_at`) VALUES (22, 22, 22, '1980-10-03 00:58:05');
INSERT INTO `interest_bonds` (`interest_bond_id`, `from_interest`, `to_interest`, `created_at`) VALUES (23, 23, 23, '1972-08-01 00:21:22');
INSERT INTO `interest_bonds` (`interest_bond_id`, `from_interest`, `to_interest`, `created_at`) VALUES (24, 24, 24, '2013-10-05 15:22:10');
INSERT INTO `interest_bonds` (`interest_bond_id`, `from_interest`, `to_interest`, `created_at`) VALUES (25, 25, 25, '1998-01-28 10:02:23');
INSERT INTO `interest_bonds` (`interest_bond_id`, `from_interest`, `to_interest`, `created_at`) VALUES (26, 26, 26, '1993-04-27 22:39:14');
INSERT INTO `interest_bonds` (`interest_bond_id`, `from_interest`, `to_interest`, `created_at`) VALUES (27, 27, 27, '2014-06-10 11:18:01');
INSERT INTO `interest_bonds` (`interest_bond_id`, `from_interest`, `to_interest`, `created_at`) VALUES (28, 28, 28, '2003-08-20 08:13:07');
INSERT INTO `interest_bonds` (`interest_bond_id`, `from_interest`, `to_interest`, `created_at`) VALUES (29, 29, 29, '1989-01-13 16:34:37');
INSERT INTO `interest_bonds` (`interest_bond_id`, `from_interest`, `to_interest`, `created_at`) VALUES (30, 30, 30, '2015-06-02 00:03:50');
INSERT INTO `interest_bonds` (`interest_bond_id`, `from_interest`, `to_interest`, `created_at`) VALUES (31, 31, 31, '2016-10-17 08:44:32');
INSERT INTO `interest_bonds` (`interest_bond_id`, `from_interest`, `to_interest`, `created_at`) VALUES (32, 32, 32, '2002-07-20 05:11:48');
INSERT INTO `interest_bonds` (`interest_bond_id`, `from_interest`, `to_interest`, `created_at`) VALUES (33, 33, 33, '2008-07-13 07:57:20');
INSERT INTO `interest_bonds` (`interest_bond_id`, `from_interest`, `to_interest`, `created_at`) VALUES (34, 34, 34, '2008-11-14 18:51:33');
INSERT INTO `interest_bonds` (`interest_bond_id`, `from_interest`, `to_interest`, `created_at`) VALUES (35, 35, 35, '2008-09-09 10:55:04');
INSERT INTO `interest_bonds` (`interest_bond_id`, `from_interest`, `to_interest`, `created_at`) VALUES (36, 36, 36, '2017-11-09 12:47:14');
INSERT INTO `interest_bonds` (`interest_bond_id`, `from_interest`, `to_interest`, `created_at`) VALUES (37, 37, 37, '2002-07-22 23:56:37');
INSERT INTO `interest_bonds` (`interest_bond_id`, `from_interest`, `to_interest`, `created_at`) VALUES (38, 38, 38, '2009-06-10 16:54:25');
INSERT INTO `interest_bonds` (`interest_bond_id`, `from_interest`, `to_interest`, `created_at`) VALUES (39, 39, 39, '1988-11-18 00:26:36');
INSERT INTO `interest_bonds` (`interest_bond_id`, `from_interest`, `to_interest`, `created_at`) VALUES (40, 40, 40, '2000-08-13 23:05:19');
INSERT INTO `interest_bonds` (`interest_bond_id`, `from_interest`, `to_interest`, `created_at`) VALUES (41, 41, 41, '2019-02-20 02:23:50');
INSERT INTO `interest_bonds` (`interest_bond_id`, `from_interest`, `to_interest`, `created_at`) VALUES (42, 42, 42, '1978-07-12 16:03:16');
INSERT INTO `interest_bonds` (`interest_bond_id`, `from_interest`, `to_interest`, `created_at`) VALUES (43, 43, 43, '1975-04-06 08:26:56');
INSERT INTO `interest_bonds` (`interest_bond_id`, `from_interest`, `to_interest`, `created_at`) VALUES (44, 44, 44, '2001-08-27 01:34:28');
INSERT INTO `interest_bonds` (`interest_bond_id`, `from_interest`, `to_interest`, `created_at`) VALUES (45, 45, 45, '1977-08-11 03:05:13');
INSERT INTO `interest_bonds` (`interest_bond_id`, `from_interest`, `to_interest`, `created_at`) VALUES (46, 46, 46, '2009-08-08 00:36:50');
INSERT INTO `interest_bonds` (`interest_bond_id`, `from_interest`, `to_interest`, `created_at`) VALUES (47, 47, 47, '1990-10-07 01:50:36');
INSERT INTO `interest_bonds` (`interest_bond_id`, `from_interest`, `to_interest`, `created_at`) VALUES (48, 48, 48, '2014-06-25 21:53:00');
INSERT INTO `interest_bonds` (`interest_bond_id`, `from_interest`, `to_interest`, `created_at`) VALUES (49, 49, 49, '2011-06-23 21:34:43');
INSERT INTO `interest_bonds` (`interest_bond_id`, `from_interest`, `to_interest`, `created_at`) VALUES (50, 50, 50, '2015-01-13 15:08:04');
INSERT INTO `interest_bonds` (`interest_bond_id`, `from_interest`, `to_interest`, `created_at`) VALUES (51, 51, 51, '2004-06-04 02:47:16');
INSERT INTO `interest_bonds` (`interest_bond_id`, `from_interest`, `to_interest`, `created_at`) VALUES (52, 52, 52, '1979-02-05 19:18:01');
INSERT INTO `interest_bonds` (`interest_bond_id`, `from_interest`, `to_interest`, `created_at`) VALUES (53, 53, 53, '2004-04-23 02:19:04');
INSERT INTO `interest_bonds` (`interest_bond_id`, `from_interest`, `to_interest`, `created_at`) VALUES (54, 54, 54, '1992-11-23 06:38:36');
INSERT INTO `interest_bonds` (`interest_bond_id`, `from_interest`, `to_interest`, `created_at`) VALUES (55, 55, 55, '2015-03-17 22:39:04');
INSERT INTO `interest_bonds` (`interest_bond_id`, `from_interest`, `to_interest`, `created_at`) VALUES (56, 56, 56, '1972-08-17 12:50:48');
INSERT INTO `interest_bonds` (`interest_bond_id`, `from_interest`, `to_interest`, `created_at`) VALUES (57, 57, 57, '2001-08-07 17:01:16');
INSERT INTO `interest_bonds` (`interest_bond_id`, `from_interest`, `to_interest`, `created_at`) VALUES (58, 58, 58, '1998-01-08 06:21:45');
INSERT INTO `interest_bonds` (`interest_bond_id`, `from_interest`, `to_interest`, `created_at`) VALUES (59, 59, 59, '1986-08-09 08:16:46');
INSERT INTO `interest_bonds` (`interest_bond_id`, `from_interest`, `to_interest`, `created_at`) VALUES (60, 60, 60, '1984-05-04 13:37:35');
INSERT INTO `interest_bonds` (`interest_bond_id`, `from_interest`, `to_interest`, `created_at`) VALUES (61, 61, 61, '1981-01-29 08:07:34');
INSERT INTO `interest_bonds` (`interest_bond_id`, `from_interest`, `to_interest`, `created_at`) VALUES (62, 62, 62, '2011-07-30 15:42:13');
INSERT INTO `interest_bonds` (`interest_bond_id`, `from_interest`, `to_interest`, `created_at`) VALUES (63, 63, 63, '1986-06-03 00:49:05');
INSERT INTO `interest_bonds` (`interest_bond_id`, `from_interest`, `to_interest`, `created_at`) VALUES (64, 64, 64, '2013-01-21 21:56:29');
INSERT INTO `interest_bonds` (`interest_bond_id`, `from_interest`, `to_interest`, `created_at`) VALUES (65, 65, 65, '1999-10-21 23:35:48');
INSERT INTO `interest_bonds` (`interest_bond_id`, `from_interest`, `to_interest`, `created_at`) VALUES (66, 66, 66, '1980-02-26 19:39:35');
INSERT INTO `interest_bonds` (`interest_bond_id`, `from_interest`, `to_interest`, `created_at`) VALUES (67, 67, 67, '2007-10-30 04:28:22');
INSERT INTO `interest_bonds` (`interest_bond_id`, `from_interest`, `to_interest`, `created_at`) VALUES (68, 68, 68, '1988-12-01 21:03:07');
INSERT INTO `interest_bonds` (`interest_bond_id`, `from_interest`, `to_interest`, `created_at`) VALUES (69, 69, 69, '1980-10-19 08:57:46');
INSERT INTO `interest_bonds` (`interest_bond_id`, `from_interest`, `to_interest`, `created_at`) VALUES (70, 70, 70, '1981-12-23 00:41:50');
INSERT INTO `interest_bonds` (`interest_bond_id`, `from_interest`, `to_interest`, `created_at`) VALUES (71, 71, 71, '1988-12-10 04:22:12');
INSERT INTO `interest_bonds` (`interest_bond_id`, `from_interest`, `to_interest`, `created_at`) VALUES (72, 72, 72, '1977-05-15 14:57:22');
INSERT INTO `interest_bonds` (`interest_bond_id`, `from_interest`, `to_interest`, `created_at`) VALUES (73, 73, 73, '1998-11-28 05:51:29');
INSERT INTO `interest_bonds` (`interest_bond_id`, `from_interest`, `to_interest`, `created_at`) VALUES (74, 74, 74, '2017-04-30 16:46:00');
INSERT INTO `interest_bonds` (`interest_bond_id`, `from_interest`, `to_interest`, `created_at`) VALUES (75, 75, 75, '2010-04-13 03:35:34');
INSERT INTO `interest_bonds` (`interest_bond_id`, `from_interest`, `to_interest`, `created_at`) VALUES (76, 76, 76, '1980-09-02 18:03:03');
INSERT INTO `interest_bonds` (`interest_bond_id`, `from_interest`, `to_interest`, `created_at`) VALUES (77, 77, 77, '2011-10-26 01:24:46');
INSERT INTO `interest_bonds` (`interest_bond_id`, `from_interest`, `to_interest`, `created_at`) VALUES (78, 78, 78, '1981-01-30 18:52:42');
INSERT INTO `interest_bonds` (`interest_bond_id`, `from_interest`, `to_interest`, `created_at`) VALUES (79, 79, 79, '1982-10-01 23:38:48');
INSERT INTO `interest_bonds` (`interest_bond_id`, `from_interest`, `to_interest`, `created_at`) VALUES (80, 80, 80, '2013-07-02 03:56:11');
INSERT INTO `interest_bonds` (`interest_bond_id`, `from_interest`, `to_interest`, `created_at`) VALUES (81, 81, 81, '2001-04-22 22:55:45');
INSERT INTO `interest_bonds` (`interest_bond_id`, `from_interest`, `to_interest`, `created_at`) VALUES (82, 82, 82, '2002-12-10 05:04:30');
INSERT INTO `interest_bonds` (`interest_bond_id`, `from_interest`, `to_interest`, `created_at`) VALUES (83, 83, 83, '1982-04-05 04:28:20');
INSERT INTO `interest_bonds` (`interest_bond_id`, `from_interest`, `to_interest`, `created_at`) VALUES (84, 84, 84, '1977-09-19 03:29:04');
INSERT INTO `interest_bonds` (`interest_bond_id`, `from_interest`, `to_interest`, `created_at`) VALUES (85, 85, 85, '2016-10-27 07:24:45');
INSERT INTO `interest_bonds` (`interest_bond_id`, `from_interest`, `to_interest`, `created_at`) VALUES (86, 86, 86, '1982-02-08 21:59:56');
INSERT INTO `interest_bonds` (`interest_bond_id`, `from_interest`, `to_interest`, `created_at`) VALUES (87, 87, 87, '1974-06-03 11:21:41');
INSERT INTO `interest_bonds` (`interest_bond_id`, `from_interest`, `to_interest`, `created_at`) VALUES (88, 88, 88, '1975-05-10 03:02:47');
INSERT INTO `interest_bonds` (`interest_bond_id`, `from_interest`, `to_interest`, `created_at`) VALUES (89, 89, 89, '1991-07-01 07:23:26');
INSERT INTO `interest_bonds` (`interest_bond_id`, `from_interest`, `to_interest`, `created_at`) VALUES (90, 90, 90, '1987-05-07 05:10:15');
INSERT INTO `interest_bonds` (`interest_bond_id`, `from_interest`, `to_interest`, `created_at`) VALUES (91, 91, 91, '2012-04-15 10:17:54');
INSERT INTO `interest_bonds` (`interest_bond_id`, `from_interest`, `to_interest`, `created_at`) VALUES (92, 92, 92, '2005-08-25 01:03:43');
INSERT INTO `interest_bonds` (`interest_bond_id`, `from_interest`, `to_interest`, `created_at`) VALUES (93, 93, 93, '2019-09-11 06:42:27');
INSERT INTO `interest_bonds` (`interest_bond_id`, `from_interest`, `to_interest`, `created_at`) VALUES (94, 94, 94, '2004-04-23 17:26:21');
INSERT INTO `interest_bonds` (`interest_bond_id`, `from_interest`, `to_interest`, `created_at`) VALUES (95, 95, 95, '1977-01-07 14:25:20');
INSERT INTO `interest_bonds` (`interest_bond_id`, `from_interest`, `to_interest`, `created_at`) VALUES (96, 96, 96, '1989-12-29 01:51:46');
INSERT INTO `interest_bonds` (`interest_bond_id`, `from_interest`, `to_interest`, `created_at`) VALUES (97, 97, 97, '1987-12-28 16:40:44');
INSERT INTO `interest_bonds` (`interest_bond_id`, `from_interest`, `to_interest`, `created_at`) VALUES (98, 98, 98, '1992-01-05 15:17:06');
INSERT INTO `interest_bonds` (`interest_bond_id`, `from_interest`, `to_interest`, `created_at`) VALUES (99, 99, 99, '1987-07-02 14:16:35');
INSERT INTO `interest_bonds` (`interest_bond_id`, `from_interest`, `to_interest`, `created_at`) VALUES (100, 100, 100, '2018-06-12 19:46:07');


#
# TABLE STRUCTURE FOR: interests
#

DROP TABLE IF EXISTS `interests`;

CREATE TABLE `interests` (
  `id` int(10) unsigned NOT NULL AUTO_INCREMENT,
  `added_by` int(10) unsigned NOT NULL,
  `name` varchar(150) COLLATE utf8_unicode_ci NOT NULL,
  `description` text COLLATE utf8_unicode_ci NOT NULL,
  PRIMARY KEY (`id`),
  KEY `name` (`name`),
  KEY `added_by` (`added_by`),
  CONSTRAINT `interests_ibfk_1` FOREIGN KEY (`added_by`) REFERENCES `users` (`id`)
) ENGINE=InnoDB AUTO_INCREMENT=101 DEFAULT CHARSET=utf8 COLLATE=utf8_unicode_ci;

INSERT INTO `interests` (`id`, `added_by`, `name`, `description`) VALUES (1, 1, 'debitis', 'Et enim soluta cumque explicabo ab voluptatem ut. Laborum et quaerat deleniti recusandae quis earum. Explicabo voluptas consequatur et suscipit voluptates velit. Tempore laboriosam minima ipsum minus repudiandae et asperiores.');
INSERT INTO `interests` (`id`, `added_by`, `name`, `description`) VALUES (2, 2, 'perspiciatis', 'Dolor sequi atque tenetur error voluptas fugit. Quod dolorem nam ducimus doloremque voluptas et incidunt labore. Dolor natus error ex quasi ut aut.');
INSERT INTO `interests` (`id`, `added_by`, `name`, `description`) VALUES (3, 3, 'dolor', 'Et et iure voluptatem doloremque et. Dolores dolores quaerat quis dolor quo. Quibusdam qui non ad.');
INSERT INTO `interests` (`id`, `added_by`, `name`, `description`) VALUES (4, 4, 'dolor', 'Expedita doloribus ea delectus deleniti voluptas qui. Sunt aut dolor quo qui. At ullam veniam ut necessitatibus dolor. Impedit recusandae ratione nihil sint commodi quia. Excepturi laudantium enim natus quasi hic.');
INSERT INTO `interests` (`id`, `added_by`, `name`, `description`) VALUES (5, 5, 'voluptatem', 'Mollitia et et ut perferendis. Rem amet natus suscipit error est. Modi et id nulla.');
INSERT INTO `interests` (`id`, `added_by`, `name`, `description`) VALUES (6, 6, 'est', 'Aliquid deserunt maiores ut quasi dolor. Est excepturi autem labore eligendi nesciunt quod.');
INSERT INTO `interests` (`id`, `added_by`, `name`, `description`) VALUES (7, 7, 'dolor', 'Voluptates accusantium officiis sed nam beatae. Nostrum maxime iure sed qui maxime dignissimos unde dolorum. Laboriosam autem nulla voluptas voluptas velit voluptates. Ipsa non laborum eaque.');
INSERT INTO `interests` (`id`, `added_by`, `name`, `description`) VALUES (8, 8, 'suscipit', 'Asperiores aut id rem rerum quaerat ad. Eaque suscipit quas harum error et. Voluptatem qui neque possimus veniam placeat cumque dolores.');
INSERT INTO `interests` (`id`, `added_by`, `name`, `description`) VALUES (9, 9, 'qui', 'Nam enim dolorem voluptate ea. Autem quis ut molestias qui quia voluptas culpa.');
INSERT INTO `interests` (`id`, `added_by`, `name`, `description`) VALUES (10, 10, 'quidem', 'Consequatur voluptatem quam esse magnam dolores laudantium. Expedita reprehenderit molestiae maxime et qui in. Rerum ad eveniet in quisquam et in et necessitatibus. Iste accusamus quidem esse cum blanditiis qui sunt et.');
INSERT INTO `interests` (`id`, `added_by`, `name`, `description`) VALUES (11, 11, 'asperiores', 'Velit distinctio ducimus quo esse. Qui sit perferendis sint soluta. Itaque iste quam beatae consequatur vel.');
INSERT INTO `interests` (`id`, `added_by`, `name`, `description`) VALUES (12, 12, 'blanditiis', 'Et aperiam dolor et est ipsa sunt repudiandae. Et quibusdam quibusdam et perferendis id possimus libero et. Harum qui reprehenderit magnam et.');
INSERT INTO `interests` (`id`, `added_by`, `name`, `description`) VALUES (13, 13, 'numquam', 'Laboriosam corrupti ullam voluptatem officiis veritatis officia unde. Eos illo nisi eum laudantium aspernatur et autem. Pariatur id minus asperiores dolorum odit sunt architecto.');
INSERT INTO `interests` (`id`, `added_by`, `name`, `description`) VALUES (14, 14, 'culpa', 'Sed quia harum ut nobis libero. Facilis aut doloribus maiores corporis provident. Ipsum laboriosam eius et doloribus accusamus.');
INSERT INTO `interests` (`id`, `added_by`, `name`, `description`) VALUES (15, 15, 'dolor', 'Optio non dignissimos accusamus et beatae. Qui aliquid placeat eos vel recusandae. Maxime excepturi adipisci voluptas voluptas dolores labore quia.');
INSERT INTO `interests` (`id`, `added_by`, `name`, `description`) VALUES (16, 16, 'omnis', 'Dolores non quisquam accusamus eum provident perspiciatis laboriosam animi. Repellat voluptatem vero aut. Tenetur eveniet ut minus ratione ullam. Recusandae delectus sed ipsum soluta eos facere.');
INSERT INTO `interests` (`id`, `added_by`, `name`, `description`) VALUES (17, 17, 'quo', 'Molestiae libero est veritatis laborum ipsam quos aliquam voluptas. Non explicabo labore adipisci voluptatibus itaque nemo a. Repudiandae dolores eligendi vitae ducimus illum. Quo ea facere facere consequatur vero necessitatibus ullam.');
INSERT INTO `interests` (`id`, `added_by`, `name`, `description`) VALUES (18, 18, 'alias', 'Animi et ipsam facilis vitae et saepe consequuntur. Sint error omnis et ipsa et et qui. Voluptatibus quas eligendi incidunt autem similique. Hic optio sunt quidem at aliquid sequi. Ut perferendis placeat soluta et.');
INSERT INTO `interests` (`id`, `added_by`, `name`, `description`) VALUES (19, 19, 'totam', 'Nulla sint dolores distinctio. Quod consequuntur officia ipsa eveniet quia. Libero ea ut ut neque doloribus consequatur. Est eius repellendus ad et laudantium.');
INSERT INTO `interests` (`id`, `added_by`, `name`, `description`) VALUES (20, 20, 'cupiditate', 'Iusto sunt ipsa eos ea distinctio eligendi. Dolores quo soluta debitis. Omnis neque quia odit. Et et voluptatem eos laudantium iste.');
INSERT INTO `interests` (`id`, `added_by`, `name`, `description`) VALUES (21, 21, 'est', 'Non vitae eligendi et quia cum. Aliquam quisquam aut tenetur pariatur modi similique. Voluptatum quia ut nobis modi sint odit error et.');
INSERT INTO `interests` (`id`, `added_by`, `name`, `description`) VALUES (22, 22, 'voluptatem', 'Distinctio facilis tempore illo dignissimos. Eum nemo deserunt aperiam aut unde illo ad. Dolorum illo saepe quas veniam unde.');
INSERT INTO `interests` (`id`, `added_by`, `name`, `description`) VALUES (23, 23, 'ut', 'Velit asperiores neque minima eum. Beatae blanditiis corporis omnis mollitia animi. Reiciendis odio id aliquid omnis nisi.');
INSERT INTO `interests` (`id`, `added_by`, `name`, `description`) VALUES (24, 24, 'voluptatem', 'Voluptate blanditiis voluptatem itaque culpa non saepe provident provident. Repellat nostrum quos ab. Perferendis accusantium velit ea itaque id consequuntur veritatis. Aut aut quod quia eveniet voluptas quo.');
INSERT INTO `interests` (`id`, `added_by`, `name`, `description`) VALUES (25, 25, 'laboriosam', 'Aut quas quae reiciendis consectetur adipisci quod dignissimos deserunt. Veritatis est soluta provident omnis voluptas.');
INSERT INTO `interests` (`id`, `added_by`, `name`, `description`) VALUES (26, 26, 'sapiente', 'Vitae architecto doloribus eos consequatur. Laboriosam vero perspiciatis aut. Aspernatur omnis unde et aut. Et qui eius alias vero est ex laboriosam.');
INSERT INTO `interests` (`id`, `added_by`, `name`, `description`) VALUES (27, 27, 'quo', 'Fugit ut repellat possimus quibusdam iusto. Sit omnis praesentium sequi dolorem. Odio iste quas doloremque voluptas. Impedit ut ea quaerat asperiores.');
INSERT INTO `interests` (`id`, `added_by`, `name`, `description`) VALUES (28, 28, 'doloribus', 'Minus distinctio ipsam eligendi earum perspiciatis. Ut et amet deserunt. Culpa qui ea modi corrupti aut. Quis saepe nemo quibusdam eaque est expedita.');
INSERT INTO `interests` (`id`, `added_by`, `name`, `description`) VALUES (29, 29, 'ut', 'Qui ut vel non perspiciatis quam. Qui sunt cumque fuga vero odit. Id et tempora voluptatem voluptatem quis et.');
INSERT INTO `interests` (`id`, `added_by`, `name`, `description`) VALUES (30, 30, 'eos', 'Excepturi odio doloribus aut. Enim qui est et quo explicabo ex. Occaecati optio veniam dolorem illo. Quia nesciunt aut dicta labore quos dolorem dolore quisquam.');
INSERT INTO `interests` (`id`, `added_by`, `name`, `description`) VALUES (31, 31, 'tempore', 'Et voluptatem repudiandae et nostrum ut. Quisquam nesciunt inventore illum harum aut. Repellendus nulla ullam eos. Esse sapiente fugit voluptatem qui.');
INSERT INTO `interests` (`id`, `added_by`, `name`, `description`) VALUES (32, 32, 'omnis', 'Vel deleniti quae doloribus laboriosam eos. Voluptatem temporibus et eum veritatis debitis praesentium nisi. Tempore cumque ut et voluptas. Sed dolores est velit molestias labore.');
INSERT INTO `interests` (`id`, `added_by`, `name`, `description`) VALUES (33, 33, 'dolore', 'Officiis numquam dolore vitae sit. In minima at voluptatem labore laboriosam tempore adipisci. Ut explicabo non deleniti eius deserunt et laborum.');
INSERT INTO `interests` (`id`, `added_by`, `name`, `description`) VALUES (34, 34, 'est', 'Recusandae accusantium doloribus maiores reiciendis. Velit magnam autem tempore iste quos temporibus. Aperiam alias est est eos et laboriosam. Et debitis voluptates voluptates debitis expedita quis pariatur minus. Blanditiis mollitia commodi eligendi illo voluptas.');
INSERT INTO `interests` (`id`, `added_by`, `name`, `description`) VALUES (35, 35, 'est', 'Vitae nesciunt non architecto in harum. Veniam deleniti minus corrupti et et recusandae aut earum. Et atque fuga et consectetur natus quam corporis. Voluptatem in amet ut occaecati at ullam ratione molestiae.');
INSERT INTO `interests` (`id`, `added_by`, `name`, `description`) VALUES (36, 36, 'labore', 'Sunt corporis vitae id rerum. Quod ut voluptas ut officia a voluptatem et. Culpa tempora atque ipsum laboriosam laboriosam autem.');
INSERT INTO `interests` (`id`, `added_by`, `name`, `description`) VALUES (37, 37, 'minima', 'Perferendis repellat ea consectetur nihil quibusdam consequatur quibusdam et. Voluptas ut asperiores ipsa molestias assumenda hic.');
INSERT INTO `interests` (`id`, `added_by`, `name`, `description`) VALUES (38, 38, 'culpa', 'Quia expedita eum aut. At consequatur deserunt dolorem labore consequatur.');
INSERT INTO `interests` (`id`, `added_by`, `name`, `description`) VALUES (39, 39, 'omnis', 'Quasi qui omnis praesentium cumque quisquam amet quas. Laboriosam quia provident et voluptatem natus nisi maxime. Et et saepe odit provident at.');
INSERT INTO `interests` (`id`, `added_by`, `name`, `description`) VALUES (40, 40, 'ratione', 'Id ad doloribus autem facilis odit qui. Porro quae dolores voluptates voluptas ut. Unde aut qui at suscipit accusamus ut.');
INSERT INTO `interests` (`id`, `added_by`, `name`, `description`) VALUES (41, 41, 'fugiat', 'Aut in et similique ab enim sit voluptas. Illum repellat sit sint cum qui. Adipisci voluptate dolor consequuntur quidem dolorum repudiandae.');
INSERT INTO `interests` (`id`, `added_by`, `name`, `description`) VALUES (42, 42, 'vero', 'Provident ad rerum architecto quia porro. Quas dolores eos corrupti aut eveniet quos odit. Voluptatum laborum quo voluptatem.');
INSERT INTO `interests` (`id`, `added_by`, `name`, `description`) VALUES (43, 43, 'omnis', 'Tempora laboriosam ab sunt voluptas est quo. Dolor consequatur omnis iure dignissimos non. Ea eum quia ipsum animi ducimus minus cumque. Atque quis quia ab dolores aut accusantium.');
INSERT INTO `interests` (`id`, `added_by`, `name`, `description`) VALUES (44, 44, 'placeat', 'Quis sapiente molestiae qui asperiores et. Ipsa minus impedit ducimus sit. Omnis repellat molestias ipsa impedit dolor reprehenderit.');
INSERT INTO `interests` (`id`, `added_by`, `name`, `description`) VALUES (45, 45, 'qui', 'Suscipit qui voluptatem eum a esse delectus consequuntur. Provident porro rerum quod aut rerum iure tenetur. Tenetur quia nulla commodi.');
INSERT INTO `interests` (`id`, `added_by`, `name`, `description`) VALUES (46, 46, 'et', 'Quis velit ut sit voluptatem quod labore rerum dolor. Animi commodi placeat fuga impedit consequatur et. Nobis enim pariatur aspernatur error. Dolorem ab consequatur itaque dolor maiores ipsum.');
INSERT INTO `interests` (`id`, `added_by`, `name`, `description`) VALUES (47, 47, 'in', 'Temporibus voluptatibus corrupti et accusantium accusantium. Esse tempora explicabo aliquam et. Reprehenderit exercitationem est consequatur vero. Quisquam qui cumque nesciunt.');
INSERT INTO `interests` (`id`, `added_by`, `name`, `description`) VALUES (48, 48, 'optio', 'Vitae praesentium unde similique officia dolorum unde. Vel iste doloribus accusantium ad. Esse maxime nam libero voluptatibus labore facere. Velit corrupti eum ut quia.');
INSERT INTO `interests` (`id`, `added_by`, `name`, `description`) VALUES (49, 49, 'consequuntur', 'Omnis quia distinctio vero non ab. Cumque autem quasi temporibus at quia. Tempora voluptate non consequatur et molestias cum.');
INSERT INTO `interests` (`id`, `added_by`, `name`, `description`) VALUES (50, 50, 'sapiente', 'Doloribus expedita voluptatum natus dolor hic soluta nihil vel. Neque rem a hic harum in. Qui ducimus eos quos rerum.');
INSERT INTO `interests` (`id`, `added_by`, `name`, `description`) VALUES (51, 51, 'eaque', 'Voluptates voluptate corporis beatae ut omnis deserunt voluptate. Exercitationem rerum reprehenderit earum quasi. Quam eveniet pariatur voluptatem quos quas omnis reiciendis eveniet.');
INSERT INTO `interests` (`id`, `added_by`, `name`, `description`) VALUES (52, 52, 'neque', 'Assumenda iure quod eos consequatur. Dolorem ut est et autem iure. Dolore nesciunt quas ex fuga quaerat itaque architecto. Qui necessitatibus qui quisquam assumenda asperiores sint.');
INSERT INTO `interests` (`id`, `added_by`, `name`, `description`) VALUES (53, 53, 'numquam', 'Commodi error facilis id. Libero in illo quos nostrum fugit. Architecto magnam nobis accusamus nihil vero.');
INSERT INTO `interests` (`id`, `added_by`, `name`, `description`) VALUES (54, 54, 'qui', 'Sit libero laborum perferendis. Laboriosam nobis quo quis. Voluptatum repellendus et doloremque aut. Odio ullam consequatur fuga velit dolorum mollitia laboriosam.');
INSERT INTO `interests` (`id`, `added_by`, `name`, `description`) VALUES (55, 55, 'sunt', 'Enim nihil aut quod aliquam a provident. Corporis exercitationem quasi sed saepe voluptatem. Nisi tempora molestias soluta eveniet id atque perspiciatis qui. Est delectus saepe ad magni sed.');
INSERT INTO `interests` (`id`, `added_by`, `name`, `description`) VALUES (56, 56, 'voluptatem', 'Qui mollitia est aut placeat sit. Velit dolor earum iure ratione facere quo nihil voluptatem. Vero quia consequatur eveniet repudiandae.');
INSERT INTO `interests` (`id`, `added_by`, `name`, `description`) VALUES (57, 57, 'praesentium', 'Deleniti eos adipisci est optio corrupti facilis. Minima aut minus maiores. Deserunt delectus eum nulla dolorum modi quidem repudiandae qui. Qui enim quas neque saepe impedit sit explicabo quia.');
INSERT INTO `interests` (`id`, `added_by`, `name`, `description`) VALUES (58, 58, 'fuga', 'Reprehenderit doloremque inventore veritatis aut dolorem unde animi. Cumque ut labore explicabo praesentium esse debitis. Nam quia consequatur et inventore quos. Ex quas officia et.');
INSERT INTO `interests` (`id`, `added_by`, `name`, `description`) VALUES (59, 59, 'quibusdam', 'Non tenetur non omnis est debitis autem odio. Esse dolorem eum exercitationem voluptatem beatae voluptate possimus. Praesentium quaerat commodi suscipit delectus tempore voluptatem quos.');
INSERT INTO `interests` (`id`, `added_by`, `name`, `description`) VALUES (60, 60, 'quo', 'Eaque est dolorem vel et soluta et id. Accusamus amet reprehenderit voluptatum nisi. Quasi culpa voluptas ipsa sunt iusto debitis exercitationem. Dicta beatae dolorem dolore iure quia.');
INSERT INTO `interests` (`id`, `added_by`, `name`, `description`) VALUES (61, 61, 'consequatur', 'Ex impedit autem sit accusantium. Est maiores cum architecto dolorem. Rem non maiores provident velit. Quisquam nisi deleniti totam repellendus enim illum.');
INSERT INTO `interests` (`id`, `added_by`, `name`, `description`) VALUES (62, 62, 'sunt', 'Aut eligendi eius rerum corporis. Nihil cum molestiae quisquam cum qui architecto. Officia quia ad unde laudantium. Voluptas quidem repellat eum sit.');
INSERT INTO `interests` (`id`, `added_by`, `name`, `description`) VALUES (63, 63, 'repellendus', 'Illum veritatis aut ex est similique sint deleniti. Fugiat quas odit delectus et voluptates quia. Ipsum eum minima ut omnis.');
INSERT INTO `interests` (`id`, `added_by`, `name`, `description`) VALUES (64, 64, 'architecto', 'Earum ipsa qui aut quia eum dolor quod. Tenetur illum autem cum saepe. Consequatur a ducimus omnis at.');
INSERT INTO `interests` (`id`, `added_by`, `name`, `description`) VALUES (65, 65, 'recusandae', 'Ut id asperiores voluptas veritatis voluptate pariatur. Quidem fuga ad libero voluptatem unde. Ut tempore quas molestias nemo. Minus odio quidem nam repellat.');
INSERT INTO `interests` (`id`, `added_by`, `name`, `description`) VALUES (66, 66, 'facere', 'Temporibus sed qui aut non. Repudiandae vitae omnis voluptatem sed quibusdam.');
INSERT INTO `interests` (`id`, `added_by`, `name`, `description`) VALUES (67, 67, 'minus', 'Id perspiciatis sed officia. Voluptates tempore quas eveniet ratione. Excepturi non magni provident et maxime. Ex quis qui fuga beatae.');
INSERT INTO `interests` (`id`, `added_by`, `name`, `description`) VALUES (68, 68, 'iusto', 'Sint assumenda ut voluptas eligendi sunt et deserunt. Eveniet minima vel qui et perspiciatis. Ut error qui aut molestias sint. Non veritatis eveniet sed.');
INSERT INTO `interests` (`id`, `added_by`, `name`, `description`) VALUES (69, 69, 'occaecati', 'Sapiente voluptas provident aperiam odit et perferendis magni. Voluptas quae itaque quo distinctio nisi. Ut deleniti qui laborum expedita debitis assumenda.');
INSERT INTO `interests` (`id`, `added_by`, `name`, `description`) VALUES (70, 70, 'numquam', 'Perferendis nam nihil ut commodi cum magni pariatur. Sit ea impedit optio fugiat. Sint quia et ullam animi dicta.');
INSERT INTO `interests` (`id`, `added_by`, `name`, `description`) VALUES (71, 71, 'mollitia', 'Illo temporibus nisi blanditiis omnis. Placeat ea tempora nam at inventore iusto. Sed voluptatem non repellendus iure quisquam. Reiciendis vel porro quia ut.');
INSERT INTO `interests` (`id`, `added_by`, `name`, `description`) VALUES (72, 72, 'et', 'Dolor non at quo tenetur consequatur ullam provident. Nihil esse ab et voluptatem. Cum aut velit ipsum repudiandae ad.');
INSERT INTO `interests` (`id`, `added_by`, `name`, `description`) VALUES (73, 73, 'unde', 'Aliquid assumenda iure harum et neque et dolore. Vel molestiae cupiditate rerum nobis. Veniam laborum magni sunt.');
INSERT INTO `interests` (`id`, `added_by`, `name`, `description`) VALUES (74, 74, 'alias', 'Perspiciatis sequi rem quos nisi dignissimos. Itaque mollitia rerum nihil optio. Assumenda accusantium quia ratione veritatis amet dolores voluptas. Laudantium laborum ut et quo voluptatem id. Neque laboriosam maxime consequatur facere ut.');
INSERT INTO `interests` (`id`, `added_by`, `name`, `description`) VALUES (75, 75, 'molestiae', 'In blanditiis aut qui laboriosam expedita. Quas quas veritatis quidem aut repellat. Deleniti temporibus et cupiditate ut.');
INSERT INTO `interests` (`id`, `added_by`, `name`, `description`) VALUES (76, 76, 'quos', 'Similique sunt ut dolorum velit rerum et cupiditate. Nulla mollitia eos labore velit dolor non et dicta. Soluta aliquam modi ipsa voluptatem.');
INSERT INTO `interests` (`id`, `added_by`, `name`, `description`) VALUES (77, 77, 'numquam', 'Dignissimos amet ut cumque. Quam eius dolore aliquid asperiores.');
INSERT INTO `interests` (`id`, `added_by`, `name`, `description`) VALUES (78, 78, 'ipsam', 'Ut a vitae aut ut dolorem ratione esse. Facilis modi veritatis odio. Inventore beatae ea est sed ex. Rerum modi omnis iste aliquam rerum architecto quis dolores. Placeat delectus ut ipsam quos repudiandae repudiandae.');
INSERT INTO `interests` (`id`, `added_by`, `name`, `description`) VALUES (79, 79, 'debitis', 'Sed mollitia rerum est voluptatem. Harum placeat omnis ex excepturi et eaque. Non voluptatem itaque hic vel et dolorum incidunt fuga.');
INSERT INTO `interests` (`id`, `added_by`, `name`, `description`) VALUES (80, 80, 'voluptas', 'Voluptatem quod sit qui et. Adipisci unde odit soluta qui perferendis a voluptatibus. Quo nobis hic accusantium sapiente sed.');
INSERT INTO `interests` (`id`, `added_by`, `name`, `description`) VALUES (81, 81, 'delectus', 'Aspernatur ipsa autem esse delectus nihil officiis voluptatem. Totam pariatur incidunt accusantium voluptatibus eos. Tenetur quisquam quis sit quis.');
INSERT INTO `interests` (`id`, `added_by`, `name`, `description`) VALUES (82, 82, 'nisi', 'Ut recusandae non voluptas eos vel est. Voluptatem voluptas excepturi consequatur consequatur exercitationem nemo. Dolorem repellendus placeat qui excepturi. Reprehenderit rerum ut sit alias sunt sequi ad.');
INSERT INTO `interests` (`id`, `added_by`, `name`, `description`) VALUES (83, 83, 'ut', 'Qui ut quia aut aut. Sunt exercitationem tenetur perspiciatis maxime. Odit quis inventore animi nam aperiam quod a. Et qui culpa laboriosam fugiat qui.');
INSERT INTO `interests` (`id`, `added_by`, `name`, `description`) VALUES (84, 84, 'eveniet', 'Id esse reiciendis repudiandae. Pariatur rerum et deleniti praesentium. Quos explicabo fugit rem magni repellat et minima. Atque quod aperiam hic quos amet ut nulla.');
INSERT INTO `interests` (`id`, `added_by`, `name`, `description`) VALUES (85, 85, 'omnis', 'Voluptate dignissimos amet et est quasi enim. Blanditiis id voluptatem rerum facilis fugit. Quaerat illo consequatur quia. Et est vel enim quasi dolores neque.');
INSERT INTO `interests` (`id`, `added_by`, `name`, `description`) VALUES (86, 86, 'beatae', 'Qui rerum quisquam facilis maxime sit veritatis rem. Ea eius iste iure quisquam rerum labore magnam. Non optio sed aut ratione.');
INSERT INTO `interests` (`id`, `added_by`, `name`, `description`) VALUES (87, 87, 'qui', 'Ad expedita consequuntur autem consequatur quia. Qui repellendus quis aliquid qui. Voluptas animi et eos voluptatem sed sed. Ea et quis amet doloribus in nobis.');
INSERT INTO `interests` (`id`, `added_by`, `name`, `description`) VALUES (88, 88, 'fugit', 'Voluptates animi deserunt dolore. Fuga repellendus id non molestiae.');
INSERT INTO `interests` (`id`, `added_by`, `name`, `description`) VALUES (89, 89, 'quibusdam', 'Ipsa veritatis quo perferendis quia. Labore nobis totam quo ratione. Odio quisquam ullam veniam dolorem. Veritatis quae minima commodi aut impedit error.');
INSERT INTO `interests` (`id`, `added_by`, `name`, `description`) VALUES (90, 90, 'eos', 'Sit voluptatem doloremque voluptatum numquam vel voluptatibus explicabo. Voluptatibus eveniet consectetur porro numquam cumque quo. Vitae optio est et dicta esse hic. Ab non officiis magni vitae et velit.');
INSERT INTO `interests` (`id`, `added_by`, `name`, `description`) VALUES (91, 91, 'recusandae', 'Sed assumenda minima corporis et porro eligendi. Nisi repellat et nulla aut minima earum dolore deleniti. Reiciendis voluptatem adipisci sed minima placeat. Non voluptatibus quo dolores eos odit dolor esse quasi.');
INSERT INTO `interests` (`id`, `added_by`, `name`, `description`) VALUES (92, 92, 'voluptatem', 'Dolore ex quas nostrum est qui est dolores dolorum. Cupiditate nam qui provident ipsum provident maiores. Laboriosam voluptatem delectus accusamus magni.');
INSERT INTO `interests` (`id`, `added_by`, `name`, `description`) VALUES (93, 93, 'qui', 'Reprehenderit distinctio perspiciatis est qui voluptatem fugit exercitationem. Doloremque assumenda molestiae vel eum rerum.');
INSERT INTO `interests` (`id`, `added_by`, `name`, `description`) VALUES (94, 94, 'debitis', 'Sint rem laborum at voluptas. Sequi dolor dolores rerum ut voluptatem natus sunt. Voluptas sit voluptatibus et dolorem. Eaque aut nulla quo facilis ab.');
INSERT INTO `interests` (`id`, `added_by`, `name`, `description`) VALUES (95, 95, 'amet', 'Sunt optio ut aut in inventore. Molestiae et et at reiciendis ipsam placeat recusandae. Ab dolorem similique et autem.');
INSERT INTO `interests` (`id`, `added_by`, `name`, `description`) VALUES (96, 96, 'ut', 'Nihil quo sunt qui qui. Voluptas aspernatur ab magnam esse cupiditate autem autem. Animi quae ut laboriosam veritatis et eligendi provident ex. Neque placeat cumque atque.');
INSERT INTO `interests` (`id`, `added_by`, `name`, `description`) VALUES (97, 97, 'laborum', 'Sed deserunt unde voluptatem distinctio dicta. Illum totam mollitia enim in. Sint rerum voluptatum rerum. Aliquid voluptatem molestiae similique vel aut perferendis.');
INSERT INTO `interests` (`id`, `added_by`, `name`, `description`) VALUES (98, 98, 'non', 'Sequi optio suscipit incidunt quis. Repellat rem ea eveniet id illo. Iste sit autem ex quis explicabo iste. Perferendis fugiat mollitia minus numquam animi.');
INSERT INTO `interests` (`id`, `added_by`, `name`, `description`) VALUES (99, 99, 'vitae', 'Voluptatem perferendis beatae eius magni sit quod impedit. Quo vel voluptas eaque ducimus nisi. Saepe occaecati quae veniam esse.');
INSERT INTO `interests` (`id`, `added_by`, `name`, `description`) VALUES (100, 100, 'dolorem', 'Labore tenetur unde distinctio reiciendis. In repellat illum odio aliquam dolor. Sint sint quia eum quia eos ratione. Facere ratione ad commodi consequuntur impedit.');


#
# TABLE STRUCTURE FOR: interests_skills
#

DROP TABLE IF EXISTS `interests_skills`;

CREATE TABLE `interests_skills` (
  `id` int(10) unsigned NOT NULL AUTO_INCREMENT,
  `interest_id` int(10) unsigned NOT NULL,
  `skill_id` int(10) unsigned NOT NULL,
  PRIMARY KEY (`id`),
  KEY `interest_id` (`interest_id`),
  KEY `skill_id` (`skill_id`),
  CONSTRAINT `interests_skills_ibfk_1` FOREIGN KEY (`interest_id`) REFERENCES `interests` (`id`),
  CONSTRAINT `interests_skills_ibfk_2` FOREIGN KEY (`skill_id`) REFERENCES `skills` (`id`)
) ENGINE=InnoDB AUTO_INCREMENT=101 DEFAULT CHARSET=utf8 COLLATE=utf8_unicode_ci;

INSERT INTO `interests_skills` (`id`, `interest_id`, `skill_id`) VALUES (1, 1, 1);
INSERT INTO `interests_skills` (`id`, `interest_id`, `skill_id`) VALUES (2, 2, 2);
INSERT INTO `interests_skills` (`id`, `interest_id`, `skill_id`) VALUES (3, 3, 3);
INSERT INTO `interests_skills` (`id`, `interest_id`, `skill_id`) VALUES (4, 4, 4);
INSERT INTO `interests_skills` (`id`, `interest_id`, `skill_id`) VALUES (5, 5, 5);
INSERT INTO `interests_skills` (`id`, `interest_id`, `skill_id`) VALUES (6, 6, 6);
INSERT INTO `interests_skills` (`id`, `interest_id`, `skill_id`) VALUES (7, 7, 7);
INSERT INTO `interests_skills` (`id`, `interest_id`, `skill_id`) VALUES (8, 8, 8);
INSERT INTO `interests_skills` (`id`, `interest_id`, `skill_id`) VALUES (9, 9, 9);
INSERT INTO `interests_skills` (`id`, `interest_id`, `skill_id`) VALUES (10, 10, 10);
INSERT INTO `interests_skills` (`id`, `interest_id`, `skill_id`) VALUES (11, 11, 11);
INSERT INTO `interests_skills` (`id`, `interest_id`, `skill_id`) VALUES (12, 12, 12);
INSERT INTO `interests_skills` (`id`, `interest_id`, `skill_id`) VALUES (13, 13, 13);
INSERT INTO `interests_skills` (`id`, `interest_id`, `skill_id`) VALUES (14, 14, 14);
INSERT INTO `interests_skills` (`id`, `interest_id`, `skill_id`) VALUES (15, 15, 15);
INSERT INTO `interests_skills` (`id`, `interest_id`, `skill_id`) VALUES (16, 16, 16);
INSERT INTO `interests_skills` (`id`, `interest_id`, `skill_id`) VALUES (17, 17, 17);
INSERT INTO `interests_skills` (`id`, `interest_id`, `skill_id`) VALUES (18, 18, 18);
INSERT INTO `interests_skills` (`id`, `interest_id`, `skill_id`) VALUES (19, 19, 19);
INSERT INTO `interests_skills` (`id`, `interest_id`, `skill_id`) VALUES (20, 20, 20);
INSERT INTO `interests_skills` (`id`, `interest_id`, `skill_id`) VALUES (21, 21, 21);
INSERT INTO `interests_skills` (`id`, `interest_id`, `skill_id`) VALUES (22, 22, 22);
INSERT INTO `interests_skills` (`id`, `interest_id`, `skill_id`) VALUES (23, 23, 23);
INSERT INTO `interests_skills` (`id`, `interest_id`, `skill_id`) VALUES (24, 24, 24);
INSERT INTO `interests_skills` (`id`, `interest_id`, `skill_id`) VALUES (25, 25, 25);
INSERT INTO `interests_skills` (`id`, `interest_id`, `skill_id`) VALUES (26, 26, 26);
INSERT INTO `interests_skills` (`id`, `interest_id`, `skill_id`) VALUES (27, 27, 27);
INSERT INTO `interests_skills` (`id`, `interest_id`, `skill_id`) VALUES (28, 28, 28);
INSERT INTO `interests_skills` (`id`, `interest_id`, `skill_id`) VALUES (29, 29, 29);
INSERT INTO `interests_skills` (`id`, `interest_id`, `skill_id`) VALUES (30, 30, 30);
INSERT INTO `interests_skills` (`id`, `interest_id`, `skill_id`) VALUES (31, 31, 31);
INSERT INTO `interests_skills` (`id`, `interest_id`, `skill_id`) VALUES (32, 32, 32);
INSERT INTO `interests_skills` (`id`, `interest_id`, `skill_id`) VALUES (33, 33, 33);
INSERT INTO `interests_skills` (`id`, `interest_id`, `skill_id`) VALUES (34, 34, 34);
INSERT INTO `interests_skills` (`id`, `interest_id`, `skill_id`) VALUES (35, 35, 35);
INSERT INTO `interests_skills` (`id`, `interest_id`, `skill_id`) VALUES (36, 36, 36);
INSERT INTO `interests_skills` (`id`, `interest_id`, `skill_id`) VALUES (37, 37, 37);
INSERT INTO `interests_skills` (`id`, `interest_id`, `skill_id`) VALUES (38, 38, 38);
INSERT INTO `interests_skills` (`id`, `interest_id`, `skill_id`) VALUES (39, 39, 39);
INSERT INTO `interests_skills` (`id`, `interest_id`, `skill_id`) VALUES (40, 40, 40);
INSERT INTO `interests_skills` (`id`, `interest_id`, `skill_id`) VALUES (41, 41, 41);
INSERT INTO `interests_skills` (`id`, `interest_id`, `skill_id`) VALUES (42, 42, 42);
INSERT INTO `interests_skills` (`id`, `interest_id`, `skill_id`) VALUES (43, 43, 43);
INSERT INTO `interests_skills` (`id`, `interest_id`, `skill_id`) VALUES (44, 44, 44);
INSERT INTO `interests_skills` (`id`, `interest_id`, `skill_id`) VALUES (45, 45, 45);
INSERT INTO `interests_skills` (`id`, `interest_id`, `skill_id`) VALUES (46, 46, 46);
INSERT INTO `interests_skills` (`id`, `interest_id`, `skill_id`) VALUES (47, 47, 47);
INSERT INTO `interests_skills` (`id`, `interest_id`, `skill_id`) VALUES (48, 48, 48);
INSERT INTO `interests_skills` (`id`, `interest_id`, `skill_id`) VALUES (49, 49, 49);
INSERT INTO `interests_skills` (`id`, `interest_id`, `skill_id`) VALUES (50, 50, 50);
INSERT INTO `interests_skills` (`id`, `interest_id`, `skill_id`) VALUES (51, 51, 51);
INSERT INTO `interests_skills` (`id`, `interest_id`, `skill_id`) VALUES (52, 52, 52);
INSERT INTO `interests_skills` (`id`, `interest_id`, `skill_id`) VALUES (53, 53, 53);
INSERT INTO `interests_skills` (`id`, `interest_id`, `skill_id`) VALUES (54, 54, 54);
INSERT INTO `interests_skills` (`id`, `interest_id`, `skill_id`) VALUES (55, 55, 55);
INSERT INTO `interests_skills` (`id`, `interest_id`, `skill_id`) VALUES (56, 56, 56);
INSERT INTO `interests_skills` (`id`, `interest_id`, `skill_id`) VALUES (57, 57, 57);
INSERT INTO `interests_skills` (`id`, `interest_id`, `skill_id`) VALUES (58, 58, 58);
INSERT INTO `interests_skills` (`id`, `interest_id`, `skill_id`) VALUES (59, 59, 59);
INSERT INTO `interests_skills` (`id`, `interest_id`, `skill_id`) VALUES (60, 60, 60);
INSERT INTO `interests_skills` (`id`, `interest_id`, `skill_id`) VALUES (61, 61, 61);
INSERT INTO `interests_skills` (`id`, `interest_id`, `skill_id`) VALUES (62, 62, 62);
INSERT INTO `interests_skills` (`id`, `interest_id`, `skill_id`) VALUES (63, 63, 63);
INSERT INTO `interests_skills` (`id`, `interest_id`, `skill_id`) VALUES (64, 64, 64);
INSERT INTO `interests_skills` (`id`, `interest_id`, `skill_id`) VALUES (65, 65, 65);
INSERT INTO `interests_skills` (`id`, `interest_id`, `skill_id`) VALUES (66, 66, 66);
INSERT INTO `interests_skills` (`id`, `interest_id`, `skill_id`) VALUES (67, 67, 67);
INSERT INTO `interests_skills` (`id`, `interest_id`, `skill_id`) VALUES (68, 68, 68);
INSERT INTO `interests_skills` (`id`, `interest_id`, `skill_id`) VALUES (69, 69, 69);
INSERT INTO `interests_skills` (`id`, `interest_id`, `skill_id`) VALUES (70, 70, 70);
INSERT INTO `interests_skills` (`id`, `interest_id`, `skill_id`) VALUES (71, 71, 71);
INSERT INTO `interests_skills` (`id`, `interest_id`, `skill_id`) VALUES (72, 72, 72);
INSERT INTO `interests_skills` (`id`, `interest_id`, `skill_id`) VALUES (73, 73, 73);
INSERT INTO `interests_skills` (`id`, `interest_id`, `skill_id`) VALUES (74, 74, 74);
INSERT INTO `interests_skills` (`id`, `interest_id`, `skill_id`) VALUES (75, 75, 75);
INSERT INTO `interests_skills` (`id`, `interest_id`, `skill_id`) VALUES (76, 76, 76);
INSERT INTO `interests_skills` (`id`, `interest_id`, `skill_id`) VALUES (77, 77, 77);
INSERT INTO `interests_skills` (`id`, `interest_id`, `skill_id`) VALUES (78, 78, 78);
INSERT INTO `interests_skills` (`id`, `interest_id`, `skill_id`) VALUES (79, 79, 79);
INSERT INTO `interests_skills` (`id`, `interest_id`, `skill_id`) VALUES (80, 80, 80);
INSERT INTO `interests_skills` (`id`, `interest_id`, `skill_id`) VALUES (81, 81, 81);
INSERT INTO `interests_skills` (`id`, `interest_id`, `skill_id`) VALUES (82, 82, 82);
INSERT INTO `interests_skills` (`id`, `interest_id`, `skill_id`) VALUES (83, 83, 83);
INSERT INTO `interests_skills` (`id`, `interest_id`, `skill_id`) VALUES (84, 84, 84);
INSERT INTO `interests_skills` (`id`, `interest_id`, `skill_id`) VALUES (85, 85, 85);
INSERT INTO `interests_skills` (`id`, `interest_id`, `skill_id`) VALUES (86, 86, 86);
INSERT INTO `interests_skills` (`id`, `interest_id`, `skill_id`) VALUES (87, 87, 87);
INSERT INTO `interests_skills` (`id`, `interest_id`, `skill_id`) VALUES (88, 88, 88);
INSERT INTO `interests_skills` (`id`, `interest_id`, `skill_id`) VALUES (89, 89, 89);
INSERT INTO `interests_skills` (`id`, `interest_id`, `skill_id`) VALUES (90, 90, 90);
INSERT INTO `interests_skills` (`id`, `interest_id`, `skill_id`) VALUES (91, 91, 91);
INSERT INTO `interests_skills` (`id`, `interest_id`, `skill_id`) VALUES (92, 92, 92);
INSERT INTO `interests_skills` (`id`, `interest_id`, `skill_id`) VALUES (93, 93, 93);
INSERT INTO `interests_skills` (`id`, `interest_id`, `skill_id`) VALUES (94, 94, 94);
INSERT INTO `interests_skills` (`id`, `interest_id`, `skill_id`) VALUES (95, 95, 95);
INSERT INTO `interests_skills` (`id`, `interest_id`, `skill_id`) VALUES (96, 96, 96);
INSERT INTO `interests_skills` (`id`, `interest_id`, `skill_id`) VALUES (97, 97, 97);
INSERT INTO `interests_skills` (`id`, `interest_id`, `skill_id`) VALUES (98, 98, 98);
INSERT INTO `interests_skills` (`id`, `interest_id`, `skill_id`) VALUES (99, 99, 99);
INSERT INTO `interests_skills` (`id`, `interest_id`, `skill_id`) VALUES (100, 100, 100);


#
# TABLE STRUCTURE FOR: interests_vacancies
#

DROP TABLE IF EXISTS `interests_vacancies`;

CREATE TABLE `interests_vacancies` (
  `id` int(10) unsigned NOT NULL AUTO_INCREMENT,
  `vacancy_id` int(10) unsigned NOT NULL,
  `interest_id` int(10) unsigned NOT NULL,
  PRIMARY KEY (`id`),
  KEY `vacancy_id` (`vacancy_id`),
  KEY `interest_id` (`interest_id`),
  CONSTRAINT `interests_vacancies_ibfk_1` FOREIGN KEY (`vacancy_id`) REFERENCES `vacancies` (`id`),
  CONSTRAINT `interests_vacancies_ibfk_2` FOREIGN KEY (`interest_id`) REFERENCES `interests` (`id`)
) ENGINE=InnoDB AUTO_INCREMENT=101 DEFAULT CHARSET=utf8 COLLATE=utf8_unicode_ci;

INSERT INTO `interests_vacancies` (`id`, `vacancy_id`, `interest_id`) VALUES (1, 1, 1);
INSERT INTO `interests_vacancies` (`id`, `vacancy_id`, `interest_id`) VALUES (2, 2, 2);
INSERT INTO `interests_vacancies` (`id`, `vacancy_id`, `interest_id`) VALUES (3, 3, 3);
INSERT INTO `interests_vacancies` (`id`, `vacancy_id`, `interest_id`) VALUES (4, 4, 4);
INSERT INTO `interests_vacancies` (`id`, `vacancy_id`, `interest_id`) VALUES (5, 5, 5);
INSERT INTO `interests_vacancies` (`id`, `vacancy_id`, `interest_id`) VALUES (6, 6, 6);
INSERT INTO `interests_vacancies` (`id`, `vacancy_id`, `interest_id`) VALUES (7, 7, 7);
INSERT INTO `interests_vacancies` (`id`, `vacancy_id`, `interest_id`) VALUES (8, 8, 8);
INSERT INTO `interests_vacancies` (`id`, `vacancy_id`, `interest_id`) VALUES (9, 9, 9);
INSERT INTO `interests_vacancies` (`id`, `vacancy_id`, `interest_id`) VALUES (10, 10, 10);
INSERT INTO `interests_vacancies` (`id`, `vacancy_id`, `interest_id`) VALUES (11, 11, 11);
INSERT INTO `interests_vacancies` (`id`, `vacancy_id`, `interest_id`) VALUES (12, 12, 12);
INSERT INTO `interests_vacancies` (`id`, `vacancy_id`, `interest_id`) VALUES (13, 13, 13);
INSERT INTO `interests_vacancies` (`id`, `vacancy_id`, `interest_id`) VALUES (14, 14, 14);
INSERT INTO `interests_vacancies` (`id`, `vacancy_id`, `interest_id`) VALUES (15, 15, 15);
INSERT INTO `interests_vacancies` (`id`, `vacancy_id`, `interest_id`) VALUES (16, 16, 16);
INSERT INTO `interests_vacancies` (`id`, `vacancy_id`, `interest_id`) VALUES (17, 17, 17);
INSERT INTO `interests_vacancies` (`id`, `vacancy_id`, `interest_id`) VALUES (18, 18, 18);
INSERT INTO `interests_vacancies` (`id`, `vacancy_id`, `interest_id`) VALUES (19, 19, 19);
INSERT INTO `interests_vacancies` (`id`, `vacancy_id`, `interest_id`) VALUES (20, 20, 20);
INSERT INTO `interests_vacancies` (`id`, `vacancy_id`, `interest_id`) VALUES (21, 21, 21);
INSERT INTO `interests_vacancies` (`id`, `vacancy_id`, `interest_id`) VALUES (22, 22, 22);
INSERT INTO `interests_vacancies` (`id`, `vacancy_id`, `interest_id`) VALUES (23, 23, 23);
INSERT INTO `interests_vacancies` (`id`, `vacancy_id`, `interest_id`) VALUES (24, 24, 24);
INSERT INTO `interests_vacancies` (`id`, `vacancy_id`, `interest_id`) VALUES (25, 25, 25);
INSERT INTO `interests_vacancies` (`id`, `vacancy_id`, `interest_id`) VALUES (26, 26, 26);
INSERT INTO `interests_vacancies` (`id`, `vacancy_id`, `interest_id`) VALUES (27, 27, 27);
INSERT INTO `interests_vacancies` (`id`, `vacancy_id`, `interest_id`) VALUES (28, 28, 28);
INSERT INTO `interests_vacancies` (`id`, `vacancy_id`, `interest_id`) VALUES (29, 29, 29);
INSERT INTO `interests_vacancies` (`id`, `vacancy_id`, `interest_id`) VALUES (30, 30, 30);
INSERT INTO `interests_vacancies` (`id`, `vacancy_id`, `interest_id`) VALUES (31, 31, 31);
INSERT INTO `interests_vacancies` (`id`, `vacancy_id`, `interest_id`) VALUES (32, 32, 32);
INSERT INTO `interests_vacancies` (`id`, `vacancy_id`, `interest_id`) VALUES (33, 33, 33);
INSERT INTO `interests_vacancies` (`id`, `vacancy_id`, `interest_id`) VALUES (34, 34, 34);
INSERT INTO `interests_vacancies` (`id`, `vacancy_id`, `interest_id`) VALUES (35, 35, 35);
INSERT INTO `interests_vacancies` (`id`, `vacancy_id`, `interest_id`) VALUES (36, 36, 36);
INSERT INTO `interests_vacancies` (`id`, `vacancy_id`, `interest_id`) VALUES (37, 37, 37);
INSERT INTO `interests_vacancies` (`id`, `vacancy_id`, `interest_id`) VALUES (38, 38, 38);
INSERT INTO `interests_vacancies` (`id`, `vacancy_id`, `interest_id`) VALUES (39, 39, 39);
INSERT INTO `interests_vacancies` (`id`, `vacancy_id`, `interest_id`) VALUES (40, 40, 40);
INSERT INTO `interests_vacancies` (`id`, `vacancy_id`, `interest_id`) VALUES (41, 41, 41);
INSERT INTO `interests_vacancies` (`id`, `vacancy_id`, `interest_id`) VALUES (42, 42, 42);
INSERT INTO `interests_vacancies` (`id`, `vacancy_id`, `interest_id`) VALUES (43, 43, 43);
INSERT INTO `interests_vacancies` (`id`, `vacancy_id`, `interest_id`) VALUES (44, 44, 44);
INSERT INTO `interests_vacancies` (`id`, `vacancy_id`, `interest_id`) VALUES (45, 45, 45);
INSERT INTO `interests_vacancies` (`id`, `vacancy_id`, `interest_id`) VALUES (46, 46, 46);
INSERT INTO `interests_vacancies` (`id`, `vacancy_id`, `interest_id`) VALUES (47, 47, 47);
INSERT INTO `interests_vacancies` (`id`, `vacancy_id`, `interest_id`) VALUES (48, 48, 48);
INSERT INTO `interests_vacancies` (`id`, `vacancy_id`, `interest_id`) VALUES (49, 49, 49);
INSERT INTO `interests_vacancies` (`id`, `vacancy_id`, `interest_id`) VALUES (50, 50, 50);
INSERT INTO `interests_vacancies` (`id`, `vacancy_id`, `interest_id`) VALUES (51, 51, 51);
INSERT INTO `interests_vacancies` (`id`, `vacancy_id`, `interest_id`) VALUES (52, 52, 52);
INSERT INTO `interests_vacancies` (`id`, `vacancy_id`, `interest_id`) VALUES (53, 53, 53);
INSERT INTO `interests_vacancies` (`id`, `vacancy_id`, `interest_id`) VALUES (54, 54, 54);
INSERT INTO `interests_vacancies` (`id`, `vacancy_id`, `interest_id`) VALUES (55, 55, 55);
INSERT INTO `interests_vacancies` (`id`, `vacancy_id`, `interest_id`) VALUES (56, 56, 56);
INSERT INTO `interests_vacancies` (`id`, `vacancy_id`, `interest_id`) VALUES (57, 57, 57);
INSERT INTO `interests_vacancies` (`id`, `vacancy_id`, `interest_id`) VALUES (58, 58, 58);
INSERT INTO `interests_vacancies` (`id`, `vacancy_id`, `interest_id`) VALUES (59, 59, 59);
INSERT INTO `interests_vacancies` (`id`, `vacancy_id`, `interest_id`) VALUES (60, 60, 60);
INSERT INTO `interests_vacancies` (`id`, `vacancy_id`, `interest_id`) VALUES (61, 61, 61);
INSERT INTO `interests_vacancies` (`id`, `vacancy_id`, `interest_id`) VALUES (62, 62, 62);
INSERT INTO `interests_vacancies` (`id`, `vacancy_id`, `interest_id`) VALUES (63, 63, 63);
INSERT INTO `interests_vacancies` (`id`, `vacancy_id`, `interest_id`) VALUES (64, 64, 64);
INSERT INTO `interests_vacancies` (`id`, `vacancy_id`, `interest_id`) VALUES (65, 65, 65);
INSERT INTO `interests_vacancies` (`id`, `vacancy_id`, `interest_id`) VALUES (66, 66, 66);
INSERT INTO `interests_vacancies` (`id`, `vacancy_id`, `interest_id`) VALUES (67, 67, 67);
INSERT INTO `interests_vacancies` (`id`, `vacancy_id`, `interest_id`) VALUES (68, 68, 68);
INSERT INTO `interests_vacancies` (`id`, `vacancy_id`, `interest_id`) VALUES (69, 69, 69);
INSERT INTO `interests_vacancies` (`id`, `vacancy_id`, `interest_id`) VALUES (70, 70, 70);
INSERT INTO `interests_vacancies` (`id`, `vacancy_id`, `interest_id`) VALUES (71, 71, 71);
INSERT INTO `interests_vacancies` (`id`, `vacancy_id`, `interest_id`) VALUES (72, 72, 72);
INSERT INTO `interests_vacancies` (`id`, `vacancy_id`, `interest_id`) VALUES (73, 73, 73);
INSERT INTO `interests_vacancies` (`id`, `vacancy_id`, `interest_id`) VALUES (74, 74, 74);
INSERT INTO `interests_vacancies` (`id`, `vacancy_id`, `interest_id`) VALUES (75, 75, 75);
INSERT INTO `interests_vacancies` (`id`, `vacancy_id`, `interest_id`) VALUES (76, 76, 76);
INSERT INTO `interests_vacancies` (`id`, `vacancy_id`, `interest_id`) VALUES (77, 77, 77);
INSERT INTO `interests_vacancies` (`id`, `vacancy_id`, `interest_id`) VALUES (78, 78, 78);
INSERT INTO `interests_vacancies` (`id`, `vacancy_id`, `interest_id`) VALUES (79, 79, 79);
INSERT INTO `interests_vacancies` (`id`, `vacancy_id`, `interest_id`) VALUES (80, 80, 80);
INSERT INTO `interests_vacancies` (`id`, `vacancy_id`, `interest_id`) VALUES (81, 81, 81);
INSERT INTO `interests_vacancies` (`id`, `vacancy_id`, `interest_id`) VALUES (82, 82, 82);
INSERT INTO `interests_vacancies` (`id`, `vacancy_id`, `interest_id`) VALUES (83, 83, 83);
INSERT INTO `interests_vacancies` (`id`, `vacancy_id`, `interest_id`) VALUES (84, 84, 84);
INSERT INTO `interests_vacancies` (`id`, `vacancy_id`, `interest_id`) VALUES (85, 85, 85);
INSERT INTO `interests_vacancies` (`id`, `vacancy_id`, `interest_id`) VALUES (86, 86, 86);
INSERT INTO `interests_vacancies` (`id`, `vacancy_id`, `interest_id`) VALUES (87, 87, 87);
INSERT INTO `interests_vacancies` (`id`, `vacancy_id`, `interest_id`) VALUES (88, 88, 88);
INSERT INTO `interests_vacancies` (`id`, `vacancy_id`, `interest_id`) VALUES (89, 89, 89);
INSERT INTO `interests_vacancies` (`id`, `vacancy_id`, `interest_id`) VALUES (90, 90, 90);
INSERT INTO `interests_vacancies` (`id`, `vacancy_id`, `interest_id`) VALUES (91, 91, 91);
INSERT INTO `interests_vacancies` (`id`, `vacancy_id`, `interest_id`) VALUES (92, 92, 92);
INSERT INTO `interests_vacancies` (`id`, `vacancy_id`, `interest_id`) VALUES (93, 93, 93);
INSERT INTO `interests_vacancies` (`id`, `vacancy_id`, `interest_id`) VALUES (94, 94, 94);
INSERT INTO `interests_vacancies` (`id`, `vacancy_id`, `interest_id`) VALUES (95, 95, 95);
INSERT INTO `interests_vacancies` (`id`, `vacancy_id`, `interest_id`) VALUES (96, 96, 96);
INSERT INTO `interests_vacancies` (`id`, `vacancy_id`, `interest_id`) VALUES (97, 97, 97);
INSERT INTO `interests_vacancies` (`id`, `vacancy_id`, `interest_id`) VALUES (98, 98, 98);
INSERT INTO `interests_vacancies` (`id`, `vacancy_id`, `interest_id`) VALUES (99, 99, 99);
INSERT INTO `interests_vacancies` (`id`, `vacancy_id`, `interest_id`) VALUES (100, 100, 100);


#
# TABLE STRUCTURE FOR: keyword_bonds
#

DROP TABLE IF EXISTS `keyword_bonds`;

CREATE TABLE `keyword_bonds` (
  `keyword_bond_id` int(10) unsigned NOT NULL AUTO_INCREMENT,
  `from_keyword` int(10) unsigned NOT NULL,
  `to_keyword` int(10) unsigned NOT NULL,
  `created_at` datetime DEFAULT current_timestamp(),
  PRIMARY KEY (`keyword_bond_id`),
  KEY `from_keyword` (`from_keyword`),
  KEY `to_keyword` (`to_keyword`),
  CONSTRAINT `keyword_bonds_ibfk_1` FOREIGN KEY (`from_keyword`) REFERENCES `keywords` (`id`),
  CONSTRAINT `keyword_bonds_ibfk_2` FOREIGN KEY (`to_keyword`) REFERENCES `keywords` (`id`)
) ENGINE=InnoDB AUTO_INCREMENT=101 DEFAULT CHARSET=utf8 COLLATE=utf8_unicode_ci;

INSERT INTO `keyword_bonds` (`keyword_bond_id`, `from_keyword`, `to_keyword`, `created_at`) VALUES (1, 1, 1, '1982-01-19 22:28:40');
INSERT INTO `keyword_bonds` (`keyword_bond_id`, `from_keyword`, `to_keyword`, `created_at`) VALUES (2, 2, 2, '1994-08-18 16:20:47');
INSERT INTO `keyword_bonds` (`keyword_bond_id`, `from_keyword`, `to_keyword`, `created_at`) VALUES (3, 3, 3, '1983-11-07 19:33:22');
INSERT INTO `keyword_bonds` (`keyword_bond_id`, `from_keyword`, `to_keyword`, `created_at`) VALUES (4, 4, 4, '2006-06-08 08:50:26');
INSERT INTO `keyword_bonds` (`keyword_bond_id`, `from_keyword`, `to_keyword`, `created_at`) VALUES (5, 5, 5, '1987-03-27 08:35:25');
INSERT INTO `keyword_bonds` (`keyword_bond_id`, `from_keyword`, `to_keyword`, `created_at`) VALUES (6, 6, 6, '1984-12-30 22:14:20');
INSERT INTO `keyword_bonds` (`keyword_bond_id`, `from_keyword`, `to_keyword`, `created_at`) VALUES (7, 7, 7, '2012-04-19 23:04:58');
INSERT INTO `keyword_bonds` (`keyword_bond_id`, `from_keyword`, `to_keyword`, `created_at`) VALUES (8, 8, 8, '2019-12-29 16:34:58');
INSERT INTO `keyword_bonds` (`keyword_bond_id`, `from_keyword`, `to_keyword`, `created_at`) VALUES (9, 9, 9, '2011-04-26 15:21:56');
INSERT INTO `keyword_bonds` (`keyword_bond_id`, `from_keyword`, `to_keyword`, `created_at`) VALUES (10, 10, 10, '1998-08-30 19:06:06');
INSERT INTO `keyword_bonds` (`keyword_bond_id`, `from_keyword`, `to_keyword`, `created_at`) VALUES (11, 11, 11, '2002-11-07 14:51:03');
INSERT INTO `keyword_bonds` (`keyword_bond_id`, `from_keyword`, `to_keyword`, `created_at`) VALUES (12, 12, 12, '2012-12-28 10:10:29');
INSERT INTO `keyword_bonds` (`keyword_bond_id`, `from_keyword`, `to_keyword`, `created_at`) VALUES (13, 13, 13, '1972-02-06 02:27:35');
INSERT INTO `keyword_bonds` (`keyword_bond_id`, `from_keyword`, `to_keyword`, `created_at`) VALUES (14, 14, 14, '1993-02-26 19:51:24');
INSERT INTO `keyword_bonds` (`keyword_bond_id`, `from_keyword`, `to_keyword`, `created_at`) VALUES (15, 15, 15, '2017-03-14 06:50:36');
INSERT INTO `keyword_bonds` (`keyword_bond_id`, `from_keyword`, `to_keyword`, `created_at`) VALUES (16, 16, 16, '2018-03-26 03:40:07');
INSERT INTO `keyword_bonds` (`keyword_bond_id`, `from_keyword`, `to_keyword`, `created_at`) VALUES (17, 17, 17, '1982-07-22 10:07:36');
INSERT INTO `keyword_bonds` (`keyword_bond_id`, `from_keyword`, `to_keyword`, `created_at`) VALUES (18, 18, 18, '1996-08-08 19:26:42');
INSERT INTO `keyword_bonds` (`keyword_bond_id`, `from_keyword`, `to_keyword`, `created_at`) VALUES (19, 19, 19, '2007-09-13 09:36:21');
INSERT INTO `keyword_bonds` (`keyword_bond_id`, `from_keyword`, `to_keyword`, `created_at`) VALUES (20, 20, 20, '1994-07-02 03:49:15');
INSERT INTO `keyword_bonds` (`keyword_bond_id`, `from_keyword`, `to_keyword`, `created_at`) VALUES (21, 21, 21, '2008-04-01 13:44:39');
INSERT INTO `keyword_bonds` (`keyword_bond_id`, `from_keyword`, `to_keyword`, `created_at`) VALUES (22, 22, 22, '1997-03-21 08:22:36');
INSERT INTO `keyword_bonds` (`keyword_bond_id`, `from_keyword`, `to_keyword`, `created_at`) VALUES (23, 23, 23, '1998-10-03 03:52:49');
INSERT INTO `keyword_bonds` (`keyword_bond_id`, `from_keyword`, `to_keyword`, `created_at`) VALUES (24, 24, 24, '2009-12-03 05:02:57');
INSERT INTO `keyword_bonds` (`keyword_bond_id`, `from_keyword`, `to_keyword`, `created_at`) VALUES (25, 25, 25, '1973-09-20 19:13:52');
INSERT INTO `keyword_bonds` (`keyword_bond_id`, `from_keyword`, `to_keyword`, `created_at`) VALUES (26, 26, 26, '2002-10-05 14:59:23');
INSERT INTO `keyword_bonds` (`keyword_bond_id`, `from_keyword`, `to_keyword`, `created_at`) VALUES (27, 27, 27, '1995-10-16 11:04:31');
INSERT INTO `keyword_bonds` (`keyword_bond_id`, `from_keyword`, `to_keyword`, `created_at`) VALUES (28, 28, 28, '1977-05-12 19:23:52');
INSERT INTO `keyword_bonds` (`keyword_bond_id`, `from_keyword`, `to_keyword`, `created_at`) VALUES (29, 29, 29, '1970-07-03 00:12:25');
INSERT INTO `keyword_bonds` (`keyword_bond_id`, `from_keyword`, `to_keyword`, `created_at`) VALUES (30, 30, 30, '2014-12-24 12:09:25');
INSERT INTO `keyword_bonds` (`keyword_bond_id`, `from_keyword`, `to_keyword`, `created_at`) VALUES (31, 31, 31, '2011-01-11 07:26:33');
INSERT INTO `keyword_bonds` (`keyword_bond_id`, `from_keyword`, `to_keyword`, `created_at`) VALUES (32, 32, 32, '1972-07-01 20:24:11');
INSERT INTO `keyword_bonds` (`keyword_bond_id`, `from_keyword`, `to_keyword`, `created_at`) VALUES (33, 33, 33, '2009-10-13 05:05:35');
INSERT INTO `keyword_bonds` (`keyword_bond_id`, `from_keyword`, `to_keyword`, `created_at`) VALUES (34, 34, 34, '2012-01-12 01:14:46');
INSERT INTO `keyword_bonds` (`keyword_bond_id`, `from_keyword`, `to_keyword`, `created_at`) VALUES (35, 35, 35, '1987-05-04 16:22:58');
INSERT INTO `keyword_bonds` (`keyword_bond_id`, `from_keyword`, `to_keyword`, `created_at`) VALUES (36, 36, 36, '1990-07-30 05:04:36');
INSERT INTO `keyword_bonds` (`keyword_bond_id`, `from_keyword`, `to_keyword`, `created_at`) VALUES (37, 37, 37, '1994-05-14 10:09:08');
INSERT INTO `keyword_bonds` (`keyword_bond_id`, `from_keyword`, `to_keyword`, `created_at`) VALUES (38, 38, 38, '1995-09-22 18:41:25');
INSERT INTO `keyword_bonds` (`keyword_bond_id`, `from_keyword`, `to_keyword`, `created_at`) VALUES (39, 39, 39, '2013-11-12 01:07:17');
INSERT INTO `keyword_bonds` (`keyword_bond_id`, `from_keyword`, `to_keyword`, `created_at`) VALUES (40, 40, 40, '1996-06-13 17:37:05');
INSERT INTO `keyword_bonds` (`keyword_bond_id`, `from_keyword`, `to_keyword`, `created_at`) VALUES (41, 41, 41, '2010-08-03 07:49:39');
INSERT INTO `keyword_bonds` (`keyword_bond_id`, `from_keyword`, `to_keyword`, `created_at`) VALUES (42, 42, 42, '2012-07-16 14:35:01');
INSERT INTO `keyword_bonds` (`keyword_bond_id`, `from_keyword`, `to_keyword`, `created_at`) VALUES (43, 43, 43, '2014-06-23 21:49:19');
INSERT INTO `keyword_bonds` (`keyword_bond_id`, `from_keyword`, `to_keyword`, `created_at`) VALUES (44, 44, 44, '1999-08-14 21:19:55');
INSERT INTO `keyword_bonds` (`keyword_bond_id`, `from_keyword`, `to_keyword`, `created_at`) VALUES (45, 45, 45, '1982-10-22 12:52:23');
INSERT INTO `keyword_bonds` (`keyword_bond_id`, `from_keyword`, `to_keyword`, `created_at`) VALUES (46, 46, 46, '1991-01-29 02:55:34');
INSERT INTO `keyword_bonds` (`keyword_bond_id`, `from_keyword`, `to_keyword`, `created_at`) VALUES (47, 47, 47, '2010-09-12 21:42:00');
INSERT INTO `keyword_bonds` (`keyword_bond_id`, `from_keyword`, `to_keyword`, `created_at`) VALUES (48, 48, 48, '1975-11-25 04:56:08');
INSERT INTO `keyword_bonds` (`keyword_bond_id`, `from_keyword`, `to_keyword`, `created_at`) VALUES (49, 49, 49, '2005-06-12 08:21:32');
INSERT INTO `keyword_bonds` (`keyword_bond_id`, `from_keyword`, `to_keyword`, `created_at`) VALUES (50, 50, 50, '1980-07-09 02:52:23');
INSERT INTO `keyword_bonds` (`keyword_bond_id`, `from_keyword`, `to_keyword`, `created_at`) VALUES (51, 51, 51, '2014-04-14 10:51:27');
INSERT INTO `keyword_bonds` (`keyword_bond_id`, `from_keyword`, `to_keyword`, `created_at`) VALUES (52, 52, 52, '1993-10-25 08:32:08');
INSERT INTO `keyword_bonds` (`keyword_bond_id`, `from_keyword`, `to_keyword`, `created_at`) VALUES (53, 53, 53, '2007-07-01 14:59:06');
INSERT INTO `keyword_bonds` (`keyword_bond_id`, `from_keyword`, `to_keyword`, `created_at`) VALUES (54, 54, 54, '2019-04-03 09:29:47');
INSERT INTO `keyword_bonds` (`keyword_bond_id`, `from_keyword`, `to_keyword`, `created_at`) VALUES (55, 55, 55, '2000-06-07 07:18:56');
INSERT INTO `keyword_bonds` (`keyword_bond_id`, `from_keyword`, `to_keyword`, `created_at`) VALUES (56, 56, 56, '1986-11-19 23:39:37');
INSERT INTO `keyword_bonds` (`keyword_bond_id`, `from_keyword`, `to_keyword`, `created_at`) VALUES (57, 57, 57, '1981-11-26 04:45:37');
INSERT INTO `keyword_bonds` (`keyword_bond_id`, `from_keyword`, `to_keyword`, `created_at`) VALUES (58, 58, 58, '1978-08-25 05:47:27');
INSERT INTO `keyword_bonds` (`keyword_bond_id`, `from_keyword`, `to_keyword`, `created_at`) VALUES (59, 59, 59, '1980-03-14 14:31:32');
INSERT INTO `keyword_bonds` (`keyword_bond_id`, `from_keyword`, `to_keyword`, `created_at`) VALUES (60, 60, 60, '2019-05-16 10:42:33');
INSERT INTO `keyword_bonds` (`keyword_bond_id`, `from_keyword`, `to_keyword`, `created_at`) VALUES (61, 61, 61, '1980-07-17 08:19:08');
INSERT INTO `keyword_bonds` (`keyword_bond_id`, `from_keyword`, `to_keyword`, `created_at`) VALUES (62, 62, 62, '1989-03-21 16:13:35');
INSERT INTO `keyword_bonds` (`keyword_bond_id`, `from_keyword`, `to_keyword`, `created_at`) VALUES (63, 63, 63, '2003-05-24 12:48:28');
INSERT INTO `keyword_bonds` (`keyword_bond_id`, `from_keyword`, `to_keyword`, `created_at`) VALUES (64, 64, 64, '2016-01-07 13:21:44');
INSERT INTO `keyword_bonds` (`keyword_bond_id`, `from_keyword`, `to_keyword`, `created_at`) VALUES (65, 65, 65, '2002-08-11 04:24:08');
INSERT INTO `keyword_bonds` (`keyword_bond_id`, `from_keyword`, `to_keyword`, `created_at`) VALUES (66, 66, 66, '1983-10-08 01:06:52');
INSERT INTO `keyword_bonds` (`keyword_bond_id`, `from_keyword`, `to_keyword`, `created_at`) VALUES (67, 67, 67, '2018-04-14 11:31:15');
INSERT INTO `keyword_bonds` (`keyword_bond_id`, `from_keyword`, `to_keyword`, `created_at`) VALUES (68, 68, 68, '1973-08-04 17:39:16');
INSERT INTO `keyword_bonds` (`keyword_bond_id`, `from_keyword`, `to_keyword`, `created_at`) VALUES (69, 69, 69, '1993-07-30 08:59:39');
INSERT INTO `keyword_bonds` (`keyword_bond_id`, `from_keyword`, `to_keyword`, `created_at`) VALUES (70, 70, 70, '2006-05-20 05:07:58');
INSERT INTO `keyword_bonds` (`keyword_bond_id`, `from_keyword`, `to_keyword`, `created_at`) VALUES (71, 71, 71, '2007-05-06 09:45:12');
INSERT INTO `keyword_bonds` (`keyword_bond_id`, `from_keyword`, `to_keyword`, `created_at`) VALUES (72, 72, 72, '1994-01-03 10:54:07');
INSERT INTO `keyword_bonds` (`keyword_bond_id`, `from_keyword`, `to_keyword`, `created_at`) VALUES (73, 73, 73, '2016-09-01 11:52:39');
INSERT INTO `keyword_bonds` (`keyword_bond_id`, `from_keyword`, `to_keyword`, `created_at`) VALUES (74, 74, 74, '1977-05-31 15:18:27');
INSERT INTO `keyword_bonds` (`keyword_bond_id`, `from_keyword`, `to_keyword`, `created_at`) VALUES (75, 75, 75, '2007-11-16 09:00:24');
INSERT INTO `keyword_bonds` (`keyword_bond_id`, `from_keyword`, `to_keyword`, `created_at`) VALUES (76, 76, 76, '1986-08-05 02:18:56');
INSERT INTO `keyword_bonds` (`keyword_bond_id`, `from_keyword`, `to_keyword`, `created_at`) VALUES (77, 77, 77, '1980-01-04 20:28:33');
INSERT INTO `keyword_bonds` (`keyword_bond_id`, `from_keyword`, `to_keyword`, `created_at`) VALUES (78, 78, 78, '2000-04-02 23:17:08');
INSERT INTO `keyword_bonds` (`keyword_bond_id`, `from_keyword`, `to_keyword`, `created_at`) VALUES (79, 79, 79, '2003-07-08 17:40:17');
INSERT INTO `keyword_bonds` (`keyword_bond_id`, `from_keyword`, `to_keyword`, `created_at`) VALUES (80, 80, 80, '1994-05-09 13:40:49');
INSERT INTO `keyword_bonds` (`keyword_bond_id`, `from_keyword`, `to_keyword`, `created_at`) VALUES (81, 81, 81, '1997-10-05 14:55:12');
INSERT INTO `keyword_bonds` (`keyword_bond_id`, `from_keyword`, `to_keyword`, `created_at`) VALUES (82, 82, 82, '2013-07-06 01:47:04');
INSERT INTO `keyword_bonds` (`keyword_bond_id`, `from_keyword`, `to_keyword`, `created_at`) VALUES (83, 83, 83, '1997-04-26 11:18:24');
INSERT INTO `keyword_bonds` (`keyword_bond_id`, `from_keyword`, `to_keyword`, `created_at`) VALUES (84, 84, 84, '1990-04-27 23:18:55');
INSERT INTO `keyword_bonds` (`keyword_bond_id`, `from_keyword`, `to_keyword`, `created_at`) VALUES (85, 85, 85, '1988-07-10 11:36:23');
INSERT INTO `keyword_bonds` (`keyword_bond_id`, `from_keyword`, `to_keyword`, `created_at`) VALUES (86, 86, 86, '1976-02-03 12:27:44');
INSERT INTO `keyword_bonds` (`keyword_bond_id`, `from_keyword`, `to_keyword`, `created_at`) VALUES (87, 87, 87, '1994-12-24 18:26:40');
INSERT INTO `keyword_bonds` (`keyword_bond_id`, `from_keyword`, `to_keyword`, `created_at`) VALUES (88, 88, 88, '1986-08-18 15:01:14');
INSERT INTO `keyword_bonds` (`keyword_bond_id`, `from_keyword`, `to_keyword`, `created_at`) VALUES (89, 89, 89, '1979-11-27 19:18:16');
INSERT INTO `keyword_bonds` (`keyword_bond_id`, `from_keyword`, `to_keyword`, `created_at`) VALUES (90, 90, 90, '2004-07-15 13:59:26');
INSERT INTO `keyword_bonds` (`keyword_bond_id`, `from_keyword`, `to_keyword`, `created_at`) VALUES (91, 91, 91, '2003-10-21 10:25:26');
INSERT INTO `keyword_bonds` (`keyword_bond_id`, `from_keyword`, `to_keyword`, `created_at`) VALUES (92, 92, 92, '2015-02-25 22:45:08');
INSERT INTO `keyword_bonds` (`keyword_bond_id`, `from_keyword`, `to_keyword`, `created_at`) VALUES (93, 93, 93, '1970-09-05 19:36:29');
INSERT INTO `keyword_bonds` (`keyword_bond_id`, `from_keyword`, `to_keyword`, `created_at`) VALUES (94, 94, 94, '1996-04-11 19:54:16');
INSERT INTO `keyword_bonds` (`keyword_bond_id`, `from_keyword`, `to_keyword`, `created_at`) VALUES (95, 95, 95, '1977-04-25 04:48:50');
INSERT INTO `keyword_bonds` (`keyword_bond_id`, `from_keyword`, `to_keyword`, `created_at`) VALUES (96, 96, 96, '1973-02-18 18:35:33');
INSERT INTO `keyword_bonds` (`keyword_bond_id`, `from_keyword`, `to_keyword`, `created_at`) VALUES (97, 97, 97, '1971-11-18 23:58:39');
INSERT INTO `keyword_bonds` (`keyword_bond_id`, `from_keyword`, `to_keyword`, `created_at`) VALUES (98, 98, 98, '1997-08-31 23:50:28');
INSERT INTO `keyword_bonds` (`keyword_bond_id`, `from_keyword`, `to_keyword`, `created_at`) VALUES (99, 99, 99, '1993-06-03 10:45:26');
INSERT INTO `keyword_bonds` (`keyword_bond_id`, `from_keyword`, `to_keyword`, `created_at`) VALUES (100, 100, 100, '2001-09-10 00:52:40');


#
# TABLE STRUCTURE FOR: keywords
#

DROP TABLE IF EXISTS `keywords`;

CREATE TABLE `keywords` (
  `id` int(10) unsigned NOT NULL AUTO_INCREMENT,
  `user_id` int(10) unsigned NOT NULL,
  `post_id` int(10) unsigned NOT NULL,
  `word` varchar(150) COLLATE utf8_unicode_ci NOT NULL,
  PRIMARY KEY (`id`),
  KEY `word` (`word`),
  KEY `user_id` (`user_id`),
  KEY `post_id` (`post_id`),
  CONSTRAINT `keywords_ibfk_1` FOREIGN KEY (`user_id`) REFERENCES `users` (`id`),
  CONSTRAINT `keywords_ibfk_2` FOREIGN KEY (`post_id`) REFERENCES `posts` (`id`)
) ENGINE=InnoDB AUTO_INCREMENT=201 DEFAULT CHARSET=utf8 COLLATE=utf8_unicode_ci;

INSERT INTO `keywords` (`id`, `user_id`, `post_id`, `word`) VALUES (1, 1, 1, 'possimus');
INSERT INTO `keywords` (`id`, `user_id`, `post_id`, `word`) VALUES (2, 2, 2, 'ut');
INSERT INTO `keywords` (`id`, `user_id`, `post_id`, `word`) VALUES (3, 3, 3, 'occaecati');
INSERT INTO `keywords` (`id`, `user_id`, `post_id`, `word`) VALUES (4, 4, 4, 'excepturi');
INSERT INTO `keywords` (`id`, `user_id`, `post_id`, `word`) VALUES (5, 5, 5, 'sint');
INSERT INTO `keywords` (`id`, `user_id`, `post_id`, `word`) VALUES (6, 6, 6, 'sit');
INSERT INTO `keywords` (`id`, `user_id`, `post_id`, `word`) VALUES (7, 7, 7, 'quis');
INSERT INTO `keywords` (`id`, `user_id`, `post_id`, `word`) VALUES (8, 8, 8, 'aut');
INSERT INTO `keywords` (`id`, `user_id`, `post_id`, `word`) VALUES (9, 9, 9, 'aut');
INSERT INTO `keywords` (`id`, `user_id`, `post_id`, `word`) VALUES (10, 10, 10, 'molestiae');
INSERT INTO `keywords` (`id`, `user_id`, `post_id`, `word`) VALUES (11, 11, 11, 'odit');
INSERT INTO `keywords` (`id`, `user_id`, `post_id`, `word`) VALUES (12, 12, 12, 'fugiat');
INSERT INTO `keywords` (`id`, `user_id`, `post_id`, `word`) VALUES (13, 13, 13, 'est');
INSERT INTO `keywords` (`id`, `user_id`, `post_id`, `word`) VALUES (14, 14, 14, 'ut');
INSERT INTO `keywords` (`id`, `user_id`, `post_id`, `word`) VALUES (15, 15, 15, 'minus');
INSERT INTO `keywords` (`id`, `user_id`, `post_id`, `word`) VALUES (16, 16, 16, 'atque');
INSERT INTO `keywords` (`id`, `user_id`, `post_id`, `word`) VALUES (17, 17, 17, 'corporis');
INSERT INTO `keywords` (`id`, `user_id`, `post_id`, `word`) VALUES (18, 18, 18, 'necessitatibus');
INSERT INTO `keywords` (`id`, `user_id`, `post_id`, `word`) VALUES (19, 19, 19, 'sed');
INSERT INTO `keywords` (`id`, `user_id`, `post_id`, `word`) VALUES (20, 20, 20, 'est');
INSERT INTO `keywords` (`id`, `user_id`, `post_id`, `word`) VALUES (21, 21, 21, 'impedit');
INSERT INTO `keywords` (`id`, `user_id`, `post_id`, `word`) VALUES (22, 22, 22, 'autem');
INSERT INTO `keywords` (`id`, `user_id`, `post_id`, `word`) VALUES (23, 23, 23, 'impedit');
INSERT INTO `keywords` (`id`, `user_id`, `post_id`, `word`) VALUES (24, 24, 24, 'similique');
INSERT INTO `keywords` (`id`, `user_id`, `post_id`, `word`) VALUES (25, 25, 25, 'occaecati');
INSERT INTO `keywords` (`id`, `user_id`, `post_id`, `word`) VALUES (26, 26, 26, 'nulla');
INSERT INTO `keywords` (`id`, `user_id`, `post_id`, `word`) VALUES (27, 27, 27, 'mollitia');
INSERT INTO `keywords` (`id`, `user_id`, `post_id`, `word`) VALUES (28, 28, 28, 'reprehenderit');
INSERT INTO `keywords` (`id`, `user_id`, `post_id`, `word`) VALUES (29, 29, 29, 'possimus');
INSERT INTO `keywords` (`id`, `user_id`, `post_id`, `word`) VALUES (30, 30, 30, 'eaque');
INSERT INTO `keywords` (`id`, `user_id`, `post_id`, `word`) VALUES (31, 31, 31, 'illum');
INSERT INTO `keywords` (`id`, `user_id`, `post_id`, `word`) VALUES (32, 32, 32, 'iusto');
INSERT INTO `keywords` (`id`, `user_id`, `post_id`, `word`) VALUES (33, 33, 33, 'culpa');
INSERT INTO `keywords` (`id`, `user_id`, `post_id`, `word`) VALUES (34, 34, 34, 'quas');
INSERT INTO `keywords` (`id`, `user_id`, `post_id`, `word`) VALUES (35, 35, 35, 'adipisci');
INSERT INTO `keywords` (`id`, `user_id`, `post_id`, `word`) VALUES (36, 36, 36, 'nihil');
INSERT INTO `keywords` (`id`, `user_id`, `post_id`, `word`) VALUES (37, 37, 37, 'id');
INSERT INTO `keywords` (`id`, `user_id`, `post_id`, `word`) VALUES (38, 38, 38, 'soluta');
INSERT INTO `keywords` (`id`, `user_id`, `post_id`, `word`) VALUES (39, 39, 39, 'cupiditate');
INSERT INTO `keywords` (`id`, `user_id`, `post_id`, `word`) VALUES (40, 40, 40, 'aliquid');
INSERT INTO `keywords` (`id`, `user_id`, `post_id`, `word`) VALUES (41, 41, 41, 'impedit');
INSERT INTO `keywords` (`id`, `user_id`, `post_id`, `word`) VALUES (42, 42, 42, 'nihil');
INSERT INTO `keywords` (`id`, `user_id`, `post_id`, `word`) VALUES (43, 43, 43, 'ea');
INSERT INTO `keywords` (`id`, `user_id`, `post_id`, `word`) VALUES (44, 44, 44, 'iste');
INSERT INTO `keywords` (`id`, `user_id`, `post_id`, `word`) VALUES (45, 45, 45, 'voluptas');
INSERT INTO `keywords` (`id`, `user_id`, `post_id`, `word`) VALUES (46, 46, 46, 'soluta');
INSERT INTO `keywords` (`id`, `user_id`, `post_id`, `word`) VALUES (47, 47, 47, 'sint');
INSERT INTO `keywords` (`id`, `user_id`, `post_id`, `word`) VALUES (48, 48, 48, 'aut');
INSERT INTO `keywords` (`id`, `user_id`, `post_id`, `word`) VALUES (49, 49, 49, 'in');
INSERT INTO `keywords` (`id`, `user_id`, `post_id`, `word`) VALUES (50, 50, 50, 'unde');
INSERT INTO `keywords` (`id`, `user_id`, `post_id`, `word`) VALUES (51, 51, 51, 'est');
INSERT INTO `keywords` (`id`, `user_id`, `post_id`, `word`) VALUES (52, 52, 52, 'fugiat');
INSERT INTO `keywords` (`id`, `user_id`, `post_id`, `word`) VALUES (53, 53, 53, 'quam');
INSERT INTO `keywords` (`id`, `user_id`, `post_id`, `word`) VALUES (54, 54, 54, 'accusantium');
INSERT INTO `keywords` (`id`, `user_id`, `post_id`, `word`) VALUES (55, 55, 55, 'illum');
INSERT INTO `keywords` (`id`, `user_id`, `post_id`, `word`) VALUES (56, 56, 56, 'aspernatur');
INSERT INTO `keywords` (`id`, `user_id`, `post_id`, `word`) VALUES (57, 57, 57, 'repellat');
INSERT INTO `keywords` (`id`, `user_id`, `post_id`, `word`) VALUES (58, 58, 58, 'in');
INSERT INTO `keywords` (`id`, `user_id`, `post_id`, `word`) VALUES (59, 59, 59, 'aliquam');
INSERT INTO `keywords` (`id`, `user_id`, `post_id`, `word`) VALUES (60, 60, 60, 'quos');
INSERT INTO `keywords` (`id`, `user_id`, `post_id`, `word`) VALUES (61, 61, 61, 'sed');
INSERT INTO `keywords` (`id`, `user_id`, `post_id`, `word`) VALUES (62, 62, 62, 'qui');
INSERT INTO `keywords` (`id`, `user_id`, `post_id`, `word`) VALUES (63, 63, 63, 'vero');
INSERT INTO `keywords` (`id`, `user_id`, `post_id`, `word`) VALUES (64, 64, 64, 'perferendis');
INSERT INTO `keywords` (`id`, `user_id`, `post_id`, `word`) VALUES (65, 65, 65, 'voluptates');
INSERT INTO `keywords` (`id`, `user_id`, `post_id`, `word`) VALUES (66, 66, 66, 'in');
INSERT INTO `keywords` (`id`, `user_id`, `post_id`, `word`) VALUES (67, 67, 67, 'quis');
INSERT INTO `keywords` (`id`, `user_id`, `post_id`, `word`) VALUES (68, 68, 68, 'et');
INSERT INTO `keywords` (`id`, `user_id`, `post_id`, `word`) VALUES (69, 69, 69, 'rem');
INSERT INTO `keywords` (`id`, `user_id`, `post_id`, `word`) VALUES (70, 70, 70, 'odit');
INSERT INTO `keywords` (`id`, `user_id`, `post_id`, `word`) VALUES (71, 71, 71, 'velit');
INSERT INTO `keywords` (`id`, `user_id`, `post_id`, `word`) VALUES (72, 72, 72, 'non');
INSERT INTO `keywords` (`id`, `user_id`, `post_id`, `word`) VALUES (73, 73, 73, 'pariatur');
INSERT INTO `keywords` (`id`, `user_id`, `post_id`, `word`) VALUES (74, 74, 74, 'amet');
INSERT INTO `keywords` (`id`, `user_id`, `post_id`, `word`) VALUES (75, 75, 75, 'ipsa');
INSERT INTO `keywords` (`id`, `user_id`, `post_id`, `word`) VALUES (76, 76, 76, 'dolorem');
INSERT INTO `keywords` (`id`, `user_id`, `post_id`, `word`) VALUES (77, 77, 77, 'inventore');
INSERT INTO `keywords` (`id`, `user_id`, `post_id`, `word`) VALUES (78, 78, 78, 'mollitia');
INSERT INTO `keywords` (`id`, `user_id`, `post_id`, `word`) VALUES (79, 79, 79, 'assumenda');
INSERT INTO `keywords` (`id`, `user_id`, `post_id`, `word`) VALUES (80, 80, 80, 'explicabo');
INSERT INTO `keywords` (`id`, `user_id`, `post_id`, `word`) VALUES (81, 81, 81, 'magnam');
INSERT INTO `keywords` (`id`, `user_id`, `post_id`, `word`) VALUES (82, 82, 82, 'nisi');
INSERT INTO `keywords` (`id`, `user_id`, `post_id`, `word`) VALUES (83, 83, 83, 'facilis');
INSERT INTO `keywords` (`id`, `user_id`, `post_id`, `word`) VALUES (84, 84, 84, 'est');
INSERT INTO `keywords` (`id`, `user_id`, `post_id`, `word`) VALUES (85, 85, 85, 'veniam');
INSERT INTO `keywords` (`id`, `user_id`, `post_id`, `word`) VALUES (86, 86, 86, 'possimus');
INSERT INTO `keywords` (`id`, `user_id`, `post_id`, `word`) VALUES (87, 87, 87, 'molestiae');
INSERT INTO `keywords` (`id`, `user_id`, `post_id`, `word`) VALUES (88, 88, 88, 'quia');
INSERT INTO `keywords` (`id`, `user_id`, `post_id`, `word`) VALUES (89, 89, 89, 'nostrum');
INSERT INTO `keywords` (`id`, `user_id`, `post_id`, `word`) VALUES (90, 90, 90, 'quos');
INSERT INTO `keywords` (`id`, `user_id`, `post_id`, `word`) VALUES (91, 91, 91, 'ipsa');
INSERT INTO `keywords` (`id`, `user_id`, `post_id`, `word`) VALUES (92, 92, 92, 'quasi');
INSERT INTO `keywords` (`id`, `user_id`, `post_id`, `word`) VALUES (93, 93, 93, 'beatae');
INSERT INTO `keywords` (`id`, `user_id`, `post_id`, `word`) VALUES (94, 94, 94, 'dolores');
INSERT INTO `keywords` (`id`, `user_id`, `post_id`, `word`) VALUES (95, 95, 95, 'dolorem');
INSERT INTO `keywords` (`id`, `user_id`, `post_id`, `word`) VALUES (96, 96, 96, 'eligendi');
INSERT INTO `keywords` (`id`, `user_id`, `post_id`, `word`) VALUES (97, 97, 97, 'quibusdam');
INSERT INTO `keywords` (`id`, `user_id`, `post_id`, `word`) VALUES (98, 98, 98, 'repellendus');
INSERT INTO `keywords` (`id`, `user_id`, `post_id`, `word`) VALUES (99, 99, 99, 'sunt');
INSERT INTO `keywords` (`id`, `user_id`, `post_id`, `word`) VALUES (100, 100, 100, 'accusantium');
INSERT INTO `keywords` (`id`, `user_id`, `post_id`, `word`) VALUES (101, 1, 101, 'nobis');
INSERT INTO `keywords` (`id`, `user_id`, `post_id`, `word`) VALUES (102, 2, 102, 'maiores');
INSERT INTO `keywords` (`id`, `user_id`, `post_id`, `word`) VALUES (103, 3, 103, 'error');
INSERT INTO `keywords` (`id`, `user_id`, `post_id`, `word`) VALUES (104, 4, 104, 'et');
INSERT INTO `keywords` (`id`, `user_id`, `post_id`, `word`) VALUES (105, 5, 105, 'occaecati');
INSERT INTO `keywords` (`id`, `user_id`, `post_id`, `word`) VALUES (106, 6, 106, 'corrupti');
INSERT INTO `keywords` (`id`, `user_id`, `post_id`, `word`) VALUES (107, 7, 107, 'voluptate');
INSERT INTO `keywords` (`id`, `user_id`, `post_id`, `word`) VALUES (108, 8, 108, 'cumque');
INSERT INTO `keywords` (`id`, `user_id`, `post_id`, `word`) VALUES (109, 9, 109, 'in');
INSERT INTO `keywords` (`id`, `user_id`, `post_id`, `word`) VALUES (110, 10, 110, 'adipisci');
INSERT INTO `keywords` (`id`, `user_id`, `post_id`, `word`) VALUES (111, 11, 111, 'est');
INSERT INTO `keywords` (`id`, `user_id`, `post_id`, `word`) VALUES (112, 12, 112, 'est');
INSERT INTO `keywords` (`id`, `user_id`, `post_id`, `word`) VALUES (113, 13, 113, 'perspiciatis');
INSERT INTO `keywords` (`id`, `user_id`, `post_id`, `word`) VALUES (114, 14, 114, 'quibusdam');
INSERT INTO `keywords` (`id`, `user_id`, `post_id`, `word`) VALUES (115, 15, 115, 'autem');
INSERT INTO `keywords` (`id`, `user_id`, `post_id`, `word`) VALUES (116, 16, 116, 'perspiciatis');
INSERT INTO `keywords` (`id`, `user_id`, `post_id`, `word`) VALUES (117, 17, 117, 'facilis');
INSERT INTO `keywords` (`id`, `user_id`, `post_id`, `word`) VALUES (118, 18, 118, 'vel');
INSERT INTO `keywords` (`id`, `user_id`, `post_id`, `word`) VALUES (119, 19, 119, 'et');
INSERT INTO `keywords` (`id`, `user_id`, `post_id`, `word`) VALUES (120, 20, 120, 'omnis');
INSERT INTO `keywords` (`id`, `user_id`, `post_id`, `word`) VALUES (121, 21, 121, 'quasi');
INSERT INTO `keywords` (`id`, `user_id`, `post_id`, `word`) VALUES (122, 22, 122, 'quasi');
INSERT INTO `keywords` (`id`, `user_id`, `post_id`, `word`) VALUES (123, 23, 123, 'vitae');
INSERT INTO `keywords` (`id`, `user_id`, `post_id`, `word`) VALUES (124, 24, 124, 'molestiae');
INSERT INTO `keywords` (`id`, `user_id`, `post_id`, `word`) VALUES (125, 25, 125, 'totam');
INSERT INTO `keywords` (`id`, `user_id`, `post_id`, `word`) VALUES (126, 26, 126, 'mollitia');
INSERT INTO `keywords` (`id`, `user_id`, `post_id`, `word`) VALUES (127, 27, 127, 'labore');
INSERT INTO `keywords` (`id`, `user_id`, `post_id`, `word`) VALUES (128, 28, 128, 'voluptas');
INSERT INTO `keywords` (`id`, `user_id`, `post_id`, `word`) VALUES (129, 29, 129, 'debitis');
INSERT INTO `keywords` (`id`, `user_id`, `post_id`, `word`) VALUES (130, 30, 130, 'quisquam');
INSERT INTO `keywords` (`id`, `user_id`, `post_id`, `word`) VALUES (131, 31, 131, 'dolor');
INSERT INTO `keywords` (`id`, `user_id`, `post_id`, `word`) VALUES (132, 32, 132, 'quasi');
INSERT INTO `keywords` (`id`, `user_id`, `post_id`, `word`) VALUES (133, 33, 133, 'asperiores');
INSERT INTO `keywords` (`id`, `user_id`, `post_id`, `word`) VALUES (134, 34, 134, 'magnam');
INSERT INTO `keywords` (`id`, `user_id`, `post_id`, `word`) VALUES (135, 35, 135, 'illo');
INSERT INTO `keywords` (`id`, `user_id`, `post_id`, `word`) VALUES (136, 36, 136, 'molestias');
INSERT INTO `keywords` (`id`, `user_id`, `post_id`, `word`) VALUES (137, 37, 137, 'in');
INSERT INTO `keywords` (`id`, `user_id`, `post_id`, `word`) VALUES (138, 38, 138, 'sequi');
INSERT INTO `keywords` (`id`, `user_id`, `post_id`, `word`) VALUES (139, 39, 139, 'perferendis');
INSERT INTO `keywords` (`id`, `user_id`, `post_id`, `word`) VALUES (140, 40, 140, 'sed');
INSERT INTO `keywords` (`id`, `user_id`, `post_id`, `word`) VALUES (141, 41, 141, 'eius');
INSERT INTO `keywords` (`id`, `user_id`, `post_id`, `word`) VALUES (142, 42, 142, 'iure');
INSERT INTO `keywords` (`id`, `user_id`, `post_id`, `word`) VALUES (143, 43, 143, 'sed');
INSERT INTO `keywords` (`id`, `user_id`, `post_id`, `word`) VALUES (144, 44, 144, 'repellendus');
INSERT INTO `keywords` (`id`, `user_id`, `post_id`, `word`) VALUES (145, 45, 145, 'qui');
INSERT INTO `keywords` (`id`, `user_id`, `post_id`, `word`) VALUES (146, 46, 146, 'ipsa');
INSERT INTO `keywords` (`id`, `user_id`, `post_id`, `word`) VALUES (147, 47, 147, 'quo');
INSERT INTO `keywords` (`id`, `user_id`, `post_id`, `word`) VALUES (148, 48, 148, 'velit');
INSERT INTO `keywords` (`id`, `user_id`, `post_id`, `word`) VALUES (149, 49, 149, 'et');
INSERT INTO `keywords` (`id`, `user_id`, `post_id`, `word`) VALUES (150, 50, 150, 'porro');
INSERT INTO `keywords` (`id`, `user_id`, `post_id`, `word`) VALUES (151, 51, 151, 'quaerat');
INSERT INTO `keywords` (`id`, `user_id`, `post_id`, `word`) VALUES (152, 52, 152, 'voluptates');
INSERT INTO `keywords` (`id`, `user_id`, `post_id`, `word`) VALUES (153, 53, 153, 'ullam');
INSERT INTO `keywords` (`id`, `user_id`, `post_id`, `word`) VALUES (154, 54, 154, 'quos');
INSERT INTO `keywords` (`id`, `user_id`, `post_id`, `word`) VALUES (155, 55, 155, 'et');
INSERT INTO `keywords` (`id`, `user_id`, `post_id`, `word`) VALUES (156, 56, 156, 'aut');
INSERT INTO `keywords` (`id`, `user_id`, `post_id`, `word`) VALUES (157, 57, 157, 'animi');
INSERT INTO `keywords` (`id`, `user_id`, `post_id`, `word`) VALUES (158, 58, 158, 'est');
INSERT INTO `keywords` (`id`, `user_id`, `post_id`, `word`) VALUES (159, 59, 159, 'tenetur');
INSERT INTO `keywords` (`id`, `user_id`, `post_id`, `word`) VALUES (160, 60, 160, 'maxime');
INSERT INTO `keywords` (`id`, `user_id`, `post_id`, `word`) VALUES (161, 61, 161, 'aut');
INSERT INTO `keywords` (`id`, `user_id`, `post_id`, `word`) VALUES (162, 62, 162, 'sint');
INSERT INTO `keywords` (`id`, `user_id`, `post_id`, `word`) VALUES (163, 63, 163, 'enim');
INSERT INTO `keywords` (`id`, `user_id`, `post_id`, `word`) VALUES (164, 64, 164, 'dolorem');
INSERT INTO `keywords` (`id`, `user_id`, `post_id`, `word`) VALUES (165, 65, 165, 'at');
INSERT INTO `keywords` (`id`, `user_id`, `post_id`, `word`) VALUES (166, 66, 166, 'asperiores');
INSERT INTO `keywords` (`id`, `user_id`, `post_id`, `word`) VALUES (167, 67, 167, 'totam');
INSERT INTO `keywords` (`id`, `user_id`, `post_id`, `word`) VALUES (168, 68, 168, 'pariatur');
INSERT INTO `keywords` (`id`, `user_id`, `post_id`, `word`) VALUES (169, 69, 169, 'veniam');
INSERT INTO `keywords` (`id`, `user_id`, `post_id`, `word`) VALUES (170, 70, 170, 'voluptas');
INSERT INTO `keywords` (`id`, `user_id`, `post_id`, `word`) VALUES (171, 71, 171, 'dolorem');
INSERT INTO `keywords` (`id`, `user_id`, `post_id`, `word`) VALUES (172, 72, 172, 'quae');
INSERT INTO `keywords` (`id`, `user_id`, `post_id`, `word`) VALUES (173, 73, 173, 'omnis');
INSERT INTO `keywords` (`id`, `user_id`, `post_id`, `word`) VALUES (174, 74, 174, 'reiciendis');
INSERT INTO `keywords` (`id`, `user_id`, `post_id`, `word`) VALUES (175, 75, 175, 'ipsa');
INSERT INTO `keywords` (`id`, `user_id`, `post_id`, `word`) VALUES (176, 76, 176, 'officia');
INSERT INTO `keywords` (`id`, `user_id`, `post_id`, `word`) VALUES (177, 77, 177, 'adipisci');
INSERT INTO `keywords` (`id`, `user_id`, `post_id`, `word`) VALUES (178, 78, 178, 'commodi');
INSERT INTO `keywords` (`id`, `user_id`, `post_id`, `word`) VALUES (179, 79, 179, 'quisquam');
INSERT INTO `keywords` (`id`, `user_id`, `post_id`, `word`) VALUES (180, 80, 180, 'nisi');
INSERT INTO `keywords` (`id`, `user_id`, `post_id`, `word`) VALUES (181, 81, 181, 'magni');
INSERT INTO `keywords` (`id`, `user_id`, `post_id`, `word`) VALUES (182, 82, 182, 'dolorem');
INSERT INTO `keywords` (`id`, `user_id`, `post_id`, `word`) VALUES (183, 83, 183, 'sunt');
INSERT INTO `keywords` (`id`, `user_id`, `post_id`, `word`) VALUES (184, 84, 184, 'mollitia');
INSERT INTO `keywords` (`id`, `user_id`, `post_id`, `word`) VALUES (185, 85, 185, 'ipsa');
INSERT INTO `keywords` (`id`, `user_id`, `post_id`, `word`) VALUES (186, 86, 186, 'et');
INSERT INTO `keywords` (`id`, `user_id`, `post_id`, `word`) VALUES (187, 87, 187, 'dolor');
INSERT INTO `keywords` (`id`, `user_id`, `post_id`, `word`) VALUES (188, 88, 188, 'blanditiis');
INSERT INTO `keywords` (`id`, `user_id`, `post_id`, `word`) VALUES (189, 89, 189, 'reiciendis');
INSERT INTO `keywords` (`id`, `user_id`, `post_id`, `word`) VALUES (190, 90, 190, 'nulla');
INSERT INTO `keywords` (`id`, `user_id`, `post_id`, `word`) VALUES (191, 91, 191, 'nihil');
INSERT INTO `keywords` (`id`, `user_id`, `post_id`, `word`) VALUES (192, 92, 192, 'et');
INSERT INTO `keywords` (`id`, `user_id`, `post_id`, `word`) VALUES (193, 93, 193, 'ullam');
INSERT INTO `keywords` (`id`, `user_id`, `post_id`, `word`) VALUES (194, 94, 194, 'ea');
INSERT INTO `keywords` (`id`, `user_id`, `post_id`, `word`) VALUES (195, 95, 195, 'ad');
INSERT INTO `keywords` (`id`, `user_id`, `post_id`, `word`) VALUES (196, 96, 196, 'quia');
INSERT INTO `keywords` (`id`, `user_id`, `post_id`, `word`) VALUES (197, 97, 197, 'id');
INSERT INTO `keywords` (`id`, `user_id`, `post_id`, `word`) VALUES (198, 98, 198, 'dolores');
INSERT INTO `keywords` (`id`, `user_id`, `post_id`, `word`) VALUES (199, 99, 199, 'temporibus');
INSERT INTO `keywords` (`id`, `user_id`, `post_id`, `word`) VALUES (200, 100, 200, 'deserunt');


#
# TABLE STRUCTURE FOR: likes
#

DROP TABLE IF EXISTS `likes`;

CREATE TABLE `likes` (
  `id` int(10) unsigned NOT NULL AUTO_INCREMENT,
  `user_id` int(10) unsigned NOT NULL,
  `post_id` int(10) unsigned NOT NULL,
  PRIMARY KEY (`id`),
  KEY `user_id` (`user_id`),
  KEY `post_id` (`post_id`),
  CONSTRAINT `likes_ibfk_1` FOREIGN KEY (`user_id`) REFERENCES `users` (`id`),
  CONSTRAINT `likes_ibfk_2` FOREIGN KEY (`post_id`) REFERENCES `posts` (`id`)
) ENGINE=InnoDB AUTO_INCREMENT=201 DEFAULT CHARSET=utf8 COLLATE=utf8_unicode_ci;

INSERT INTO `likes` (`id`, `user_id`, `post_id`) VALUES (1, 1, 1);
INSERT INTO `likes` (`id`, `user_id`, `post_id`) VALUES (2, 2, 2);
INSERT INTO `likes` (`id`, `user_id`, `post_id`) VALUES (3, 3, 3);
INSERT INTO `likes` (`id`, `user_id`, `post_id`) VALUES (4, 4, 4);
INSERT INTO `likes` (`id`, `user_id`, `post_id`) VALUES (5, 5, 5);
INSERT INTO `likes` (`id`, `user_id`, `post_id`) VALUES (6, 6, 6);
INSERT INTO `likes` (`id`, `user_id`, `post_id`) VALUES (7, 7, 7);
INSERT INTO `likes` (`id`, `user_id`, `post_id`) VALUES (8, 8, 8);
INSERT INTO `likes` (`id`, `user_id`, `post_id`) VALUES (9, 9, 9);
INSERT INTO `likes` (`id`, `user_id`, `post_id`) VALUES (10, 10, 10);
INSERT INTO `likes` (`id`, `user_id`, `post_id`) VALUES (11, 11, 11);
INSERT INTO `likes` (`id`, `user_id`, `post_id`) VALUES (12, 12, 12);
INSERT INTO `likes` (`id`, `user_id`, `post_id`) VALUES (13, 13, 13);
INSERT INTO `likes` (`id`, `user_id`, `post_id`) VALUES (14, 14, 14);
INSERT INTO `likes` (`id`, `user_id`, `post_id`) VALUES (15, 15, 15);
INSERT INTO `likes` (`id`, `user_id`, `post_id`) VALUES (16, 16, 16);
INSERT INTO `likes` (`id`, `user_id`, `post_id`) VALUES (17, 17, 17);
INSERT INTO `likes` (`id`, `user_id`, `post_id`) VALUES (18, 18, 18);
INSERT INTO `likes` (`id`, `user_id`, `post_id`) VALUES (19, 19, 19);
INSERT INTO `likes` (`id`, `user_id`, `post_id`) VALUES (20, 20, 20);
INSERT INTO `likes` (`id`, `user_id`, `post_id`) VALUES (21, 21, 21);
INSERT INTO `likes` (`id`, `user_id`, `post_id`) VALUES (22, 22, 22);
INSERT INTO `likes` (`id`, `user_id`, `post_id`) VALUES (23, 23, 23);
INSERT INTO `likes` (`id`, `user_id`, `post_id`) VALUES (24, 24, 24);
INSERT INTO `likes` (`id`, `user_id`, `post_id`) VALUES (25, 25, 25);
INSERT INTO `likes` (`id`, `user_id`, `post_id`) VALUES (26, 26, 26);
INSERT INTO `likes` (`id`, `user_id`, `post_id`) VALUES (27, 27, 27);
INSERT INTO `likes` (`id`, `user_id`, `post_id`) VALUES (28, 28, 28);
INSERT INTO `likes` (`id`, `user_id`, `post_id`) VALUES (29, 29, 29);
INSERT INTO `likes` (`id`, `user_id`, `post_id`) VALUES (30, 30, 30);
INSERT INTO `likes` (`id`, `user_id`, `post_id`) VALUES (31, 31, 31);
INSERT INTO `likes` (`id`, `user_id`, `post_id`) VALUES (32, 32, 32);
INSERT INTO `likes` (`id`, `user_id`, `post_id`) VALUES (33, 33, 33);
INSERT INTO `likes` (`id`, `user_id`, `post_id`) VALUES (34, 34, 34);
INSERT INTO `likes` (`id`, `user_id`, `post_id`) VALUES (35, 35, 35);
INSERT INTO `likes` (`id`, `user_id`, `post_id`) VALUES (36, 36, 36);
INSERT INTO `likes` (`id`, `user_id`, `post_id`) VALUES (37, 37, 37);
INSERT INTO `likes` (`id`, `user_id`, `post_id`) VALUES (38, 38, 38);
INSERT INTO `likes` (`id`, `user_id`, `post_id`) VALUES (39, 39, 39);
INSERT INTO `likes` (`id`, `user_id`, `post_id`) VALUES (40, 40, 40);
INSERT INTO `likes` (`id`, `user_id`, `post_id`) VALUES (41, 41, 41);
INSERT INTO `likes` (`id`, `user_id`, `post_id`) VALUES (42, 42, 42);
INSERT INTO `likes` (`id`, `user_id`, `post_id`) VALUES (43, 43, 43);
INSERT INTO `likes` (`id`, `user_id`, `post_id`) VALUES (44, 44, 44);
INSERT INTO `likes` (`id`, `user_id`, `post_id`) VALUES (45, 45, 45);
INSERT INTO `likes` (`id`, `user_id`, `post_id`) VALUES (46, 46, 46);
INSERT INTO `likes` (`id`, `user_id`, `post_id`) VALUES (47, 47, 47);
INSERT INTO `likes` (`id`, `user_id`, `post_id`) VALUES (48, 48, 48);
INSERT INTO `likes` (`id`, `user_id`, `post_id`) VALUES (49, 49, 49);
INSERT INTO `likes` (`id`, `user_id`, `post_id`) VALUES (50, 50, 50);
INSERT INTO `likes` (`id`, `user_id`, `post_id`) VALUES (51, 51, 51);
INSERT INTO `likes` (`id`, `user_id`, `post_id`) VALUES (52, 52, 52);
INSERT INTO `likes` (`id`, `user_id`, `post_id`) VALUES (53, 53, 53);
INSERT INTO `likes` (`id`, `user_id`, `post_id`) VALUES (54, 54, 54);
INSERT INTO `likes` (`id`, `user_id`, `post_id`) VALUES (55, 55, 55);
INSERT INTO `likes` (`id`, `user_id`, `post_id`) VALUES (56, 56, 56);
INSERT INTO `likes` (`id`, `user_id`, `post_id`) VALUES (57, 57, 57);
INSERT INTO `likes` (`id`, `user_id`, `post_id`) VALUES (58, 58, 58);
INSERT INTO `likes` (`id`, `user_id`, `post_id`) VALUES (59, 59, 59);
INSERT INTO `likes` (`id`, `user_id`, `post_id`) VALUES (60, 60, 60);
INSERT INTO `likes` (`id`, `user_id`, `post_id`) VALUES (61, 61, 61);
INSERT INTO `likes` (`id`, `user_id`, `post_id`) VALUES (62, 62, 62);
INSERT INTO `likes` (`id`, `user_id`, `post_id`) VALUES (63, 63, 63);
INSERT INTO `likes` (`id`, `user_id`, `post_id`) VALUES (64, 64, 64);
INSERT INTO `likes` (`id`, `user_id`, `post_id`) VALUES (65, 65, 65);
INSERT INTO `likes` (`id`, `user_id`, `post_id`) VALUES (66, 66, 66);
INSERT INTO `likes` (`id`, `user_id`, `post_id`) VALUES (67, 67, 67);
INSERT INTO `likes` (`id`, `user_id`, `post_id`) VALUES (68, 68, 68);
INSERT INTO `likes` (`id`, `user_id`, `post_id`) VALUES (69, 69, 69);
INSERT INTO `likes` (`id`, `user_id`, `post_id`) VALUES (70, 70, 70);
INSERT INTO `likes` (`id`, `user_id`, `post_id`) VALUES (71, 71, 71);
INSERT INTO `likes` (`id`, `user_id`, `post_id`) VALUES (72, 72, 72);
INSERT INTO `likes` (`id`, `user_id`, `post_id`) VALUES (73, 73, 73);
INSERT INTO `likes` (`id`, `user_id`, `post_id`) VALUES (74, 74, 74);
INSERT INTO `likes` (`id`, `user_id`, `post_id`) VALUES (75, 75, 75);
INSERT INTO `likes` (`id`, `user_id`, `post_id`) VALUES (76, 76, 76);
INSERT INTO `likes` (`id`, `user_id`, `post_id`) VALUES (77, 77, 77);
INSERT INTO `likes` (`id`, `user_id`, `post_id`) VALUES (78, 78, 78);
INSERT INTO `likes` (`id`, `user_id`, `post_id`) VALUES (79, 79, 79);
INSERT INTO `likes` (`id`, `user_id`, `post_id`) VALUES (80, 80, 80);
INSERT INTO `likes` (`id`, `user_id`, `post_id`) VALUES (81, 81, 81);
INSERT INTO `likes` (`id`, `user_id`, `post_id`) VALUES (82, 82, 82);
INSERT INTO `likes` (`id`, `user_id`, `post_id`) VALUES (83, 83, 83);
INSERT INTO `likes` (`id`, `user_id`, `post_id`) VALUES (84, 84, 84);
INSERT INTO `likes` (`id`, `user_id`, `post_id`) VALUES (85, 85, 85);
INSERT INTO `likes` (`id`, `user_id`, `post_id`) VALUES (86, 86, 86);
INSERT INTO `likes` (`id`, `user_id`, `post_id`) VALUES (87, 87, 87);
INSERT INTO `likes` (`id`, `user_id`, `post_id`) VALUES (88, 88, 88);
INSERT INTO `likes` (`id`, `user_id`, `post_id`) VALUES (89, 89, 89);
INSERT INTO `likes` (`id`, `user_id`, `post_id`) VALUES (90, 90, 90);
INSERT INTO `likes` (`id`, `user_id`, `post_id`) VALUES (91, 91, 91);
INSERT INTO `likes` (`id`, `user_id`, `post_id`) VALUES (92, 92, 92);
INSERT INTO `likes` (`id`, `user_id`, `post_id`) VALUES (93, 93, 93);
INSERT INTO `likes` (`id`, `user_id`, `post_id`) VALUES (94, 94, 94);
INSERT INTO `likes` (`id`, `user_id`, `post_id`) VALUES (95, 95, 95);
INSERT INTO `likes` (`id`, `user_id`, `post_id`) VALUES (96, 96, 96);
INSERT INTO `likes` (`id`, `user_id`, `post_id`) VALUES (97, 97, 97);
INSERT INTO `likes` (`id`, `user_id`, `post_id`) VALUES (98, 98, 98);
INSERT INTO `likes` (`id`, `user_id`, `post_id`) VALUES (99, 99, 99);
INSERT INTO `likes` (`id`, `user_id`, `post_id`) VALUES (100, 100, 100);
INSERT INTO `likes` (`id`, `user_id`, `post_id`) VALUES (101, 1, 101);
INSERT INTO `likes` (`id`, `user_id`, `post_id`) VALUES (102, 2, 102);
INSERT INTO `likes` (`id`, `user_id`, `post_id`) VALUES (103, 3, 103);
INSERT INTO `likes` (`id`, `user_id`, `post_id`) VALUES (104, 4, 104);
INSERT INTO `likes` (`id`, `user_id`, `post_id`) VALUES (105, 5, 105);
INSERT INTO `likes` (`id`, `user_id`, `post_id`) VALUES (106, 6, 106);
INSERT INTO `likes` (`id`, `user_id`, `post_id`) VALUES (107, 7, 107);
INSERT INTO `likes` (`id`, `user_id`, `post_id`) VALUES (108, 8, 108);
INSERT INTO `likes` (`id`, `user_id`, `post_id`) VALUES (109, 9, 109);
INSERT INTO `likes` (`id`, `user_id`, `post_id`) VALUES (110, 10, 110);
INSERT INTO `likes` (`id`, `user_id`, `post_id`) VALUES (111, 11, 111);
INSERT INTO `likes` (`id`, `user_id`, `post_id`) VALUES (112, 12, 112);
INSERT INTO `likes` (`id`, `user_id`, `post_id`) VALUES (113, 13, 113);
INSERT INTO `likes` (`id`, `user_id`, `post_id`) VALUES (114, 14, 114);
INSERT INTO `likes` (`id`, `user_id`, `post_id`) VALUES (115, 15, 115);
INSERT INTO `likes` (`id`, `user_id`, `post_id`) VALUES (116, 16, 116);
INSERT INTO `likes` (`id`, `user_id`, `post_id`) VALUES (117, 17, 117);
INSERT INTO `likes` (`id`, `user_id`, `post_id`) VALUES (118, 18, 118);
INSERT INTO `likes` (`id`, `user_id`, `post_id`) VALUES (119, 19, 119);
INSERT INTO `likes` (`id`, `user_id`, `post_id`) VALUES (120, 20, 120);
INSERT INTO `likes` (`id`, `user_id`, `post_id`) VALUES (121, 21, 121);
INSERT INTO `likes` (`id`, `user_id`, `post_id`) VALUES (122, 22, 122);
INSERT INTO `likes` (`id`, `user_id`, `post_id`) VALUES (123, 23, 123);
INSERT INTO `likes` (`id`, `user_id`, `post_id`) VALUES (124, 24, 124);
INSERT INTO `likes` (`id`, `user_id`, `post_id`) VALUES (125, 25, 125);
INSERT INTO `likes` (`id`, `user_id`, `post_id`) VALUES (126, 26, 126);
INSERT INTO `likes` (`id`, `user_id`, `post_id`) VALUES (127, 27, 127);
INSERT INTO `likes` (`id`, `user_id`, `post_id`) VALUES (128, 28, 128);
INSERT INTO `likes` (`id`, `user_id`, `post_id`) VALUES (129, 29, 129);
INSERT INTO `likes` (`id`, `user_id`, `post_id`) VALUES (130, 30, 130);
INSERT INTO `likes` (`id`, `user_id`, `post_id`) VALUES (131, 31, 131);
INSERT INTO `likes` (`id`, `user_id`, `post_id`) VALUES (132, 32, 132);
INSERT INTO `likes` (`id`, `user_id`, `post_id`) VALUES (133, 33, 133);
INSERT INTO `likes` (`id`, `user_id`, `post_id`) VALUES (134, 34, 134);
INSERT INTO `likes` (`id`, `user_id`, `post_id`) VALUES (135, 35, 135);
INSERT INTO `likes` (`id`, `user_id`, `post_id`) VALUES (136, 36, 136);
INSERT INTO `likes` (`id`, `user_id`, `post_id`) VALUES (137, 37, 137);
INSERT INTO `likes` (`id`, `user_id`, `post_id`) VALUES (138, 38, 138);
INSERT INTO `likes` (`id`, `user_id`, `post_id`) VALUES (139, 39, 139);
INSERT INTO `likes` (`id`, `user_id`, `post_id`) VALUES (140, 40, 140);
INSERT INTO `likes` (`id`, `user_id`, `post_id`) VALUES (141, 41, 141);
INSERT INTO `likes` (`id`, `user_id`, `post_id`) VALUES (142, 42, 142);
INSERT INTO `likes` (`id`, `user_id`, `post_id`) VALUES (143, 43, 143);
INSERT INTO `likes` (`id`, `user_id`, `post_id`) VALUES (144, 44, 144);
INSERT INTO `likes` (`id`, `user_id`, `post_id`) VALUES (145, 45, 145);
INSERT INTO `likes` (`id`, `user_id`, `post_id`) VALUES (146, 46, 146);
INSERT INTO `likes` (`id`, `user_id`, `post_id`) VALUES (147, 47, 147);
INSERT INTO `likes` (`id`, `user_id`, `post_id`) VALUES (148, 48, 148);
INSERT INTO `likes` (`id`, `user_id`, `post_id`) VALUES (149, 49, 149);
INSERT INTO `likes` (`id`, `user_id`, `post_id`) VALUES (150, 50, 150);
INSERT INTO `likes` (`id`, `user_id`, `post_id`) VALUES (151, 51, 151);
INSERT INTO `likes` (`id`, `user_id`, `post_id`) VALUES (152, 52, 152);
INSERT INTO `likes` (`id`, `user_id`, `post_id`) VALUES (153, 53, 153);
INSERT INTO `likes` (`id`, `user_id`, `post_id`) VALUES (154, 54, 154);
INSERT INTO `likes` (`id`, `user_id`, `post_id`) VALUES (155, 55, 155);
INSERT INTO `likes` (`id`, `user_id`, `post_id`) VALUES (156, 56, 156);
INSERT INTO `likes` (`id`, `user_id`, `post_id`) VALUES (157, 57, 157);
INSERT INTO `likes` (`id`, `user_id`, `post_id`) VALUES (158, 58, 158);
INSERT INTO `likes` (`id`, `user_id`, `post_id`) VALUES (159, 59, 159);
INSERT INTO `likes` (`id`, `user_id`, `post_id`) VALUES (160, 60, 160);
INSERT INTO `likes` (`id`, `user_id`, `post_id`) VALUES (161, 61, 161);
INSERT INTO `likes` (`id`, `user_id`, `post_id`) VALUES (162, 62, 162);
INSERT INTO `likes` (`id`, `user_id`, `post_id`) VALUES (163, 63, 163);
INSERT INTO `likes` (`id`, `user_id`, `post_id`) VALUES (164, 64, 164);
INSERT INTO `likes` (`id`, `user_id`, `post_id`) VALUES (165, 65, 165);
INSERT INTO `likes` (`id`, `user_id`, `post_id`) VALUES (166, 66, 166);
INSERT INTO `likes` (`id`, `user_id`, `post_id`) VALUES (167, 67, 167);
INSERT INTO `likes` (`id`, `user_id`, `post_id`) VALUES (168, 68, 168);
INSERT INTO `likes` (`id`, `user_id`, `post_id`) VALUES (169, 69, 169);
INSERT INTO `likes` (`id`, `user_id`, `post_id`) VALUES (170, 70, 170);
INSERT INTO `likes` (`id`, `user_id`, `post_id`) VALUES (171, 71, 171);
INSERT INTO `likes` (`id`, `user_id`, `post_id`) VALUES (172, 72, 172);
INSERT INTO `likes` (`id`, `user_id`, `post_id`) VALUES (173, 73, 173);
INSERT INTO `likes` (`id`, `user_id`, `post_id`) VALUES (174, 74, 174);
INSERT INTO `likes` (`id`, `user_id`, `post_id`) VALUES (175, 75, 175);
INSERT INTO `likes` (`id`, `user_id`, `post_id`) VALUES (176, 76, 176);
INSERT INTO `likes` (`id`, `user_id`, `post_id`) VALUES (177, 77, 177);
INSERT INTO `likes` (`id`, `user_id`, `post_id`) VALUES (178, 78, 178);
INSERT INTO `likes` (`id`, `user_id`, `post_id`) VALUES (179, 79, 179);
INSERT INTO `likes` (`id`, `user_id`, `post_id`) VALUES (180, 80, 180);
INSERT INTO `likes` (`id`, `user_id`, `post_id`) VALUES (181, 81, 181);
INSERT INTO `likes` (`id`, `user_id`, `post_id`) VALUES (182, 82, 182);
INSERT INTO `likes` (`id`, `user_id`, `post_id`) VALUES (183, 83, 183);
INSERT INTO `likes` (`id`, `user_id`, `post_id`) VALUES (184, 84, 184);
INSERT INTO `likes` (`id`, `user_id`, `post_id`) VALUES (185, 85, 185);
INSERT INTO `likes` (`id`, `user_id`, `post_id`) VALUES (186, 86, 186);
INSERT INTO `likes` (`id`, `user_id`, `post_id`) VALUES (187, 87, 187);
INSERT INTO `likes` (`id`, `user_id`, `post_id`) VALUES (188, 88, 188);
INSERT INTO `likes` (`id`, `user_id`, `post_id`) VALUES (189, 89, 189);
INSERT INTO `likes` (`id`, `user_id`, `post_id`) VALUES (190, 90, 190);
INSERT INTO `likes` (`id`, `user_id`, `post_id`) VALUES (191, 91, 191);
INSERT INTO `likes` (`id`, `user_id`, `post_id`) VALUES (192, 92, 192);
INSERT INTO `likes` (`id`, `user_id`, `post_id`) VALUES (193, 93, 193);
INSERT INTO `likes` (`id`, `user_id`, `post_id`) VALUES (194, 94, 194);
INSERT INTO `likes` (`id`, `user_id`, `post_id`) VALUES (195, 95, 195);
INSERT INTO `likes` (`id`, `user_id`, `post_id`) VALUES (196, 96, 196);
INSERT INTO `likes` (`id`, `user_id`, `post_id`) VALUES (197, 97, 197);
INSERT INTO `likes` (`id`, `user_id`, `post_id`) VALUES (198, 98, 198);
INSERT INTO `likes` (`id`, `user_id`, `post_id`) VALUES (199, 99, 199);
INSERT INTO `likes` (`id`, `user_id`, `post_id`) VALUES (200, 100, 200);


#
# TABLE STRUCTURE FOR: media
#

DROP TABLE IF EXISTS `media`;

CREATE TABLE `media` (
  `id` int(10) unsigned NOT NULL AUTO_INCREMENT,
  `media_type_id` int(10) unsigned NOT NULL,
  `user_id` int(10) unsigned NOT NULL,
  `filename` varchar(255) COLLATE utf8_unicode_ci NOT NULL,
  `size` int(11) NOT NULL,
  `metadata` longtext CHARACTER SET utf8mb4 COLLATE utf8mb4_bin DEFAULT NULL,
  `created_at` datetime DEFAULT current_timestamp(),
  `updated_at` datetime DEFAULT current_timestamp() ON UPDATE current_timestamp(),
  PRIMARY KEY (`id`),
  KEY `media_type_id` (`media_type_id`,`user_id`,`filename`),
  KEY `user_id` (`user_id`),
  CONSTRAINT `media_ibfk_1` FOREIGN KEY (`media_type_id`) REFERENCES `media_types` (`id`),
  CONSTRAINT `media_ibfk_2` FOREIGN KEY (`user_id`) REFERENCES `users` (`id`)
) ENGINE=InnoDB AUTO_INCREMENT=201 DEFAULT CHARSET=utf8 COLLATE=utf8_unicode_ci;

INSERT INTO `media` (`id`, `media_type_id`, `user_id`, `filename`, `size`, `metadata`, `created_at`, `updated_at`) VALUES (1, 1, 1, 'at', 990, 'Suscipit autem similique commodi et et.', '1992-12-17 11:21:41', '1982-03-11 18:03:06');
INSERT INTO `media` (`id`, `media_type_id`, `user_id`, `filename`, `size`, `metadata`, `created_at`, `updated_at`) VALUES (2, 2, 2, 'maiores', 0, 'Esse id ut tenetur ullam molestiae rem omnis non.', '1980-12-01 23:29:04', '2002-04-29 07:03:21');
INSERT INTO `media` (`id`, `media_type_id`, `user_id`, `filename`, `size`, `metadata`, `created_at`, `updated_at`) VALUES (3, 3, 3, 'blanditiis', 302, 'Sed alias ipsam similique eum.', '1971-06-06 04:13:36', '2006-06-24 03:31:58');
INSERT INTO `media` (`id`, `media_type_id`, `user_id`, `filename`, `size`, `metadata`, `created_at`, `updated_at`) VALUES (4, 4, 4, 'quia', 0, 'Quasi repellendus occaecati et numquam.', '1995-11-06 22:57:46', '2009-11-19 13:22:27');
INSERT INTO `media` (`id`, `media_type_id`, `user_id`, `filename`, `size`, `metadata`, `created_at`, `updated_at`) VALUES (5, 5, 5, 'ab', 506, 'Quam perspiciatis autem et qui vero.', '2002-04-13 12:12:55', '1991-04-10 09:18:56');
INSERT INTO `media` (`id`, `media_type_id`, `user_id`, `filename`, `size`, `metadata`, `created_at`, `updated_at`) VALUES (6, 6, 6, 'vel', 37279, 'Quia ab sunt iure ex dicta.', '2009-08-26 23:34:19', '1977-02-02 11:25:29');
INSERT INTO `media` (`id`, `media_type_id`, `user_id`, `filename`, `size`, `metadata`, `created_at`, `updated_at`) VALUES (7, 1, 7, 'magnam', 81, 'Explicabo adipisci alias doloremque est omnis consequuntur.', '1978-03-30 12:37:47', '1977-08-12 07:10:09');
INSERT INTO `media` (`id`, `media_type_id`, `user_id`, `filename`, `size`, `metadata`, `created_at`, `updated_at`) VALUES (8, 2, 8, 'nulla', 3758, 'Enim quia dignissimos repellat dolor quia qui.', '1985-10-29 01:12:48', '2011-02-08 23:03:12');
INSERT INTO `media` (`id`, `media_type_id`, `user_id`, `filename`, `size`, `metadata`, `created_at`, `updated_at`) VALUES (9, 3, 9, 'esse', 8063070, 'Et quis occaecati aspernatur.', '1983-08-11 21:17:42', '1987-09-07 08:33:04');
INSERT INTO `media` (`id`, `media_type_id`, `user_id`, `filename`, `size`, `metadata`, `created_at`, `updated_at`) VALUES (10, 4, 10, 'ea', 758573813, 'Aut qui commodi qui eius consectetur et consequatur nulla.', '1998-11-29 04:28:44', '2005-09-24 12:36:49');
INSERT INTO `media` (`id`, `media_type_id`, `user_id`, `filename`, `size`, `metadata`, `created_at`, `updated_at`) VALUES (11, 5, 11, 'repellendus', 206972, 'Cum quas blanditiis corporis error officia id quo.', '1980-05-11 09:44:20', '1983-05-14 04:49:36');
INSERT INTO `media` (`id`, `media_type_id`, `user_id`, `filename`, `size`, `metadata`, `created_at`, `updated_at`) VALUES (12, 6, 12, 'qui', 8711446, 'Rerum accusantium voluptatem voluptatem omnis cupiditate rerum odit.', '2001-04-25 07:20:26', '2011-07-14 20:40:01');
INSERT INTO `media` (`id`, `media_type_id`, `user_id`, `filename`, `size`, `metadata`, `created_at`, `updated_at`) VALUES (13, 1, 13, 'totam', 0, 'Aut vel odit et aut.', '2003-04-06 03:55:25', '1994-03-10 20:09:01');
INSERT INTO `media` (`id`, `media_type_id`, `user_id`, `filename`, `size`, `metadata`, `created_at`, `updated_at`) VALUES (14, 2, 14, 'hic', 83, 'Odio commodi repellat eos.', '2000-03-21 04:14:03', '2017-01-22 03:05:22');
INSERT INTO `media` (`id`, `media_type_id`, `user_id`, `filename`, `size`, `metadata`, `created_at`, `updated_at`) VALUES (15, 3, 15, 'dolores', 8058, 'Doloribus officiis ut ipsum quibusdam debitis omnis eum sit.', '2014-07-06 23:18:39', '1984-06-18 06:08:51');
INSERT INTO `media` (`id`, `media_type_id`, `user_id`, `filename`, `size`, `metadata`, `created_at`, `updated_at`) VALUES (16, 4, 16, 'eum', 98, 'Dolores dolor nihil molestiae vel dolorem autem.', '2003-04-05 13:14:16', '1994-06-18 05:39:28');
INSERT INTO `media` (`id`, `media_type_id`, `user_id`, `filename`, `size`, `metadata`, `created_at`, `updated_at`) VALUES (17, 5, 17, 'corporis', 5, 'Voluptates in accusamus perferendis fuga itaque amet vel.', '1986-11-12 15:57:53', '1973-04-29 22:05:44');
INSERT INTO `media` (`id`, `media_type_id`, `user_id`, `filename`, `size`, `metadata`, `created_at`, `updated_at`) VALUES (18, 6, 18, 'dolores', 82173837, 'Animi eum et dolorem nostrum qui non.', '2016-10-25 13:41:30', '1973-06-28 11:08:42');
INSERT INTO `media` (`id`, `media_type_id`, `user_id`, `filename`, `size`, `metadata`, `created_at`, `updated_at`) VALUES (19, 1, 19, 'optio', 17632928, 'Ut quis illum ut quas necessitatibus sint architecto.', '1974-11-09 12:37:55', '2013-11-11 21:33:48');
INSERT INTO `media` (`id`, `media_type_id`, `user_id`, `filename`, `size`, `metadata`, `created_at`, `updated_at`) VALUES (20, 2, 20, 'pariatur', 82, 'Consequatur aut est consequuntur ratione.', '2016-12-01 10:46:41', '1993-01-02 18:27:32');
INSERT INTO `media` (`id`, `media_type_id`, `user_id`, `filename`, `size`, `metadata`, `created_at`, `updated_at`) VALUES (21, 3, 21, 'odit', 0, 'Laboriosam et in labore sapiente laborum enim.', '1979-07-20 18:01:28', '1978-04-19 18:33:54');
INSERT INTO `media` (`id`, `media_type_id`, `user_id`, `filename`, `size`, `metadata`, `created_at`, `updated_at`) VALUES (22, 4, 22, 'aut', 783, 'Eum qui nihil accusantium nesciunt voluptatem nostrum.', '2010-11-28 17:16:23', '2000-08-10 20:14:36');
INSERT INTO `media` (`id`, `media_type_id`, `user_id`, `filename`, `size`, `metadata`, `created_at`, `updated_at`) VALUES (23, 5, 23, 'quos', 58905882, 'Sunt aut illo eum voluptatem.', '2001-02-11 10:52:28', '1987-08-14 09:38:58');
INSERT INTO `media` (`id`, `media_type_id`, `user_id`, `filename`, `size`, `metadata`, `created_at`, `updated_at`) VALUES (24, 6, 24, 'est', 58119294, 'Ut voluptatem non earum et.', '1981-04-11 06:50:51', '2015-07-19 20:45:00');
INSERT INTO `media` (`id`, `media_type_id`, `user_id`, `filename`, `size`, `metadata`, `created_at`, `updated_at`) VALUES (25, 1, 25, 'dolores', 12386579, 'Officia sequi minus harum aliquid.', '1986-01-11 19:22:34', '1982-10-10 05:13:32');
INSERT INTO `media` (`id`, `media_type_id`, `user_id`, `filename`, `size`, `metadata`, `created_at`, `updated_at`) VALUES (26, 2, 26, 'et', 29018, 'Dolores commodi est nobis reprehenderit nihil voluptatum rerum.', '2004-08-30 17:14:24', '1979-08-24 03:54:55');
INSERT INTO `media` (`id`, `media_type_id`, `user_id`, `filename`, `size`, `metadata`, `created_at`, `updated_at`) VALUES (27, 3, 27, 'dolore', 6838, 'Facilis molestias et quod similique quod.', '1988-12-20 08:08:44', '1976-07-14 05:02:57');
INSERT INTO `media` (`id`, `media_type_id`, `user_id`, `filename`, `size`, `metadata`, `created_at`, `updated_at`) VALUES (28, 4, 28, 'quia', 884188069, 'Minus earum perspiciatis non ut libero.', '1979-10-10 12:41:38', '1982-01-21 10:43:19');
INSERT INTO `media` (`id`, `media_type_id`, `user_id`, `filename`, `size`, `metadata`, `created_at`, `updated_at`) VALUES (29, 5, 29, 'labore', 600, 'Molestias omnis vero quia in.', '2019-06-24 01:00:19', '2011-01-28 23:49:37');
INSERT INTO `media` (`id`, `media_type_id`, `user_id`, `filename`, `size`, `metadata`, `created_at`, `updated_at`) VALUES (30, 6, 30, 'reiciendis', 54076123, 'Aut sit ut voluptatum sequi repudiandae voluptatum.', '1994-10-10 10:51:23', '1992-06-04 14:57:12');
INSERT INTO `media` (`id`, `media_type_id`, `user_id`, `filename`, `size`, `metadata`, `created_at`, `updated_at`) VALUES (31, 1, 31, 'tempora', 161242003, 'Qui fugit et voluptatem earum.', '1989-11-13 07:55:55', '2019-04-25 23:32:54');
INSERT INTO `media` (`id`, `media_type_id`, `user_id`, `filename`, `size`, `metadata`, `created_at`, `updated_at`) VALUES (32, 2, 32, 'incidunt', 56124612, 'Pariatur et maxime similique.', '1986-02-04 13:42:12', '2011-09-22 00:28:40');
INSERT INTO `media` (`id`, `media_type_id`, `user_id`, `filename`, `size`, `metadata`, `created_at`, `updated_at`) VALUES (33, 3, 33, 'qui', 256452730, 'Qui nihil delectus ut id fugiat rerum.', '1991-01-18 18:55:56', '2016-12-17 08:58:03');
INSERT INTO `media` (`id`, `media_type_id`, `user_id`, `filename`, `size`, `metadata`, `created_at`, `updated_at`) VALUES (34, 4, 34, 'laboriosam', 58171299, 'Blanditiis explicabo iste ut quibusdam.', '2013-02-03 01:41:19', '1980-10-08 14:21:50');
INSERT INTO `media` (`id`, `media_type_id`, `user_id`, `filename`, `size`, `metadata`, `created_at`, `updated_at`) VALUES (35, 5, 35, 'vel', 751474, 'Molestias voluptatem id labore accusamus quo est aut.', '1970-09-11 20:21:20', '1978-07-28 01:42:08');
INSERT INTO `media` (`id`, `media_type_id`, `user_id`, `filename`, `size`, `metadata`, `created_at`, `updated_at`) VALUES (36, 6, 36, 'est', 4692, 'Est ipsam nam velit in et vero aliquid.', '2010-06-10 10:17:34', '1975-01-17 15:47:32');
INSERT INTO `media` (`id`, `media_type_id`, `user_id`, `filename`, `size`, `metadata`, `created_at`, `updated_at`) VALUES (37, 1, 37, 'aliquid', 688549, 'Fugit aut enim autem a veritatis ea autem.', '2002-05-23 12:10:24', '1976-06-15 10:31:54');
INSERT INTO `media` (`id`, `media_type_id`, `user_id`, `filename`, `size`, `metadata`, `created_at`, `updated_at`) VALUES (38, 2, 38, 'vel', 0, 'Et quam sunt excepturi quos eaque mollitia id.', '1971-12-30 15:56:12', '1972-02-27 06:16:17');
INSERT INTO `media` (`id`, `media_type_id`, `user_id`, `filename`, `size`, `metadata`, `created_at`, `updated_at`) VALUES (39, 3, 39, 'blanditiis', 14, 'Quidem temporibus eius possimus accusantium.', '2017-02-25 21:05:06', '2014-11-06 21:18:47');
INSERT INTO `media` (`id`, `media_type_id`, `user_id`, `filename`, `size`, `metadata`, `created_at`, `updated_at`) VALUES (40, 4, 40, 'veritatis', 24446, 'Tempora tenetur tenetur nihil tenetur nemo.', '1997-07-16 17:55:32', '1987-02-14 17:30:38');
INSERT INTO `media` (`id`, `media_type_id`, `user_id`, `filename`, `size`, `metadata`, `created_at`, `updated_at`) VALUES (41, 5, 41, 'veniam', 47008, 'Voluptates rerum dolorum dolor cumque.', '1998-03-17 06:43:59', '1972-09-11 11:14:38');
INSERT INTO `media` (`id`, `media_type_id`, `user_id`, `filename`, `size`, `metadata`, `created_at`, `updated_at`) VALUES (42, 6, 42, 'aut', 157, 'Ullam non reprehenderit asperiores non voluptates molestiae iusto.', '2001-08-01 21:08:27', '1997-03-13 08:20:14');
INSERT INTO `media` (`id`, `media_type_id`, `user_id`, `filename`, `size`, `metadata`, `created_at`, `updated_at`) VALUES (43, 1, 43, 'dolore', 254998, 'Libero deleniti sint non aut et.', '1988-11-27 03:29:00', '2000-07-23 09:07:41');
INSERT INTO `media` (`id`, `media_type_id`, `user_id`, `filename`, `size`, `metadata`, `created_at`, `updated_at`) VALUES (44, 2, 44, 'nulla', 1, 'Facere aut vel nisi voluptas.', '2007-07-27 14:59:15', '1990-08-16 03:45:06');
INSERT INTO `media` (`id`, `media_type_id`, `user_id`, `filename`, `size`, `metadata`, `created_at`, `updated_at`) VALUES (45, 3, 45, 'sed', 4, 'Quaerat vel qui et facere.', '2018-10-14 19:09:20', '1982-10-23 07:05:18');
INSERT INTO `media` (`id`, `media_type_id`, `user_id`, `filename`, `size`, `metadata`, `created_at`, `updated_at`) VALUES (46, 4, 46, 'quia', 0, 'Neque hic aut nobis laudantium amet voluptates.', '1974-05-31 18:49:42', '1997-01-23 08:59:57');
INSERT INTO `media` (`id`, `media_type_id`, `user_id`, `filename`, `size`, `metadata`, `created_at`, `updated_at`) VALUES (47, 5, 47, 'rerum', 949438174, 'Et possimus tempore fuga ab error asperiores.', '1976-08-21 11:12:25', '1981-08-19 08:53:12');
INSERT INTO `media` (`id`, `media_type_id`, `user_id`, `filename`, `size`, `metadata`, `created_at`, `updated_at`) VALUES (48, 6, 48, 'voluptatem', 96497758, 'Magnam possimus sint blanditiis voluptatem officia et excepturi.', '1985-02-25 09:32:06', '1992-04-30 08:19:50');
INSERT INTO `media` (`id`, `media_type_id`, `user_id`, `filename`, `size`, `metadata`, `created_at`, `updated_at`) VALUES (49, 1, 49, 'et', 95965, 'Nemo sed reiciendis consequatur odio aut ut incidunt doloremque.', '1970-03-02 17:44:39', '1978-11-11 08:06:19');
INSERT INTO `media` (`id`, `media_type_id`, `user_id`, `filename`, `size`, `metadata`, `created_at`, `updated_at`) VALUES (50, 2, 50, 'nihil', 1137, 'Provident voluptas neque aspernatur rerum quia esse quibusdam.', '2018-11-06 20:28:56', '1973-12-28 22:48:27');
INSERT INTO `media` (`id`, `media_type_id`, `user_id`, `filename`, `size`, `metadata`, `created_at`, `updated_at`) VALUES (51, 3, 51, 'laboriosam', 34, 'Dignissimos suscipit nihil autem ipsum ut laborum.', '1992-12-15 20:22:06', '2008-09-20 01:57:17');
INSERT INTO `media` (`id`, `media_type_id`, `user_id`, `filename`, `size`, `metadata`, `created_at`, `updated_at`) VALUES (52, 4, 52, 'id', 5, 'Et aspernatur nisi esse dolor qui est eum.', '1995-10-27 21:41:28', '1975-03-11 14:48:31');
INSERT INTO `media` (`id`, `media_type_id`, `user_id`, `filename`, `size`, `metadata`, `created_at`, `updated_at`) VALUES (53, 5, 53, 'illo', 3, 'Inventore quaerat cumque accusantium omnis quia.', '2005-12-06 12:26:34', '1982-05-01 17:31:52');
INSERT INTO `media` (`id`, `media_type_id`, `user_id`, `filename`, `size`, `metadata`, `created_at`, `updated_at`) VALUES (54, 6, 54, 'quasi', 9687, 'Laboriosam amet reprehenderit vitae unde qui neque eius voluptates.', '1974-11-13 09:15:11', '2010-12-15 22:40:00');
INSERT INTO `media` (`id`, `media_type_id`, `user_id`, `filename`, `size`, `metadata`, `created_at`, `updated_at`) VALUES (55, 1, 55, 'voluptatibus', 566770, 'Id voluptatum omnis et et vitae.', '1996-09-30 01:24:24', '1993-12-25 07:31:32');
INSERT INTO `media` (`id`, `media_type_id`, `user_id`, `filename`, `size`, `metadata`, `created_at`, `updated_at`) VALUES (56, 2, 56, 'quia', 471, 'Tenetur blanditiis dignissimos iste est vel.', '1998-09-27 20:54:10', '1970-07-11 06:29:13');
INSERT INTO `media` (`id`, `media_type_id`, `user_id`, `filename`, `size`, `metadata`, `created_at`, `updated_at`) VALUES (57, 3, 57, 'tempore', 3453487, 'Odio dolore odio qui consectetur.', '1982-11-20 03:48:47', '1975-02-03 12:05:59');
INSERT INTO `media` (`id`, `media_type_id`, `user_id`, `filename`, `size`, `metadata`, `created_at`, `updated_at`) VALUES (58, 4, 58, 'veniam', 0, 'Ipsa et quas ab quasi laudantium.', '2006-10-16 07:18:03', '1978-09-21 22:36:50');
INSERT INTO `media` (`id`, `media_type_id`, `user_id`, `filename`, `size`, `metadata`, `created_at`, `updated_at`) VALUES (59, 5, 59, 'quod', 5, 'Tenetur voluptatem autem sequi omnis rerum.', '2013-05-12 17:24:35', '1971-07-12 23:36:17');
INSERT INTO `media` (`id`, `media_type_id`, `user_id`, `filename`, `size`, `metadata`, `created_at`, `updated_at`) VALUES (60, 6, 60, 'delectus', 68921, 'Autem ut necessitatibus eos dolor.', '2005-08-12 08:25:33', '1988-01-18 02:35:00');
INSERT INTO `media` (`id`, `media_type_id`, `user_id`, `filename`, `size`, `metadata`, `created_at`, `updated_at`) VALUES (61, 1, 61, 'aut', 5226, 'Similique numquam aliquid rem totam blanditiis nihil delectus.', '1989-10-01 14:42:58', '2004-12-02 03:25:22');
INSERT INTO `media` (`id`, `media_type_id`, `user_id`, `filename`, `size`, `metadata`, `created_at`, `updated_at`) VALUES (62, 2, 62, 'tempore', 7126, 'Necessitatibus aut reprehenderit illum nisi necessitatibus voluptatem ut ad.', '1989-03-07 19:41:59', '1989-10-15 05:06:32');
INSERT INTO `media` (`id`, `media_type_id`, `user_id`, `filename`, `size`, `metadata`, `created_at`, `updated_at`) VALUES (63, 3, 63, 'non', 555, 'Id repellat ex et sit et qui.', '2007-03-27 20:23:09', '2006-09-01 19:35:54');
INSERT INTO `media` (`id`, `media_type_id`, `user_id`, `filename`, `size`, `metadata`, `created_at`, `updated_at`) VALUES (64, 4, 64, 'qui', 8, 'Ut soluta cumque impedit ad.', '1979-07-16 11:22:28', '1978-07-25 18:06:01');
INSERT INTO `media` (`id`, `media_type_id`, `user_id`, `filename`, `size`, `metadata`, `created_at`, `updated_at`) VALUES (65, 5, 65, 'minus', 3673, 'Quo a est ut saepe natus eos ea.', '1974-08-17 10:35:44', '1987-07-16 14:26:25');
INSERT INTO `media` (`id`, `media_type_id`, `user_id`, `filename`, `size`, `metadata`, `created_at`, `updated_at`) VALUES (66, 6, 66, 'qui', 86434287, 'Ut illum et nihil corporis.', '1981-10-11 02:25:48', '1973-05-20 04:14:42');
INSERT INTO `media` (`id`, `media_type_id`, `user_id`, `filename`, `size`, `metadata`, `created_at`, `updated_at`) VALUES (67, 1, 67, 'accusantium', 49, 'Voluptate occaecati qui beatae dolor est eum.', '1999-10-22 13:54:30', '1982-03-13 18:35:47');
INSERT INTO `media` (`id`, `media_type_id`, `user_id`, `filename`, `size`, `metadata`, `created_at`, `updated_at`) VALUES (68, 2, 68, 'rerum', 780, 'Qui blanditiis qui reprehenderit.', '2001-08-16 03:00:29', '1985-12-07 01:18:00');
INSERT INTO `media` (`id`, `media_type_id`, `user_id`, `filename`, `size`, `metadata`, `created_at`, `updated_at`) VALUES (69, 3, 69, 'dolorum', 1, 'Id est aut accusamus molestias.', '1976-12-26 07:09:45', '2008-10-19 18:07:50');
INSERT INTO `media` (`id`, `media_type_id`, `user_id`, `filename`, `size`, `metadata`, `created_at`, `updated_at`) VALUES (70, 4, 70, 'tempore', 13047361, 'Suscipit possimus delectus odio possimus.', '1975-06-19 13:06:22', '1991-11-10 06:22:07');
INSERT INTO `media` (`id`, `media_type_id`, `user_id`, `filename`, `size`, `metadata`, `created_at`, `updated_at`) VALUES (71, 5, 71, 'eligendi', 5764676, 'Nihil laboriosam temporibus non nulla.', '2008-08-15 01:00:16', '2014-05-17 19:22:44');
INSERT INTO `media` (`id`, `media_type_id`, `user_id`, `filename`, `size`, `metadata`, `created_at`, `updated_at`) VALUES (72, 6, 72, 'ea', 0, 'Illo odit et modi enim.', '1985-01-27 07:10:49', '1982-02-22 02:21:14');
INSERT INTO `media` (`id`, `media_type_id`, `user_id`, `filename`, `size`, `metadata`, `created_at`, `updated_at`) VALUES (73, 1, 73, 'aliquid', 3100, 'Dolores aut iste consequatur officiis deserunt natus.', '1989-03-25 03:38:43', '1971-01-26 09:43:32');
INSERT INTO `media` (`id`, `media_type_id`, `user_id`, `filename`, `size`, `metadata`, `created_at`, `updated_at`) VALUES (74, 2, 74, 'modi', 807, 'Delectus quis impedit officiis.', '1989-11-25 01:28:08', '1980-02-08 23:04:37');
INSERT INTO `media` (`id`, `media_type_id`, `user_id`, `filename`, `size`, `metadata`, `created_at`, `updated_at`) VALUES (75, 3, 75, 'omnis', 7273230, 'Et nihil quis et suscipit ipsum aspernatur.', '2012-07-14 00:49:46', '2004-12-28 05:32:34');
INSERT INTO `media` (`id`, `media_type_id`, `user_id`, `filename`, `size`, `metadata`, `created_at`, `updated_at`) VALUES (76, 4, 76, 'dignissimos', 15954233, 'Qui aperiam quis et sed.', '2007-06-18 23:44:31', '1979-10-13 10:30:22');
INSERT INTO `media` (`id`, `media_type_id`, `user_id`, `filename`, `size`, `metadata`, `created_at`, `updated_at`) VALUES (77, 5, 77, 'et', 100853, 'Ipsum commodi enim aut est.', '1978-07-30 11:54:35', '1986-08-19 14:38:47');
INSERT INTO `media` (`id`, `media_type_id`, `user_id`, `filename`, `size`, `metadata`, `created_at`, `updated_at`) VALUES (78, 6, 78, 'ut', 41273839, 'Asperiores corrupti error qui expedita omnis vel.', '2013-12-23 08:05:02', '1996-05-29 18:43:40');
INSERT INTO `media` (`id`, `media_type_id`, `user_id`, `filename`, `size`, `metadata`, `created_at`, `updated_at`) VALUES (79, 1, 79, 'exercitationem', 611462033, 'Deleniti eos est eaque molestias architecto.', '1993-10-30 22:59:07', '1973-07-22 03:10:33');
INSERT INTO `media` (`id`, `media_type_id`, `user_id`, `filename`, `size`, `metadata`, `created_at`, `updated_at`) VALUES (80, 2, 80, 'molestias', 722777, 'Minus odit et necessitatibus beatae repellendus.', '1991-03-18 23:45:34', '1982-08-22 18:00:26');
INSERT INTO `media` (`id`, `media_type_id`, `user_id`, `filename`, `size`, `metadata`, `created_at`, `updated_at`) VALUES (81, 3, 81, 'eos', 31410417, 'Et ducimus qui iusto odio.', '2012-12-05 20:43:43', '1977-02-03 11:01:52');
INSERT INTO `media` (`id`, `media_type_id`, `user_id`, `filename`, `size`, `metadata`, `created_at`, `updated_at`) VALUES (82, 4, 82, 'velit', 84456602, 'Aperiam eum minima esse quaerat.', '2017-03-05 22:29:49', '1970-04-29 20:26:42');
INSERT INTO `media` (`id`, `media_type_id`, `user_id`, `filename`, `size`, `metadata`, `created_at`, `updated_at`) VALUES (83, 5, 83, 'at', 2816614, 'Repellat veritatis officiis aperiam repellat tempora.', '1976-11-21 21:48:49', '1982-10-10 16:46:32');
INSERT INTO `media` (`id`, `media_type_id`, `user_id`, `filename`, `size`, `metadata`, `created_at`, `updated_at`) VALUES (84, 6, 84, 'ipsum', 0, 'Eveniet est assumenda quo velit id.', '2011-12-11 17:46:25', '2007-10-30 07:13:41');
INSERT INTO `media` (`id`, `media_type_id`, `user_id`, `filename`, `size`, `metadata`, `created_at`, `updated_at`) VALUES (85, 1, 85, 'perferendis', 969592119, 'Accusamus ipsa corrupti nihil corrupti accusantium nostrum aspernatur.', '1982-12-01 00:32:51', '2005-05-07 03:12:39');
INSERT INTO `media` (`id`, `media_type_id`, `user_id`, `filename`, `size`, `metadata`, `created_at`, `updated_at`) VALUES (86, 2, 86, 'veniam', 30368082, 'Quia facilis assumenda sed repellat vero.', '1979-08-22 09:54:18', '1979-04-21 04:48:33');
INSERT INTO `media` (`id`, `media_type_id`, `user_id`, `filename`, `size`, `metadata`, `created_at`, `updated_at`) VALUES (87, 3, 87, 'sed', 0, 'Soluta quam recusandae dolores quisquam incidunt sit.', '1994-01-19 12:08:32', '2004-06-02 20:32:11');
INSERT INTO `media` (`id`, `media_type_id`, `user_id`, `filename`, `size`, `metadata`, `created_at`, `updated_at`) VALUES (88, 4, 88, 'atque', 59, 'Impedit velit sint totam velit.', '1971-05-31 06:37:01', '1979-07-08 01:03:54');
INSERT INTO `media` (`id`, `media_type_id`, `user_id`, `filename`, `size`, `metadata`, `created_at`, `updated_at`) VALUES (89, 5, 89, 'est', 953, 'Ut harum voluptatem quis atque non voluptas similique ut.', '2014-12-11 02:40:30', '2013-08-23 09:11:01');
INSERT INTO `media` (`id`, `media_type_id`, `user_id`, `filename`, `size`, `metadata`, `created_at`, `updated_at`) VALUES (90, 6, 90, 'ratione', 89400, 'Natus quo et totam est culpa totam.', '2011-12-18 18:43:37', '1981-06-25 05:42:54');
INSERT INTO `media` (`id`, `media_type_id`, `user_id`, `filename`, `size`, `metadata`, `created_at`, `updated_at`) VALUES (91, 1, 91, 'aut', 43, 'Odio est ut perspiciatis et repudiandae voluptatum.', '2002-02-26 07:48:45', '2008-06-03 11:49:34');
INSERT INTO `media` (`id`, `media_type_id`, `user_id`, `filename`, `size`, `metadata`, `created_at`, `updated_at`) VALUES (92, 2, 92, 'aut', 2024803, 'Officiis dolore vel placeat eaque occaecati autem quia qui.', '1978-03-30 16:45:34', '2013-08-02 09:23:24');
INSERT INTO `media` (`id`, `media_type_id`, `user_id`, `filename`, `size`, `metadata`, `created_at`, `updated_at`) VALUES (93, 3, 93, 'sequi', 0, 'Reprehenderit omnis corporis numquam repellat voluptatem non.', '2004-05-08 18:53:07', '2018-10-24 00:05:23');
INSERT INTO `media` (`id`, `media_type_id`, `user_id`, `filename`, `size`, `metadata`, `created_at`, `updated_at`) VALUES (94, 4, 94, 'magnam', 8740, 'Incidunt dolorem nihil eos ad aut est est.', '2017-07-22 02:47:48', '1974-12-03 23:57:39');
INSERT INTO `media` (`id`, `media_type_id`, `user_id`, `filename`, `size`, `metadata`, `created_at`, `updated_at`) VALUES (95, 5, 95, 'et', 0, 'Rem at corrupti necessitatibus vitae voluptatem.', '2004-04-16 17:08:54', '2015-05-17 07:10:58');
INSERT INTO `media` (`id`, `media_type_id`, `user_id`, `filename`, `size`, `metadata`, `created_at`, `updated_at`) VALUES (96, 6, 96, 'dignissimos', 1666619, 'Ut molestiae magnam officiis aut.', '1972-12-07 01:52:54', '2002-05-21 23:35:35');
INSERT INTO `media` (`id`, `media_type_id`, `user_id`, `filename`, `size`, `metadata`, `created_at`, `updated_at`) VALUES (97, 1, 97, 'aut', 100, 'Reprehenderit soluta qui maxime quae id.', '1986-04-08 21:17:38', '2016-04-19 10:06:51');
INSERT INTO `media` (`id`, `media_type_id`, `user_id`, `filename`, `size`, `metadata`, `created_at`, `updated_at`) VALUES (98, 2, 98, 'laudantium', 629845, 'Deserunt pariatur sed laborum quidem est quibusdam.', '2007-12-14 05:00:50', '2005-11-25 03:24:37');
INSERT INTO `media` (`id`, `media_type_id`, `user_id`, `filename`, `size`, `metadata`, `created_at`, `updated_at`) VALUES (99, 3, 99, 'quidem', 9, 'Voluptates sapiente odit nesciunt facilis blanditiis.', '1991-04-21 04:51:33', '1998-08-08 02:47:25');
INSERT INTO `media` (`id`, `media_type_id`, `user_id`, `filename`, `size`, `metadata`, `created_at`, `updated_at`) VALUES (100, 4, 100, 'dignissimos', 524971, 'Nostrum mollitia cupiditate cum a.', '1991-07-01 03:10:21', '2002-12-30 07:35:15');
INSERT INTO `media` (`id`, `media_type_id`, `user_id`, `filename`, `size`, `metadata`, `created_at`, `updated_at`) VALUES (101, 5, 1, 'vitae', 8195689, 'Consequuntur corrupti voluptas iste ipsa qui qui.', '1977-05-03 16:22:46', '1977-03-22 07:15:04');
INSERT INTO `media` (`id`, `media_type_id`, `user_id`, `filename`, `size`, `metadata`, `created_at`, `updated_at`) VALUES (102, 6, 2, 'aut', 7887, 'Vitae laborum ut quo eligendi atque et et.', '1990-02-26 18:49:29', '1996-09-12 21:55:38');
INSERT INTO `media` (`id`, `media_type_id`, `user_id`, `filename`, `size`, `metadata`, `created_at`, `updated_at`) VALUES (103, 1, 3, 'quod', 273986421, 'Laboriosam perspiciatis explicabo repudiandae sed.', '2008-04-15 14:16:17', '1977-12-27 23:18:00');
INSERT INTO `media` (`id`, `media_type_id`, `user_id`, `filename`, `size`, `metadata`, `created_at`, `updated_at`) VALUES (104, 2, 4, 'quam', 6010, 'Voluptatem ipsum corrupti nemo amet.', '1987-02-08 18:17:45', '1975-02-04 21:32:34');
INSERT INTO `media` (`id`, `media_type_id`, `user_id`, `filename`, `size`, `metadata`, `created_at`, `updated_at`) VALUES (105, 3, 5, 'quis', 737892387, 'Debitis soluta mollitia harum ut ut voluptatem.', '1991-05-13 14:07:17', '1982-12-31 00:20:28');
INSERT INTO `media` (`id`, `media_type_id`, `user_id`, `filename`, `size`, `metadata`, `created_at`, `updated_at`) VALUES (106, 4, 6, 'fugiat', 0, 'Dolores officia adipisci rerum veritatis animi voluptatem.', '1978-05-23 14:33:35', '1978-04-05 19:45:55');
INSERT INTO `media` (`id`, `media_type_id`, `user_id`, `filename`, `size`, `metadata`, `created_at`, `updated_at`) VALUES (107, 5, 7, 'est', 4573, 'Dolorem consequatur culpa laudantium labore.', '2006-02-26 00:38:59', '1971-10-13 16:40:50');
INSERT INTO `media` (`id`, `media_type_id`, `user_id`, `filename`, `size`, `metadata`, `created_at`, `updated_at`) VALUES (108, 6, 8, 'aliquid', 172, 'Nobis quia vel libero quas et fugiat veniam.', '2018-09-01 23:21:35', '2005-11-12 06:06:26');
INSERT INTO `media` (`id`, `media_type_id`, `user_id`, `filename`, `size`, `metadata`, `created_at`, `updated_at`) VALUES (109, 1, 9, 'animi', 370263648, 'Impedit vitae voluptatem doloremque mollitia sint modi.', '1971-06-15 02:22:56', '2006-10-30 09:22:32');
INSERT INTO `media` (`id`, `media_type_id`, `user_id`, `filename`, `size`, `metadata`, `created_at`, `updated_at`) VALUES (110, 2, 10, 'natus', 0, 'Id minima vel quis doloribus eos.', '2019-07-13 13:07:59', '2006-05-17 00:20:09');
INSERT INTO `media` (`id`, `media_type_id`, `user_id`, `filename`, `size`, `metadata`, `created_at`, `updated_at`) VALUES (111, 3, 11, 'qui', 0, 'Quibusdam natus quibusdam quod corporis eveniet laudantium ea.', '1995-10-26 07:57:11', '2018-06-01 05:48:03');
INSERT INTO `media` (`id`, `media_type_id`, `user_id`, `filename`, `size`, `metadata`, `created_at`, `updated_at`) VALUES (112, 4, 12, 'voluptate', 6399968, 'Hic sint doloribus est illo molestiae ut.', '2016-10-13 23:24:09', '2006-01-19 08:36:07');
INSERT INTO `media` (`id`, `media_type_id`, `user_id`, `filename`, `size`, `metadata`, `created_at`, `updated_at`) VALUES (113, 5, 13, 'et', 790174, 'Odit quidem voluptatibus quasi dolores et ducimus quidem.', '2004-03-19 03:05:00', '2013-06-24 19:17:02');
INSERT INTO `media` (`id`, `media_type_id`, `user_id`, `filename`, `size`, `metadata`, `created_at`, `updated_at`) VALUES (114, 6, 14, 'est', 23, 'Provident eum suscipit natus ut corrupti nisi quo commodi.', '2012-04-08 05:51:36', '1986-08-25 05:56:49');
INSERT INTO `media` (`id`, `media_type_id`, `user_id`, `filename`, `size`, `metadata`, `created_at`, `updated_at`) VALUES (115, 1, 15, 'quas', 7, 'Dolore exercitationem possimus eum repellat mollitia est et.', '1986-09-27 13:40:10', '1986-01-12 13:38:02');
INSERT INTO `media` (`id`, `media_type_id`, `user_id`, `filename`, `size`, `metadata`, `created_at`, `updated_at`) VALUES (116, 2, 16, 'sed', 87029956, 'Odio qui ab maiores rem nemo quia eos.', '1999-06-13 02:02:24', '1996-07-06 09:47:26');
INSERT INTO `media` (`id`, `media_type_id`, `user_id`, `filename`, `size`, `metadata`, `created_at`, `updated_at`) VALUES (117, 3, 17, 'perspiciatis', 4, 'Id non voluptas est suscipit necessitatibus.', '1998-03-30 21:21:14', '2002-06-07 01:19:38');
INSERT INTO `media` (`id`, `media_type_id`, `user_id`, `filename`, `size`, `metadata`, `created_at`, `updated_at`) VALUES (118, 4, 18, 'ut', 66, 'Illum officiis fugit quas in totam aut.', '1989-11-13 01:43:27', '1973-09-21 00:56:44');
INSERT INTO `media` (`id`, `media_type_id`, `user_id`, `filename`, `size`, `metadata`, `created_at`, `updated_at`) VALUES (119, 5, 19, 'nesciunt', 1, 'Recusandae suscipit illo labore ipsam perspiciatis ut quibusdam.', '2006-06-09 08:11:46', '2016-03-18 02:52:17');
INSERT INTO `media` (`id`, `media_type_id`, `user_id`, `filename`, `size`, `metadata`, `created_at`, `updated_at`) VALUES (120, 6, 20, 'dolorum', 537, 'Quis aut reprehenderit aut rerum illum libero asperiores nesciunt.', '2000-09-30 05:43:12', '2019-10-02 04:06:16');
INSERT INTO `media` (`id`, `media_type_id`, `user_id`, `filename`, `size`, `metadata`, `created_at`, `updated_at`) VALUES (121, 1, 21, 'ipsa', 3971978, 'Explicabo exercitationem placeat eaque ut similique nam.', '1970-10-31 23:37:19', '1976-07-04 00:56:03');
INSERT INTO `media` (`id`, `media_type_id`, `user_id`, `filename`, `size`, `metadata`, `created_at`, `updated_at`) VALUES (122, 2, 22, 'cum', 414639049, 'Aut quos fugiat repellendus eum iure.', '2018-12-23 01:31:12', '2014-08-16 07:28:40');
INSERT INTO `media` (`id`, `media_type_id`, `user_id`, `filename`, `size`, `metadata`, `created_at`, `updated_at`) VALUES (123, 3, 23, 'aut', 32569, 'Eaque ut sed tenetur inventore.', '1997-12-06 11:28:57', '2011-04-23 07:19:19');
INSERT INTO `media` (`id`, `media_type_id`, `user_id`, `filename`, `size`, `metadata`, `created_at`, `updated_at`) VALUES (124, 4, 24, 'ut', 241249, 'Aliquam aperiam voluptas tempora.', '1980-07-28 05:50:23', '1997-01-08 11:15:43');
INSERT INTO `media` (`id`, `media_type_id`, `user_id`, `filename`, `size`, `metadata`, `created_at`, `updated_at`) VALUES (125, 5, 25, 'et', 648354980, 'Blanditiis voluptatum doloremque ipsum doloribus.', '2017-06-21 09:34:37', '2017-04-21 22:42:24');
INSERT INTO `media` (`id`, `media_type_id`, `user_id`, `filename`, `size`, `metadata`, `created_at`, `updated_at`) VALUES (126, 6, 26, 'sed', 594, 'In ut sunt enim.', '1999-05-21 02:42:32', '1978-03-24 23:08:01');
INSERT INTO `media` (`id`, `media_type_id`, `user_id`, `filename`, `size`, `metadata`, `created_at`, `updated_at`) VALUES (127, 1, 27, 'sed', 42, 'Dolorum ab vel non ipsa voluptatibus sapiente.', '2006-09-05 08:29:06', '1994-11-01 19:10:46');
INSERT INTO `media` (`id`, `media_type_id`, `user_id`, `filename`, `size`, `metadata`, `created_at`, `updated_at`) VALUES (128, 2, 28, 'assumenda', 63, 'Nisi mollitia praesentium cum.', '2001-09-21 23:21:05', '1978-07-28 13:15:06');
INSERT INTO `media` (`id`, `media_type_id`, `user_id`, `filename`, `size`, `metadata`, `created_at`, `updated_at`) VALUES (129, 3, 29, 'qui', 8, 'Ut cum eveniet provident consequatur sit excepturi ratione.', '1983-05-19 09:58:03', '1986-07-13 21:26:45');
INSERT INTO `media` (`id`, `media_type_id`, `user_id`, `filename`, `size`, `metadata`, `created_at`, `updated_at`) VALUES (130, 4, 30, 'saepe', 13612485, 'Vel rem veritatis delectus et ea quo repellendus.', '1972-03-21 06:35:36', '2007-10-16 17:40:51');
INSERT INTO `media` (`id`, `media_type_id`, `user_id`, `filename`, `size`, `metadata`, `created_at`, `updated_at`) VALUES (131, 5, 31, 'totam', 570653, 'Et quod soluta asperiores ut nobis voluptate.', '2009-05-06 04:32:30', '2012-12-28 19:42:44');
INSERT INTO `media` (`id`, `media_type_id`, `user_id`, `filename`, `size`, `metadata`, `created_at`, `updated_at`) VALUES (132, 6, 32, 'veniam', 336103, 'Cum quibusdam harum occaecati est aut.', '2015-04-13 15:34:31', '2001-02-09 21:36:58');
INSERT INTO `media` (`id`, `media_type_id`, `user_id`, `filename`, `size`, `metadata`, `created_at`, `updated_at`) VALUES (133, 1, 33, 'cumque', 2906992, 'Voluptatum odio accusamus dolor.', '2013-10-05 15:04:06', '1977-10-02 00:31:16');
INSERT INTO `media` (`id`, `media_type_id`, `user_id`, `filename`, `size`, `metadata`, `created_at`, `updated_at`) VALUES (134, 2, 34, 'molestiae', 239600, 'Deserunt et perspiciatis incidunt et ullam.', '2002-12-17 22:54:05', '1996-08-03 18:34:34');
INSERT INTO `media` (`id`, `media_type_id`, `user_id`, `filename`, `size`, `metadata`, `created_at`, `updated_at`) VALUES (135, 3, 35, 'voluptatem', 619, 'Ea dignissimos est nisi et eveniet commodi eum.', '2019-09-25 00:27:50', '1982-08-06 14:39:58');
INSERT INTO `media` (`id`, `media_type_id`, `user_id`, `filename`, `size`, `metadata`, `created_at`, `updated_at`) VALUES (136, 4, 36, 'impedit', 42472167, 'Quisquam facere iste laborum ad dolorem ad.', '2005-09-04 14:14:41', '1989-08-06 02:09:58');
INSERT INTO `media` (`id`, `media_type_id`, `user_id`, `filename`, `size`, `metadata`, `created_at`, `updated_at`) VALUES (137, 5, 37, 'doloribus', 14248003, 'Ut iusto pariatur omnis necessitatibus est iusto culpa.', '1996-01-26 20:03:10', '1976-03-04 02:57:52');
INSERT INTO `media` (`id`, `media_type_id`, `user_id`, `filename`, `size`, `metadata`, `created_at`, `updated_at`) VALUES (138, 6, 38, 'ut', 2, 'Similique sint enim suscipit unde aliquam inventore dicta.', '1990-06-04 15:55:05', '1983-05-09 03:39:04');
INSERT INTO `media` (`id`, `media_type_id`, `user_id`, `filename`, `size`, `metadata`, `created_at`, `updated_at`) VALUES (139, 1, 39, 'perferendis', 93, 'Tenetur provident minima eaque iusto culpa non aliquam soluta.', '1976-03-03 23:48:21', '2011-07-03 06:59:02');
INSERT INTO `media` (`id`, `media_type_id`, `user_id`, `filename`, `size`, `metadata`, `created_at`, `updated_at`) VALUES (140, 2, 40, 'cum', 0, 'In soluta dicta occaecati.', '1990-09-20 09:24:50', '1989-08-20 22:09:51');
INSERT INTO `media` (`id`, `media_type_id`, `user_id`, `filename`, `size`, `metadata`, `created_at`, `updated_at`) VALUES (141, 3, 41, 'placeat', 515233, 'Et aspernatur provident distinctio perspiciatis temporibus sed.', '1992-10-31 19:38:46', '1970-01-15 10:23:10');
INSERT INTO `media` (`id`, `media_type_id`, `user_id`, `filename`, `size`, `metadata`, `created_at`, `updated_at`) VALUES (142, 4, 42, 'dolores', 96417, 'Nemo dolorem est quo repellendus officia distinctio natus esse.', '2012-03-22 02:41:42', '2001-05-10 08:49:34');
INSERT INTO `media` (`id`, `media_type_id`, `user_id`, `filename`, `size`, `metadata`, `created_at`, `updated_at`) VALUES (143, 5, 43, 'ex', 94, 'Quia itaque voluptate quas voluptas non inventore.', '1975-04-10 19:45:17', '2014-08-24 14:07:49');
INSERT INTO `media` (`id`, `media_type_id`, `user_id`, `filename`, `size`, `metadata`, `created_at`, `updated_at`) VALUES (144, 6, 44, 'adipisci', 57811, 'Facere eum sit itaque incidunt hic.', '1983-09-29 18:55:42', '1973-09-04 12:11:26');
INSERT INTO `media` (`id`, `media_type_id`, `user_id`, `filename`, `size`, `metadata`, `created_at`, `updated_at`) VALUES (145, 1, 45, 'animi', 260, 'Nulla esse dolorem ipsam pariatur et ex.', '2007-07-30 16:23:48', '1980-07-13 23:15:54');
INSERT INTO `media` (`id`, `media_type_id`, `user_id`, `filename`, `size`, `metadata`, `created_at`, `updated_at`) VALUES (146, 2, 46, 'nam', 63303687, 'Animi aut cumque suscipit beatae.', '1981-10-06 11:15:01', '2015-03-16 03:22:41');
INSERT INTO `media` (`id`, `media_type_id`, `user_id`, `filename`, `size`, `metadata`, `created_at`, `updated_at`) VALUES (147, 3, 47, 'velit', 27, 'Eos doloremque at incidunt.', '2007-07-21 04:21:56', '1996-02-27 09:47:44');
INSERT INTO `media` (`id`, `media_type_id`, `user_id`, `filename`, `size`, `metadata`, `created_at`, `updated_at`) VALUES (148, 4, 48, 'quis', 3346, 'Provident facilis occaecati at velit rerum totam eum reprehenderit.', '1982-07-12 20:17:22', '2013-02-26 07:50:01');
INSERT INTO `media` (`id`, `media_type_id`, `user_id`, `filename`, `size`, `metadata`, `created_at`, `updated_at`) VALUES (149, 5, 49, 'sapiente', 61832401, 'Qui perferendis harum expedita nihil.', '1986-08-30 05:10:16', '1989-06-18 05:46:37');
INSERT INTO `media` (`id`, `media_type_id`, `user_id`, `filename`, `size`, `metadata`, `created_at`, `updated_at`) VALUES (150, 6, 50, 'voluptas', 467063396, 'Sit est quo minima modi pariatur.', '1994-02-26 20:19:08', '2017-11-17 04:27:06');
INSERT INTO `media` (`id`, `media_type_id`, `user_id`, `filename`, `size`, `metadata`, `created_at`, `updated_at`) VALUES (151, 1, 51, 'quo', 32679555, 'Non aut deleniti dolor soluta tenetur.', '1987-08-06 01:34:15', '1982-01-31 03:30:27');
INSERT INTO `media` (`id`, `media_type_id`, `user_id`, `filename`, `size`, `metadata`, `created_at`, `updated_at`) VALUES (152, 2, 52, 'accusantium', 3678218, 'Fugiat enim voluptate neque ex est ullam.', '1971-05-11 08:05:14', '2015-02-04 08:09:07');
INSERT INTO `media` (`id`, `media_type_id`, `user_id`, `filename`, `size`, `metadata`, `created_at`, `updated_at`) VALUES (153, 3, 53, 'blanditiis', 45457811, 'Vel enim repudiandae quia et.', '2009-10-31 10:02:34', '2009-08-03 22:53:06');
INSERT INTO `media` (`id`, `media_type_id`, `user_id`, `filename`, `size`, `metadata`, `created_at`, `updated_at`) VALUES (154, 4, 54, 'quisquam', 48006410, 'Voluptatem id minima soluta et error odit blanditiis.', '2006-05-14 22:15:45', '1976-11-13 13:01:17');
INSERT INTO `media` (`id`, `media_type_id`, `user_id`, `filename`, `size`, `metadata`, `created_at`, `updated_at`) VALUES (155, 5, 55, 'ut', 43, 'Voluptatem molestiae sit eum eos asperiores sed.', '2018-04-05 08:15:19', '2009-05-08 12:07:49');
INSERT INTO `media` (`id`, `media_type_id`, `user_id`, `filename`, `size`, `metadata`, `created_at`, `updated_at`) VALUES (156, 6, 56, 'laborum', 665228, 'Molestiae pariatur et quasi enim.', '2008-09-06 16:46:29', '1985-04-13 04:18:43');
INSERT INTO `media` (`id`, `media_type_id`, `user_id`, `filename`, `size`, `metadata`, `created_at`, `updated_at`) VALUES (157, 1, 57, 'aspernatur', 971742045, 'Consequuntur qui molestias culpa quisquam voluptatem a.', '1992-05-28 14:06:18', '1996-11-25 19:35:15');
INSERT INTO `media` (`id`, `media_type_id`, `user_id`, `filename`, `size`, `metadata`, `created_at`, `updated_at`) VALUES (158, 2, 58, 'rerum', 309622818, 'Omnis minus odit ut dolore provident.', '1979-02-26 22:17:34', '1988-04-09 20:15:03');
INSERT INTO `media` (`id`, `media_type_id`, `user_id`, `filename`, `size`, `metadata`, `created_at`, `updated_at`) VALUES (159, 3, 59, 'inventore', 1002, 'Accusantium consectetur expedita iste.', '2015-08-15 04:07:07', '2001-07-18 06:33:07');
INSERT INTO `media` (`id`, `media_type_id`, `user_id`, `filename`, `size`, `metadata`, `created_at`, `updated_at`) VALUES (160, 4, 60, 'dolore', 8645, 'Deserunt sit fugiat atque reiciendis ullam.', '1971-09-08 08:37:46', '1972-01-28 15:13:04');
INSERT INTO `media` (`id`, `media_type_id`, `user_id`, `filename`, `size`, `metadata`, `created_at`, `updated_at`) VALUES (161, 5, 61, 'in', 20, 'Aut cupiditate dolor rem itaque.', '1982-05-22 07:21:45', '2012-07-25 05:20:16');
INSERT INTO `media` (`id`, `media_type_id`, `user_id`, `filename`, `size`, `metadata`, `created_at`, `updated_at`) VALUES (162, 6, 62, 'placeat', 26, 'Qui quasi nemo ab temporibus illum maxime.', '1995-02-21 08:26:48', '2004-01-28 04:41:53');
INSERT INTO `media` (`id`, `media_type_id`, `user_id`, `filename`, `size`, `metadata`, `created_at`, `updated_at`) VALUES (163, 1, 63, 'ut', 0, 'Corporis aut culpa voluptatibus et eum inventore.', '1989-08-09 03:07:36', '1971-10-24 22:37:41');
INSERT INTO `media` (`id`, `media_type_id`, `user_id`, `filename`, `size`, `metadata`, `created_at`, `updated_at`) VALUES (164, 2, 64, 'mollitia', 4596, 'Et impedit laboriosam laboriosam corrupti architecto sint exercitationem tenetur.', '2006-12-10 17:50:33', '1986-07-15 09:21:03');
INSERT INTO `media` (`id`, `media_type_id`, `user_id`, `filename`, `size`, `metadata`, `created_at`, `updated_at`) VALUES (165, 3, 65, 'voluptatum', 6105602, 'Nihil est quisquam unde veniam et quas aut.', '1986-02-07 18:13:26', '2018-04-22 07:52:06');
INSERT INTO `media` (`id`, `media_type_id`, `user_id`, `filename`, `size`, `metadata`, `created_at`, `updated_at`) VALUES (166, 4, 66, 'at', 471, 'Et qui sunt non laborum nam et consequatur.', '1970-09-27 02:03:14', '2003-04-17 10:24:03');
INSERT INTO `media` (`id`, `media_type_id`, `user_id`, `filename`, `size`, `metadata`, `created_at`, `updated_at`) VALUES (167, 5, 67, 'tempora', 1694, 'Non laborum placeat ea id voluptas ipsa.', '2010-08-28 23:17:28', '1997-08-13 19:37:07');
INSERT INTO `media` (`id`, `media_type_id`, `user_id`, `filename`, `size`, `metadata`, `created_at`, `updated_at`) VALUES (168, 6, 68, 'deleniti', 54997, 'Velit ratione iste dolore sit cupiditate dolorem sit nemo.', '1994-05-05 21:37:50', '1994-04-08 20:46:23');
INSERT INTO `media` (`id`, `media_type_id`, `user_id`, `filename`, `size`, `metadata`, `created_at`, `updated_at`) VALUES (169, 1, 69, 'necessitatibus', 10348264, 'Dolor adipisci eveniet quibusdam reprehenderit voluptatem odio magnam quisquam.', '2014-02-19 18:12:05', '2001-07-12 19:14:08');
INSERT INTO `media` (`id`, `media_type_id`, `user_id`, `filename`, `size`, `metadata`, `created_at`, `updated_at`) VALUES (170, 2, 70, 'enim', 1, 'Error consequatur tenetur vel est suscipit.', '2016-12-28 11:52:48', '2008-07-28 00:03:18');
INSERT INTO `media` (`id`, `media_type_id`, `user_id`, `filename`, `size`, `metadata`, `created_at`, `updated_at`) VALUES (171, 3, 71, 'ad', 3, 'Exercitationem alias doloremque id.', '1991-03-29 18:05:41', '1977-11-19 17:43:10');
INSERT INTO `media` (`id`, `media_type_id`, `user_id`, `filename`, `size`, `metadata`, `created_at`, `updated_at`) VALUES (172, 4, 72, 'asperiores', 69, 'Non aut sapiente et temporibus quia enim cumque labore.', '1970-08-25 17:06:07', '2011-04-10 17:22:31');
INSERT INTO `media` (`id`, `media_type_id`, `user_id`, `filename`, `size`, `metadata`, `created_at`, `updated_at`) VALUES (173, 5, 73, 'qui', 844, 'Qui ratione sunt consequatur molestiae fugit in quibusdam pariatur.', '1988-07-15 11:52:53', '2013-04-27 14:02:07');
INSERT INTO `media` (`id`, `media_type_id`, `user_id`, `filename`, `size`, `metadata`, `created_at`, `updated_at`) VALUES (174, 6, 74, 'aut', 6839, 'Qui illo ipsum in optio est consequatur voluptatem.', '1996-06-22 04:55:07', '2015-06-08 15:05:03');
INSERT INTO `media` (`id`, `media_type_id`, `user_id`, `filename`, `size`, `metadata`, `created_at`, `updated_at`) VALUES (175, 1, 75, 'ea', 58681, 'Fugit eveniet deleniti neque.', '2018-01-22 00:32:28', '2017-05-23 17:15:45');
INSERT INTO `media` (`id`, `media_type_id`, `user_id`, `filename`, `size`, `metadata`, `created_at`, `updated_at`) VALUES (176, 2, 76, 'vero', 1253014, 'Consequatur dolore odio nihil ab quo labore.', '2003-05-07 13:38:27', '1982-04-16 15:58:27');
INSERT INTO `media` (`id`, `media_type_id`, `user_id`, `filename`, `size`, `metadata`, `created_at`, `updated_at`) VALUES (177, 3, 77, 'dolorem', 0, 'Placeat sequi veniam similique.', '1989-11-11 08:21:51', '2005-12-27 01:38:52');
INSERT INTO `media` (`id`, `media_type_id`, `user_id`, `filename`, `size`, `metadata`, `created_at`, `updated_at`) VALUES (178, 4, 78, 'omnis', 54042179, 'Quia ut quisquam ut ut ut.', '1971-06-21 13:13:17', '2000-07-31 18:47:29');
INSERT INTO `media` (`id`, `media_type_id`, `user_id`, `filename`, `size`, `metadata`, `created_at`, `updated_at`) VALUES (179, 5, 79, 'dicta', 0, 'Voluptas ea sint ut sapiente.', '2011-03-08 11:33:37', '1990-03-29 07:44:01');
INSERT INTO `media` (`id`, `media_type_id`, `user_id`, `filename`, `size`, `metadata`, `created_at`, `updated_at`) VALUES (180, 6, 80, 'fugit', 42141993, 'Temporibus vero quo quasi eos dolorem dolor.', '1998-12-03 09:47:51', '1972-03-10 07:24:54');
INSERT INTO `media` (`id`, `media_type_id`, `user_id`, `filename`, `size`, `metadata`, `created_at`, `updated_at`) VALUES (181, 1, 81, 'eos', 0, 'Fugiat expedita sit laborum repellat et id est.', '1989-01-28 13:55:36', '1979-06-19 11:57:45');
INSERT INTO `media` (`id`, `media_type_id`, `user_id`, `filename`, `size`, `metadata`, `created_at`, `updated_at`) VALUES (182, 2, 82, 'molestiae', 71, 'Odio et facilis deserunt quos.', '1987-02-11 16:50:55', '2009-03-19 12:21:55');
INSERT INTO `media` (`id`, `media_type_id`, `user_id`, `filename`, `size`, `metadata`, `created_at`, `updated_at`) VALUES (183, 3, 83, 'et', 61584, 'Eum voluptate autem incidunt quia earum dolor velit.', '1978-03-02 07:59:17', '1987-07-10 15:21:59');
INSERT INTO `media` (`id`, `media_type_id`, `user_id`, `filename`, `size`, `metadata`, `created_at`, `updated_at`) VALUES (184, 4, 84, 'laboriosam', 605642, 'Voluptas aliquid sit accusantium libero illum eaque et.', '2008-11-11 18:39:43', '1996-02-26 00:24:33');
INSERT INTO `media` (`id`, `media_type_id`, `user_id`, `filename`, `size`, `metadata`, `created_at`, `updated_at`) VALUES (185, 5, 85, 'aliquam', 97742650, 'Reprehenderit minus vero voluptas labore et aut voluptatem.', '2004-03-04 10:04:00', '1988-02-29 02:41:30');
INSERT INTO `media` (`id`, `media_type_id`, `user_id`, `filename`, `size`, `metadata`, `created_at`, `updated_at`) VALUES (186, 6, 86, 'ipsam', 8, 'Quasi voluptatem aspernatur in quia soluta provident.', '1998-09-12 01:54:40', '2004-12-24 08:23:55');
INSERT INTO `media` (`id`, `media_type_id`, `user_id`, `filename`, `size`, `metadata`, `created_at`, `updated_at`) VALUES (187, 1, 87, 'eaque', 1, 'Veritatis magnam similique consequuntur dolor dicta rerum et.', '1991-03-04 22:33:30', '1982-12-02 15:22:15');
INSERT INTO `media` (`id`, `media_type_id`, `user_id`, `filename`, `size`, `metadata`, `created_at`, `updated_at`) VALUES (188, 2, 88, 'quasi', 239, 'Et qui iusto facere enim quibusdam perferendis.', '1993-02-21 04:46:53', '1974-10-04 01:42:45');
INSERT INTO `media` (`id`, `media_type_id`, `user_id`, `filename`, `size`, `metadata`, `created_at`, `updated_at`) VALUES (189, 3, 89, 'porro', 882403, 'Qui voluptatem rerum et ducimus deserunt deserunt nesciunt.', '1980-10-10 14:08:30', '1985-04-24 02:31:40');
INSERT INTO `media` (`id`, `media_type_id`, `user_id`, `filename`, `size`, `metadata`, `created_at`, `updated_at`) VALUES (190, 4, 90, 'dolore', 0, 'Nobis iure saepe ratione explicabo.', '1972-05-04 00:57:30', '2012-05-09 09:29:55');
INSERT INTO `media` (`id`, `media_type_id`, `user_id`, `filename`, `size`, `metadata`, `created_at`, `updated_at`) VALUES (191, 5, 91, 'quia', 70, 'Libero minus fuga ut expedita.', '1984-07-21 11:29:23', '2000-08-12 05:31:50');
INSERT INTO `media` (`id`, `media_type_id`, `user_id`, `filename`, `size`, `metadata`, `created_at`, `updated_at`) VALUES (192, 6, 92, 'iusto', 694600767, 'Laboriosam asperiores accusantium quaerat minus.', '1986-05-07 00:41:40', '2013-08-28 22:24:02');
INSERT INTO `media` (`id`, `media_type_id`, `user_id`, `filename`, `size`, `metadata`, `created_at`, `updated_at`) VALUES (193, 1, 93, 'modi', 0, 'Fugit illum maxime voluptas adipisci.', '1977-10-31 14:50:10', '2007-02-02 06:53:00');
INSERT INTO `media` (`id`, `media_type_id`, `user_id`, `filename`, `size`, `metadata`, `created_at`, `updated_at`) VALUES (194, 2, 94, 'fugit', 62089783, 'Quis alias quo aut dolores qui impedit qui.', '2014-07-04 14:57:58', '1990-01-15 20:55:42');
INSERT INTO `media` (`id`, `media_type_id`, `user_id`, `filename`, `size`, `metadata`, `created_at`, `updated_at`) VALUES (195, 3, 95, 'qui', 12, 'Maiores distinctio cupiditate architecto ut.', '2004-03-28 16:15:37', '1982-09-25 00:45:32');
INSERT INTO `media` (`id`, `media_type_id`, `user_id`, `filename`, `size`, `metadata`, `created_at`, `updated_at`) VALUES (196, 4, 96, 'quod', 1124965, 'Et necessitatibus veritatis necessitatibus quam.', '1976-03-06 11:05:06', '1988-06-18 16:24:27');
INSERT INTO `media` (`id`, `media_type_id`, `user_id`, `filename`, `size`, `metadata`, `created_at`, `updated_at`) VALUES (197, 5, 97, 'harum', 20094572, 'Commodi dolor in minus dolor sed provident dolore.', '1995-05-04 07:21:34', '2017-10-25 03:38:27');
INSERT INTO `media` (`id`, `media_type_id`, `user_id`, `filename`, `size`, `metadata`, `created_at`, `updated_at`) VALUES (198, 6, 98, 'eos', 464615, 'Sed itaque qui possimus.', '1995-12-03 15:34:30', '2005-06-26 22:06:56');
INSERT INTO `media` (`id`, `media_type_id`, `user_id`, `filename`, `size`, `metadata`, `created_at`, `updated_at`) VALUES (199, 1, 99, 'et', 4407, 'Numquam cupiditate molestias aut voluptatem dolor blanditiis.', '2019-12-20 12:54:06', '2010-03-02 12:48:54');
INSERT INTO `media` (`id`, `media_type_id`, `user_id`, `filename`, `size`, `metadata`, `created_at`, `updated_at`) VALUES (200, 2, 100, 'temporibus', 65537704, 'Quis voluptas in error.', '1985-04-09 23:10:35', '1993-09-01 16:14:14');


#
# TABLE STRUCTURE FOR: media_types
#

DROP TABLE IF EXISTS `media_types`;

CREATE TABLE `media_types` (
  `id` int(10) unsigned NOT NULL AUTO_INCREMENT,
  `name` varchar(255) COLLATE utf8_unicode_ci NOT NULL,
  PRIMARY KEY (`id`),
  UNIQUE KEY `name` (`name`)
) ENGINE=InnoDB AUTO_INCREMENT=7 DEFAULT CHARSET=utf8 COLLATE=utf8_unicode_ci;

INSERT INTO `media_types` (`id`, `name`) VALUES (3, 'dolor');
INSERT INTO `media_types` (`id`, `name`) VALUES (2, 'ea');
INSERT INTO `media_types` (`id`, `name`) VALUES (1, 'fuga');
INSERT INTO `media_types` (`id`, `name`) VALUES (5, 'reiciendis');
INSERT INTO `media_types` (`id`, `name`) VALUES (6, 'reprehenderit');
INSERT INTO `media_types` (`id`, `name`) VALUES (4, 'velit');


#
# TABLE STRUCTURE FOR: messages
#

DROP TABLE IF EXISTS `messages`;

CREATE TABLE `messages` (
  `id` int(10) unsigned NOT NULL AUTO_INCREMENT,
  `from_user_id` int(10) unsigned NOT NULL,
  `to_user_id` int(10) unsigned NOT NULL,
  `body` text COLLATE utf8_unicode_ci NOT NULL,
  `is_important` tinyint(1) DEFAULT NULL,
  `is_delivered` tinyint(1) DEFAULT NULL,
  `created_at` datetime DEFAULT current_timestamp(),
  PRIMARY KEY (`id`),
  KEY `from_user_id` (`from_user_id`),
  KEY `to_user_id` (`to_user_id`),
  CONSTRAINT `messages_ibfk_1` FOREIGN KEY (`from_user_id`) REFERENCES `users` (`id`),
  CONSTRAINT `messages_ibfk_2` FOREIGN KEY (`to_user_id`) REFERENCES `users` (`id`)
) ENGINE=InnoDB AUTO_INCREMENT=201 DEFAULT CHARSET=utf8 COLLATE=utf8_unicode_ci;

INSERT INTO `messages` (`id`, `from_user_id`, `to_user_id`, `body`, `is_important`, `is_delivered`, `created_at`) VALUES (1, 1, 1, 'Suscipit reprehenderit sit corporis consectetur. Quos dolores ab eos sed aperiam consequatur delectus ea. Aut dignissimos quia facilis culpa et. Occaecati magni animi aut dicta autem ut veniam.', 1, 1, '1987-02-27 02:53:14');
INSERT INTO `messages` (`id`, `from_user_id`, `to_user_id`, `body`, `is_important`, `is_delivered`, `created_at`) VALUES (2, 2, 2, 'Est nihil aut enim eum amet delectus iure. Quod impedit et rerum maiores cupiditate. Iste totam fuga nostrum consequuntur sint aspernatur sint et. Iusto similique beatae ut quia ut.', 1, 1, '2016-09-22 22:35:40');
INSERT INTO `messages` (`id`, `from_user_id`, `to_user_id`, `body`, `is_important`, `is_delivered`, `created_at`) VALUES (3, 3, 3, 'Quia reprehenderit ab a voluptatem non velit possimus. Maiores temporibus aut impedit dignissimos.', 1, 0, '1994-04-28 04:38:20');
INSERT INTO `messages` (`id`, `from_user_id`, `to_user_id`, `body`, `is_important`, `is_delivered`, `created_at`) VALUES (4, 4, 4, 'Sit id tenetur inventore ad placeat. Repellat labore aut quae eos. Ut facere aliquid et in. Natus ab aperiam qui rerum harum. Dolorem aut accusantium sit officia eos molestiae.', 0, 1, '1984-12-11 03:49:38');
INSERT INTO `messages` (`id`, `from_user_id`, `to_user_id`, `body`, `is_important`, `is_delivered`, `created_at`) VALUES (5, 5, 5, 'Aut aut sint dolores est tenetur. Ipsa ea provident iure id tempora consequatur.', 0, 1, '1983-06-09 17:53:37');
INSERT INTO `messages` (`id`, `from_user_id`, `to_user_id`, `body`, `is_important`, `is_delivered`, `created_at`) VALUES (6, 6, 6, 'Dignissimos architecto consequuntur alias ipsam odio. Voluptatem sint nesciunt inventore itaque.', 1, 1, '1997-09-20 13:22:52');
INSERT INTO `messages` (`id`, `from_user_id`, `to_user_id`, `body`, `is_important`, `is_delivered`, `created_at`) VALUES (7, 7, 7, 'Similique et illo minima corporis debitis saepe. Commodi dolorum qui enim molestiae qui illo. Mollitia sed et culpa aut dolore aut.', 0, 0, '2012-03-01 20:05:26');
INSERT INTO `messages` (`id`, `from_user_id`, `to_user_id`, `body`, `is_important`, `is_delivered`, `created_at`) VALUES (8, 8, 8, 'Delectus dolores recusandae dolorum. Voluptas officia quasi aut enim quia deleniti. Aut aliquam rerum repellendus enim dolor sunt consequatur.', 0, 1, '1994-06-06 15:48:49');
INSERT INTO `messages` (`id`, `from_user_id`, `to_user_id`, `body`, `is_important`, `is_delivered`, `created_at`) VALUES (9, 9, 9, 'Excepturi fugit cupiditate et nesciunt quibusdam. Vel explicabo et eligendi ut.', 0, 0, '2011-09-01 00:29:41');
INSERT INTO `messages` (`id`, `from_user_id`, `to_user_id`, `body`, `is_important`, `is_delivered`, `created_at`) VALUES (10, 10, 10, 'Consequatur exercitationem est et hic quas labore. Id minus dolor sunt esse cumque. Debitis nulla aut nam sunt et. Totam laborum molestiae ea facilis assumenda qui autem. Explicabo architecto voluptas ea facilis dicta.', 0, 1, '2010-11-02 20:30:41');
INSERT INTO `messages` (`id`, `from_user_id`, `to_user_id`, `body`, `is_important`, `is_delivered`, `created_at`) VALUES (11, 11, 11, 'Animi quasi tenetur et consequatur nemo velit. Qui non natus facilis doloremque ullam distinctio et. Ipsum et dolores omnis corrupti dolorem. Qui ea voluptatem et ipsum dolores commodi sit. Sunt modi sint nihil tempora repellat.', 1, 0, '2004-05-29 09:18:32');
INSERT INTO `messages` (`id`, `from_user_id`, `to_user_id`, `body`, `is_important`, `is_delivered`, `created_at`) VALUES (12, 12, 12, 'Occaecati illo possimus sed dolor est. Ea autem est tenetur a necessitatibus ipsa. Nulla beatae architecto porro nemo. Odio quia totam quis officia.', 1, 0, '2004-04-01 04:29:02');
INSERT INTO `messages` (`id`, `from_user_id`, `to_user_id`, `body`, `is_important`, `is_delivered`, `created_at`) VALUES (13, 13, 13, 'Neque magni neque recusandae non a. Qui et fugit inventore eos in. Voluptas voluptatem labore non voluptates iure deleniti quaerat. Aliquam repudiandae incidunt velit et ut dolorem id omnis.', 1, 1, '1987-06-10 03:51:40');
INSERT INTO `messages` (`id`, `from_user_id`, `to_user_id`, `body`, `is_important`, `is_delivered`, `created_at`) VALUES (14, 14, 14, 'Cum molestiae quo omnis iusto necessitatibus. Est id soluta eligendi commodi qui et. Qui reiciendis aliquam ea omnis.', 0, 0, '1973-02-27 21:28:13');
INSERT INTO `messages` (`id`, `from_user_id`, `to_user_id`, `body`, `is_important`, `is_delivered`, `created_at`) VALUES (15, 15, 15, 'Libero vitae aperiam enim iure odit. Autem ut ut laborum deserunt facere. Qui vero eos id error repellendus et vero error. Corporis ea ea corporis molestiae consectetur.', 0, 1, '2010-10-01 15:27:45');
INSERT INTO `messages` (`id`, `from_user_id`, `to_user_id`, `body`, `is_important`, `is_delivered`, `created_at`) VALUES (16, 16, 16, 'Et fuga aut id ut molestias quia beatae. Sit recusandae modi nihil assumenda vitae. Et quaerat similique deserunt libero.', 1, 1, '1988-03-02 07:46:52');
INSERT INTO `messages` (`id`, `from_user_id`, `to_user_id`, `body`, `is_important`, `is_delivered`, `created_at`) VALUES (17, 17, 17, 'Quae at quasi dolor voluptas. Iure quaerat nesciunt et amet nihil est. Voluptatem eius nam voluptatem provident pariatur.', 1, 1, '1979-09-28 00:03:58');
INSERT INTO `messages` (`id`, `from_user_id`, `to_user_id`, `body`, `is_important`, `is_delivered`, `created_at`) VALUES (18, 18, 18, 'Numquam ea numquam numquam enim eaque dolore enim. Sint autem eveniet perspiciatis odit. Ullam commodi maxime culpa omnis et non. Optio quos quasi aliquid quae voluptate et.', 0, 1, '1991-11-04 07:34:29');
INSERT INTO `messages` (`id`, `from_user_id`, `to_user_id`, `body`, `is_important`, `is_delivered`, `created_at`) VALUES (19, 19, 19, 'Deleniti eaque debitis consequatur est saepe. Laboriosam consequatur repellat temporibus autem sit excepturi quaerat eius. Non perspiciatis illo cum saepe quisquam. Eius officia esse praesentium laudantium. Ipsa ut voluptatem ea.', 1, 1, '1987-01-21 20:41:11');
INSERT INTO `messages` (`id`, `from_user_id`, `to_user_id`, `body`, `is_important`, `is_delivered`, `created_at`) VALUES (20, 20, 20, 'Consequatur qui dolor et recusandae possimus aut quam. Dolorem beatae sed sint qui placeat id dicta. Laborum omnis quo labore et. Tempore dolores commodi quas aspernatur.', 0, 1, '2012-02-09 19:31:39');
INSERT INTO `messages` (`id`, `from_user_id`, `to_user_id`, `body`, `is_important`, `is_delivered`, `created_at`) VALUES (21, 21, 21, 'Doloribus aut est asperiores hic. Ut ut deserunt et et. Aut ipsum corrupti magni non expedita beatae aperiam.', 1, 1, '1988-10-20 19:29:41');
INSERT INTO `messages` (`id`, `from_user_id`, `to_user_id`, `body`, `is_important`, `is_delivered`, `created_at`) VALUES (22, 22, 22, 'Enim enim accusamus sit iure. Voluptatibus quis deleniti ipsa sit. Dignissimos iure est ut nesciunt. Provident cumque est aliquam molestiae et eum.', 0, 1, '2012-08-08 08:50:15');
INSERT INTO `messages` (`id`, `from_user_id`, `to_user_id`, `body`, `is_important`, `is_delivered`, `created_at`) VALUES (23, 23, 23, 'Delectus voluptas non quo laborum at reiciendis alias. Neque voluptas doloribus laboriosam consequatur. Dolores enim aliquam ab. Omnis esse est veniam nesciunt ullam eum.', 1, 0, '1971-12-13 06:58:46');
INSERT INTO `messages` (`id`, `from_user_id`, `to_user_id`, `body`, `is_important`, `is_delivered`, `created_at`) VALUES (24, 24, 24, 'Impedit commodi sunt soluta. Fugiat commodi repellendus enim unde quaerat. Odit et quis qui iste dignissimos eius. Sed officiis ut qui esse.', 1, 0, '2014-12-19 01:53:57');
INSERT INTO `messages` (`id`, `from_user_id`, `to_user_id`, `body`, `is_important`, `is_delivered`, `created_at`) VALUES (25, 25, 25, 'Omnis nostrum velit veniam similique vel. Fugit neque quidem excepturi consequatur facere quibusdam aut. Aliquam ipsam qui omnis qui omnis nam autem.', 0, 1, '2017-05-08 10:37:01');
INSERT INTO `messages` (`id`, `from_user_id`, `to_user_id`, `body`, `is_important`, `is_delivered`, `created_at`) VALUES (26, 26, 26, 'Adipisci aspernatur ipsa et consequatur eius quasi minima. Voluptatem doloremque dolores dolorum aliquam. Quasi accusantium quo eius neque qui. Dolorum consectetur vel quaerat voluptas.', 1, 0, '1977-04-05 15:29:40');
INSERT INTO `messages` (`id`, `from_user_id`, `to_user_id`, `body`, `is_important`, `is_delivered`, `created_at`) VALUES (27, 27, 27, 'Vel facere quo repellendus est. Aut fugit et fuga suscipit suscipit. Eaque sit voluptates architecto quia saepe iste dolorem.', 0, 0, '2013-05-22 02:50:41');
INSERT INTO `messages` (`id`, `from_user_id`, `to_user_id`, `body`, `is_important`, `is_delivered`, `created_at`) VALUES (28, 28, 28, 'Dolorem et esse optio modi amet doloribus nemo. Quasi eius illum laborum non ea sint est. Unde culpa placeat ex repudiandae praesentium sapiente. Autem vel rem saepe est sequi.', 0, 1, '1981-09-05 12:59:27');
INSERT INTO `messages` (`id`, `from_user_id`, `to_user_id`, `body`, `is_important`, `is_delivered`, `created_at`) VALUES (29, 29, 29, 'Nisi nobis quod id officiis aut. Non sed voluptatibus vitae mollitia eveniet dignissimos. Aperiam aut earum placeat soluta est voluptatum. Perspiciatis et ex laudantium reiciendis.', 1, 0, '2000-01-31 15:31:52');
INSERT INTO `messages` (`id`, `from_user_id`, `to_user_id`, `body`, `is_important`, `is_delivered`, `created_at`) VALUES (30, 30, 30, 'Quia accusamus excepturi modi quis hic. Distinctio optio quae inventore saepe error harum aliquid. At sint et eos aliquam ut aut et earum.', 0, 0, '1996-08-25 23:33:45');
INSERT INTO `messages` (`id`, `from_user_id`, `to_user_id`, `body`, `is_important`, `is_delivered`, `created_at`) VALUES (31, 31, 31, 'Culpa voluptatum sapiente porro reiciendis cupiditate eos perferendis. Occaecati laudantium sunt sint commodi aliquid delectus. Dolor quaerat enim reiciendis quibusdam nostrum molestiae officiis.', 1, 1, '1974-10-15 00:57:26');
INSERT INTO `messages` (`id`, `from_user_id`, `to_user_id`, `body`, `is_important`, `is_delivered`, `created_at`) VALUES (32, 32, 32, 'Possimus aperiam sunt distinctio occaecati repellat asperiores. Accusamus corrupti reprehenderit assumenda aperiam consequatur nihil perspiciatis consequuntur. Vitae incidunt voluptatibus error atque repellendus et sed dolor. Labore reiciendis excepturi sit rerum aliquid et tempora. Eos quo consectetur voluptatum id recusandae nostrum et eum.', 1, 0, '1986-02-08 08:23:01');
INSERT INTO `messages` (`id`, `from_user_id`, `to_user_id`, `body`, `is_important`, `is_delivered`, `created_at`) VALUES (33, 33, 33, 'Veritatis quis animi cum ullam. In in occaecati quas a.', 1, 0, '1975-09-27 21:30:52');
INSERT INTO `messages` (`id`, `from_user_id`, `to_user_id`, `body`, `is_important`, `is_delivered`, `created_at`) VALUES (34, 34, 34, 'Aut est at officia. Ipsa voluptatem dolor sed rem sint ad ratione velit. Accusantium repudiandae ipsa fuga nihil dolorem animi. Quia perspiciatis dolores sunt quas illum voluptas.', 1, 1, '2003-02-19 02:03:35');
INSERT INTO `messages` (`id`, `from_user_id`, `to_user_id`, `body`, `is_important`, `is_delivered`, `created_at`) VALUES (35, 35, 35, 'Veniam dolorum eum odit. Minus impedit ipsum ab ipsam odio nobis ea. Doloremque rerum adipisci dolorem enim ea aliquam.', 0, 1, '1973-06-12 10:43:23');
INSERT INTO `messages` (`id`, `from_user_id`, `to_user_id`, `body`, `is_important`, `is_delivered`, `created_at`) VALUES (36, 36, 36, 'Aut officiis ipsum sit id. Odio veniam modi quia laborum sunt. Similique ut libero blanditiis tenetur rem delectus totam.', 1, 1, '2000-07-22 20:09:19');
INSERT INTO `messages` (`id`, `from_user_id`, `to_user_id`, `body`, `is_important`, `is_delivered`, `created_at`) VALUES (37, 37, 37, 'Dignissimos cumque cum voluptates repellat quae molestias. Aut explicabo tenetur placeat nesciunt. Consectetur modi ducimus voluptates ducimus. Explicabo cum dolor exercitationem est quod recusandae.', 1, 1, '1984-01-22 18:18:13');
INSERT INTO `messages` (`id`, `from_user_id`, `to_user_id`, `body`, `is_important`, `is_delivered`, `created_at`) VALUES (38, 38, 38, 'Commodi error vero delectus mollitia ea suscipit qui. Quia praesentium dolor corporis facilis. Commodi autem tempora aut occaecati est numquam veniam. Ut architecto animi id qui est quaerat consectetur.', 1, 1, '2017-05-03 16:37:06');
INSERT INTO `messages` (`id`, `from_user_id`, `to_user_id`, `body`, `is_important`, `is_delivered`, `created_at`) VALUES (39, 39, 39, 'Aperiam quas qui a. Ullam voluptas maiores maiores accusantium harum qui. Cumque exercitationem dolorum enim quia officiis.', 0, 1, '1975-07-06 13:04:48');
INSERT INTO `messages` (`id`, `from_user_id`, `to_user_id`, `body`, `is_important`, `is_delivered`, `created_at`) VALUES (40, 40, 40, 'In fuga quod sunt debitis dolorem cumque consequatur ut. Quia qui hic fuga dolores ullam dolor ratione rerum. Repudiandae deleniti quis vel consectetur id. Ullam fuga quo atque dolores vel.', 0, 1, '2008-10-02 01:13:01');
INSERT INTO `messages` (`id`, `from_user_id`, `to_user_id`, `body`, `is_important`, `is_delivered`, `created_at`) VALUES (41, 41, 41, 'Pariatur nihil dolore id non velit iste unde. Error est culpa dolorem provident culpa aut repellat. Cumque quis quas tempore assumenda voluptatibus adipisci beatae quaerat. Molestiae iste recusandae dolorum ratione.', 1, 0, '2014-11-14 20:40:55');
INSERT INTO `messages` (`id`, `from_user_id`, `to_user_id`, `body`, `is_important`, `is_delivered`, `created_at`) VALUES (42, 42, 42, 'Nobis aliquam id officia ipsa atque nulla aut voluptates. Atque ut est eius reprehenderit quibusdam ut aliquid. Placeat et possimus sapiente molestiae accusamus sit.', 0, 0, '2001-01-09 21:15:53');
INSERT INTO `messages` (`id`, `from_user_id`, `to_user_id`, `body`, `is_important`, `is_delivered`, `created_at`) VALUES (43, 43, 43, 'Et totam blanditiis cum sit. Nulla rem illum ea totam delectus voluptas beatae. Id aut ea dolores mollitia magnam mollitia voluptatem.', 0, 1, '2004-04-10 07:44:37');
INSERT INTO `messages` (`id`, `from_user_id`, `to_user_id`, `body`, `is_important`, `is_delivered`, `created_at`) VALUES (44, 44, 44, 'Quis repellat ut officia numquam. Omnis modi placeat est exercitationem eligendi sequi ut. Id assumenda sit ut autem. Nostrum veniam cumque quia et.', 1, 0, '1983-07-12 17:39:13');
INSERT INTO `messages` (`id`, `from_user_id`, `to_user_id`, `body`, `is_important`, `is_delivered`, `created_at`) VALUES (45, 45, 45, 'Perferendis sed eligendi expedita voluptas consequatur. Perspiciatis eligendi vel temporibus voluptatibus. Libero saepe quisquam alias autem quisquam consequatur saepe.', 0, 1, '2016-05-23 12:46:51');
INSERT INTO `messages` (`id`, `from_user_id`, `to_user_id`, `body`, `is_important`, `is_delivered`, `created_at`) VALUES (46, 46, 46, 'Cum et illum et corporis non impedit. Enim suscipit maxime voluptatem cupiditate. Voluptatibus ipsam et commodi porro fuga laboriosam qui.', 0, 0, '2017-10-17 11:53:05');
INSERT INTO `messages` (`id`, `from_user_id`, `to_user_id`, `body`, `is_important`, `is_delivered`, `created_at`) VALUES (47, 47, 47, 'Ad est voluptatem nisi mollitia dolorem. Nostrum nesciunt voluptatem maiores velit et dolorem. Dolores quia saepe delectus assumenda sint.', 0, 0, '2009-04-06 11:44:11');
INSERT INTO `messages` (`id`, `from_user_id`, `to_user_id`, `body`, `is_important`, `is_delivered`, `created_at`) VALUES (48, 48, 48, 'Ducimus quam corrupti eius molestiae qui sit veniam. Voluptate et atque aut ullam nihil non dolor. Doloribus enim culpa doloremque beatae. Facere voluptas quia voluptatem incidunt necessitatibus dolor. Eum exercitationem illum aperiam est non alias.', 0, 1, '2013-11-21 01:25:51');
INSERT INTO `messages` (`id`, `from_user_id`, `to_user_id`, `body`, `is_important`, `is_delivered`, `created_at`) VALUES (49, 49, 49, 'Nostrum quam doloribus et quia earum. Alias quod earum error enim eum. Voluptatem tempora maiores eveniet dolorum dolore suscipit. Dolores qui reiciendis cum nobis autem error.', 1, 1, '1982-02-22 14:39:29');
INSERT INTO `messages` (`id`, `from_user_id`, `to_user_id`, `body`, `is_important`, `is_delivered`, `created_at`) VALUES (50, 50, 50, 'Possimus commodi et nostrum. Similique officiis et rerum dolorum. Qui sit adipisci quia. Accusantium necessitatibus quia est quia saepe officia. Ab optio quae a sit est.', 1, 0, '2014-11-24 06:43:11');
INSERT INTO `messages` (`id`, `from_user_id`, `to_user_id`, `body`, `is_important`, `is_delivered`, `created_at`) VALUES (51, 51, 51, 'Corporis qui quae porro neque repellat occaecati alias. Deleniti autem quam molestias aspernatur ratione fuga. Doloribus quas sunt autem aliquid minima sint voluptatem. Numquam in voluptate velit ea quae repudiandae quidem non.', 0, 1, '2005-09-14 06:10:31');
INSERT INTO `messages` (`id`, `from_user_id`, `to_user_id`, `body`, `is_important`, `is_delivered`, `created_at`) VALUES (52, 52, 52, 'Qui nihil ducimus maiores occaecati. Mollitia consequuntur cumque et enim officiis. Quos quod repudiandae illo eos. Explicabo iure earum eos illum optio.', 0, 1, '2014-09-12 04:08:44');
INSERT INTO `messages` (`id`, `from_user_id`, `to_user_id`, `body`, `is_important`, `is_delivered`, `created_at`) VALUES (53, 53, 53, 'Sapiente architecto ratione recusandae consequatur sed. Quae aut itaque similique sed ut perferendis ut. Est quis sunt quia officia.', 1, 1, '2011-04-16 12:05:20');
INSERT INTO `messages` (`id`, `from_user_id`, `to_user_id`, `body`, `is_important`, `is_delivered`, `created_at`) VALUES (54, 54, 54, 'Ipsa nostrum est libero veritatis minus quisquam. Officia ut excepturi sunt culpa nihil est. Corrupti tenetur id deleniti sit est veniam.', 0, 1, '1977-07-26 20:30:49');
INSERT INTO `messages` (`id`, `from_user_id`, `to_user_id`, `body`, `is_important`, `is_delivered`, `created_at`) VALUES (55, 55, 55, 'Iste molestiae quia dolor distinctio et quia porro. Exercitationem odio laudantium quia optio explicabo illo. Vel est temporibus maxime est ipsam explicabo quis tempora.', 0, 0, '1983-08-12 15:24:00');
INSERT INTO `messages` (`id`, `from_user_id`, `to_user_id`, `body`, `is_important`, `is_delivered`, `created_at`) VALUES (56, 56, 56, 'Est asperiores dicta consectetur provident vitae. Rerum voluptas similique laudantium similique. Ducimus tenetur quo consequatur et et nulla dolores. Est ea tenetur tempore ea nostrum iusto.', 0, 0, '2005-11-27 07:16:18');
INSERT INTO `messages` (`id`, `from_user_id`, `to_user_id`, `body`, `is_important`, `is_delivered`, `created_at`) VALUES (57, 57, 57, 'Id minima temporibus aut est expedita eos. Dolorem iure magnam ut rem ducimus commodi nihil asperiores. Et animi et sunt qui consequatur ea eum quisquam.', 0, 1, '1986-04-16 03:32:03');
INSERT INTO `messages` (`id`, `from_user_id`, `to_user_id`, `body`, `is_important`, `is_delivered`, `created_at`) VALUES (58, 58, 58, 'Quia hic vero impedit. Ducimus ea velit autem voluptatem eos rerum magni. Occaecati et quibusdam asperiores consequatur odio architecto aut accusamus.', 0, 0, '2004-04-18 08:59:54');
INSERT INTO `messages` (`id`, `from_user_id`, `to_user_id`, `body`, `is_important`, `is_delivered`, `created_at`) VALUES (59, 59, 59, 'Ut voluptas laboriosam enim veritatis. Asperiores aperiam id repudiandae aut. Et dolor non voluptatem eius incidunt. Fugiat nemo ipsa labore.', 1, 0, '2011-07-10 17:50:41');
INSERT INTO `messages` (`id`, `from_user_id`, `to_user_id`, `body`, `is_important`, `is_delivered`, `created_at`) VALUES (60, 60, 60, 'Eaque sed illo voluptatem sint. Voluptates suscipit fugiat sit tempore molestias voluptatibus reiciendis quaerat. Quidem tenetur voluptate sed et iure qui. Voluptatem perferendis ab reprehenderit error consequatur.', 1, 1, '2015-09-01 09:43:17');
INSERT INTO `messages` (`id`, `from_user_id`, `to_user_id`, `body`, `is_important`, `is_delivered`, `created_at`) VALUES (61, 61, 61, 'In occaecati asperiores ex. Molestiae voluptatibus totam quam. Consequatur minus rerum veritatis voluptas eos qui minus magnam.', 0, 1, '1973-08-12 15:55:28');
INSERT INTO `messages` (`id`, `from_user_id`, `to_user_id`, `body`, `is_important`, `is_delivered`, `created_at`) VALUES (62, 62, 62, 'Dolorem ea impedit magnam necessitatibus. Repellendus facere sit aut accusamus quidem itaque autem. Ipsum sed perspiciatis culpa. Ea aut consequatur blanditiis itaque quia.', 1, 0, '2008-05-08 10:28:19');
INSERT INTO `messages` (`id`, `from_user_id`, `to_user_id`, `body`, `is_important`, `is_delivered`, `created_at`) VALUES (63, 63, 63, 'Qui eligendi natus et neque. Voluptatem beatae voluptas occaecati. Tempora velit id dolorem vitae. A repudiandae at quaerat aut.', 0, 0, '2018-07-27 00:39:51');
INSERT INTO `messages` (`id`, `from_user_id`, `to_user_id`, `body`, `is_important`, `is_delivered`, `created_at`) VALUES (64, 64, 64, 'Omnis est numquam sunt commodi ad. Ea saepe neque vero ea accusamus commodi consequuntur. Laborum dolores vitae aut nostrum eaque consectetur.', 1, 1, '2003-03-04 03:35:52');
INSERT INTO `messages` (`id`, `from_user_id`, `to_user_id`, `body`, `is_important`, `is_delivered`, `created_at`) VALUES (65, 65, 65, 'Voluptatum incidunt architecto voluptatem et quae aut sint. Blanditiis minima culpa sed a quas. Distinctio molestiae exercitationem consequatur sit nemo. Sunt maiores cum laudantium. Aut voluptas omnis neque reiciendis.', 1, 1, '2008-02-22 10:01:40');
INSERT INTO `messages` (`id`, `from_user_id`, `to_user_id`, `body`, `is_important`, `is_delivered`, `created_at`) VALUES (66, 66, 66, 'Rerum culpa in aut ab aut deserunt nihil facilis. Iure autem consectetur velit est nihil vel iusto. Modi unde itaque aliquid.', 1, 1, '1992-05-21 17:32:36');
INSERT INTO `messages` (`id`, `from_user_id`, `to_user_id`, `body`, `is_important`, `is_delivered`, `created_at`) VALUES (67, 67, 67, 'Maxime repellendus temporibus atque aut. Et expedita repudiandae amet est mollitia quaerat. Sunt quod quod nisi iusto esse. Explicabo at veniam sit.', 0, 0, '1982-02-17 01:05:14');
INSERT INTO `messages` (`id`, `from_user_id`, `to_user_id`, `body`, `is_important`, `is_delivered`, `created_at`) VALUES (68, 68, 68, 'Rerum perferendis rerum qui et dicta doloremque voluptates. Voluptatum expedita mollitia fugit debitis. Quasi et nulla recusandae.', 1, 0, '1997-11-09 01:06:04');
INSERT INTO `messages` (`id`, `from_user_id`, `to_user_id`, `body`, `is_important`, `is_delivered`, `created_at`) VALUES (69, 69, 69, 'Hic beatae omnis eveniet assumenda corrupti rerum et blanditiis. Eligendi qui beatae doloremque alias impedit corrupti molestiae. Eum enim excepturi quo. Est sed sed consequatur accusantium esse atque corrupti.', 1, 0, '1999-01-17 09:35:10');
INSERT INTO `messages` (`id`, `from_user_id`, `to_user_id`, `body`, `is_important`, `is_delivered`, `created_at`) VALUES (70, 70, 70, 'Numquam doloremque eos neque aspernatur error. Consequatur quo expedita unde quia magnam. Consectetur repellat quidem molestiae veniam voluptas et.', 1, 1, '2016-07-04 08:59:49');
INSERT INTO `messages` (`id`, `from_user_id`, `to_user_id`, `body`, `is_important`, `is_delivered`, `created_at`) VALUES (71, 71, 71, 'Quod delectus hic sint odio rerum voluptatem commodi. Sed eius corporis eum voluptatem autem facere. Numquam possimus velit sed enim illum omnis. Et ipsa tenetur facilis consequatur.', 0, 0, '1981-05-08 12:36:12');
INSERT INTO `messages` (`id`, `from_user_id`, `to_user_id`, `body`, `is_important`, `is_delivered`, `created_at`) VALUES (72, 72, 72, 'Magni eum odio aut quae et quo. Aut et iure qui similique natus est voluptatem.', 0, 0, '1997-01-10 07:44:17');
INSERT INTO `messages` (`id`, `from_user_id`, `to_user_id`, `body`, `is_important`, `is_delivered`, `created_at`) VALUES (73, 73, 73, 'Temporibus explicabo eveniet assumenda quisquam et qui suscipit aut. Amet architecto nam quia debitis repellat eveniet. Harum possimus quaerat quis iure doloremque. Molestias a et natus cupiditate eligendi officia illum cum.', 1, 0, '2003-04-02 09:07:21');
INSERT INTO `messages` (`id`, `from_user_id`, `to_user_id`, `body`, `is_important`, `is_delivered`, `created_at`) VALUES (74, 74, 74, 'Ut dolore repudiandae excepturi ut aut. Commodi rerum alias molestias iusto sequi quasi. Laudantium eligendi officiis aliquam necessitatibus sunt ad ut.', 1, 1, '1992-03-31 03:52:34');
INSERT INTO `messages` (`id`, `from_user_id`, `to_user_id`, `body`, `is_important`, `is_delivered`, `created_at`) VALUES (75, 75, 75, 'Porro quaerat est modi. Alias autem non modi blanditiis qui numquam nisi. Facere aut aliquam qui quo fugit. Eum distinctio et quis vitae.', 1, 1, '2001-06-05 17:44:06');
INSERT INTO `messages` (`id`, `from_user_id`, `to_user_id`, `body`, `is_important`, `is_delivered`, `created_at`) VALUES (76, 76, 76, 'Est temporibus vitae rerum similique non repellendus ex. Consequatur adipisci dolore quae quia maiores quia. Et possimus commodi quia cum vero voluptatem cupiditate.', 1, 0, '1971-02-01 00:11:41');
INSERT INTO `messages` (`id`, `from_user_id`, `to_user_id`, `body`, `is_important`, `is_delivered`, `created_at`) VALUES (77, 77, 77, 'Corrupti harum nesciunt deserunt ut. Consequatur rem eaque occaecati. Vel molestiae cumque beatae ut. Ab molestiae atque error blanditiis aut.', 1, 1, '1979-04-09 17:48:32');
INSERT INTO `messages` (`id`, `from_user_id`, `to_user_id`, `body`, `is_important`, `is_delivered`, `created_at`) VALUES (78, 78, 78, 'Sunt aspernatur rerum et deserunt. Non quam iusto quod. Ut nisi eligendi possimus suscipit cupiditate. Aut fugit ex et cupiditate ratione doloremque.', 0, 0, '1972-02-02 16:16:06');
INSERT INTO `messages` (`id`, `from_user_id`, `to_user_id`, `body`, `is_important`, `is_delivered`, `created_at`) VALUES (79, 79, 79, 'Delectus quisquam architecto et velit expedita. Repellendus quam eligendi laboriosam consequatur ea consequatur est. Quia quia corrupti asperiores doloribus. Autem qui nam provident dicta nihil porro magnam.', 1, 1, '2013-01-10 09:21:48');
INSERT INTO `messages` (`id`, `from_user_id`, `to_user_id`, `body`, `is_important`, `is_delivered`, `created_at`) VALUES (80, 80, 80, 'Quo voluptatibus neque quis doloremque. At corrupti quia praesentium a et aut quos ipsam. Et tempore autem sunt quia.', 1, 1, '1980-12-04 04:19:25');
INSERT INTO `messages` (`id`, `from_user_id`, `to_user_id`, `body`, `is_important`, `is_delivered`, `created_at`) VALUES (81, 81, 81, 'Esse doloremque dolores voluptas consectetur temporibus occaecati. Non amet culpa occaecati veniam adipisci at voluptates.', 1, 1, '1987-10-14 20:42:02');
INSERT INTO `messages` (`id`, `from_user_id`, `to_user_id`, `body`, `is_important`, `is_delivered`, `created_at`) VALUES (82, 82, 82, 'Illo esse earum et dolorem. Ea modi consectetur dolorem dolor autem. Repudiandae corrupti quam voluptatem est voluptas. Est expedita nam consectetur veniam perferendis recusandae.', 0, 1, '2009-07-16 22:49:44');
INSERT INTO `messages` (`id`, `from_user_id`, `to_user_id`, `body`, `is_important`, `is_delivered`, `created_at`) VALUES (83, 83, 83, 'Non aut sapiente laborum molestiae sint architecto. Ex numquam animi debitis quibusdam hic et dicta et. Laborum quae eum quidem voluptates tempora sint rem. Dolorum in cum dolorem facilis sed dignissimos id et.', 0, 1, '2011-06-02 10:37:03');
INSERT INTO `messages` (`id`, `from_user_id`, `to_user_id`, `body`, `is_important`, `is_delivered`, `created_at`) VALUES (84, 84, 84, 'Consequatur molestiae consectetur eos dolorem explicabo et dolores. Dignissimos deleniti quaerat rerum at velit aut explicabo. Enim impedit repudiandae enim ex. Eius alias dicta et illo necessitatibus eveniet quis.', 0, 0, '1980-04-29 08:42:36');
INSERT INTO `messages` (`id`, `from_user_id`, `to_user_id`, `body`, `is_important`, `is_delivered`, `created_at`) VALUES (85, 85, 85, 'Vel unde sit asperiores quia. Cum exercitationem illo nihil. Eos ut voluptatibus eligendi facere. Suscipit alias cumque id aliquam id.', 0, 1, '1990-03-01 08:55:36');
INSERT INTO `messages` (`id`, `from_user_id`, `to_user_id`, `body`, `is_important`, `is_delivered`, `created_at`) VALUES (86, 86, 86, 'Similique et in ut earum corporis quasi. Optio voluptatum aut voluptatem ut aut. Provident officia tempore molestiae veniam delectus ea.', 1, 1, '2014-08-27 15:29:18');
INSERT INTO `messages` (`id`, `from_user_id`, `to_user_id`, `body`, `is_important`, `is_delivered`, `created_at`) VALUES (87, 87, 87, 'Molestiae et nisi ut officiis. Sit quos at omnis fuga. Ut est magni exercitationem ut et aut.', 0, 0, '1981-04-30 18:57:56');
INSERT INTO `messages` (`id`, `from_user_id`, `to_user_id`, `body`, `is_important`, `is_delivered`, `created_at`) VALUES (88, 88, 88, 'Et officiis temporibus est. Accusantium quae magni consequuntur repellat itaque. Eos id et quod ipsam numquam. Molestiae adipisci et est ab. Tempora eaque praesentium saepe quia.', 0, 1, '2017-07-05 09:11:35');
INSERT INTO `messages` (`id`, `from_user_id`, `to_user_id`, `body`, `is_important`, `is_delivered`, `created_at`) VALUES (89, 89, 89, 'Aut illum omnis assumenda. Impedit placeat quis et sed sit voluptatibus qui. Accusamus omnis et voluptatum repellendus tempora pariatur delectus blanditiis.', 0, 0, '1971-05-17 23:03:38');
INSERT INTO `messages` (`id`, `from_user_id`, `to_user_id`, `body`, `is_important`, `is_delivered`, `created_at`) VALUES (90, 90, 90, 'Veniam et dolore a ut odio. Totam est quos saepe aut pariatur sunt. Mollitia dolores sequi vel accusamus modi culpa unde. Ea ipsam ipsam earum quas repellendus aperiam.', 1, 0, '1973-05-12 05:22:42');
INSERT INTO `messages` (`id`, `from_user_id`, `to_user_id`, `body`, `is_important`, `is_delivered`, `created_at`) VALUES (91, 91, 91, 'Quaerat est tempore dolor laudantium. Consequatur aliquid qui assumenda nisi a harum est. Id distinctio sed quas recusandae fuga consectetur.', 0, 0, '2003-11-30 20:45:12');
INSERT INTO `messages` (`id`, `from_user_id`, `to_user_id`, `body`, `is_important`, `is_delivered`, `created_at`) VALUES (92, 92, 92, 'Dolore quasi dicta sunt veniam est repellendus. Explicabo est soluta veniam maxime quibusdam et sunt. Facere perspiciatis id ipsam voluptatem excepturi.', 0, 0, '1984-04-02 10:31:34');
INSERT INTO `messages` (`id`, `from_user_id`, `to_user_id`, `body`, `is_important`, `is_delivered`, `created_at`) VALUES (93, 93, 93, 'Eum provident sit et sunt sit vel reprehenderit nesciunt. Quia tenetur consequatur non sequi a qui reiciendis numquam. Rem praesentium autem harum.', 1, 1, '1991-12-14 13:33:54');
INSERT INTO `messages` (`id`, `from_user_id`, `to_user_id`, `body`, `is_important`, `is_delivered`, `created_at`) VALUES (94, 94, 94, 'Dolores et reiciendis nesciunt ut pariatur nulla est. Voluptatem pariatur fugit dolor doloremque vero ut est.', 0, 0, '2004-07-31 11:21:29');
INSERT INTO `messages` (`id`, `from_user_id`, `to_user_id`, `body`, `is_important`, `is_delivered`, `created_at`) VALUES (95, 95, 95, 'Ut corporis velit delectus consequatur eum neque amet. Alias voluptatem doloribus quam nobis asperiores dolorem ullam. Sint est dolorem alias consequatur et autem perferendis dolores. Ad sit id dolore atque autem distinctio alias.', 0, 0, '2003-02-02 18:43:42');
INSERT INTO `messages` (`id`, `from_user_id`, `to_user_id`, `body`, `is_important`, `is_delivered`, `created_at`) VALUES (96, 96, 96, 'Nobis facilis possimus accusantium. Quod ipsum eos illo rerum officia ad.', 1, 1, '1991-02-09 06:54:59');
INSERT INTO `messages` (`id`, `from_user_id`, `to_user_id`, `body`, `is_important`, `is_delivered`, `created_at`) VALUES (97, 97, 97, 'Fuga aut corporis dolor facere delectus. Quia ut explicabo expedita harum debitis. Magnam aut suscipit quia totam ut maiores. Ipsam et laboriosam exercitationem optio beatae laborum.', 1, 1, '1970-11-04 12:13:18');
INSERT INTO `messages` (`id`, `from_user_id`, `to_user_id`, `body`, `is_important`, `is_delivered`, `created_at`) VALUES (98, 98, 98, 'Corrupti libero delectus saepe commodi. Consequatur harum odio illum. Nobis id et ab earum. Similique sit dolores ad omnis. Consectetur voluptatibus quo reprehenderit quo itaque.', 1, 1, '1993-07-06 19:19:23');
INSERT INTO `messages` (`id`, `from_user_id`, `to_user_id`, `body`, `is_important`, `is_delivered`, `created_at`) VALUES (99, 99, 99, 'Adipisci aliquid et dolorum qui. Adipisci rerum ratione vitae et et nemo. Ducimus maxime corrupti iusto enim qui omnis. Non recusandae et saepe fuga voluptas rerum porro.', 1, 1, '1997-08-06 14:58:51');
INSERT INTO `messages` (`id`, `from_user_id`, `to_user_id`, `body`, `is_important`, `is_delivered`, `created_at`) VALUES (100, 100, 100, 'Autem et sint est molestiae itaque debitis omnis voluptatem. Odio nihil quia id sit. Nobis maxime voluptatem atque enim recusandae.', 0, 0, '2017-03-21 11:28:03');
INSERT INTO `messages` (`id`, `from_user_id`, `to_user_id`, `body`, `is_important`, `is_delivered`, `created_at`) VALUES (101, 1, 1, 'Expedita ut aliquam eum ut dolorem modi praesentium. Maiores consequatur tempore est. Omnis voluptatem dolorem officiis earum ut. Quos sed iure sit inventore dolor.', 0, 1, '2006-03-17 09:10:40');
INSERT INTO `messages` (`id`, `from_user_id`, `to_user_id`, `body`, `is_important`, `is_delivered`, `created_at`) VALUES (102, 2, 2, 'Sed sequi quo consequatur et. Quo ex quod voluptas maxime iusto harum. Nihil maiores quia veniam enim necessitatibus.', 0, 0, '1996-10-01 12:00:22');
INSERT INTO `messages` (`id`, `from_user_id`, `to_user_id`, `body`, `is_important`, `is_delivered`, `created_at`) VALUES (103, 3, 3, 'Ut eaque ipsum vero animi nulla laborum. Ut quaerat et iusto eum nihil optio. Voluptatum quod qui eos qui et. Eos dolor ex qui rerum quam. Sequi est voluptatibus excepturi id necessitatibus quam.', 1, 0, '1988-12-11 19:33:25');
INSERT INTO `messages` (`id`, `from_user_id`, `to_user_id`, `body`, `is_important`, `is_delivered`, `created_at`) VALUES (104, 4, 4, 'Est eum rerum perspiciatis perferendis alias. Commodi iste veniam ipsum mollitia qui. Neque rem sed dolor molestiae.', 0, 0, '2014-02-27 19:25:09');
INSERT INTO `messages` (`id`, `from_user_id`, `to_user_id`, `body`, `is_important`, `is_delivered`, `created_at`) VALUES (105, 5, 5, 'Pariatur minima consequatur est neque expedita tenetur animi sed. Qui quos minima nam animi aliquam expedita. Dolorum ut quibusdam minus.', 0, 1, '1976-06-04 02:49:25');
INSERT INTO `messages` (`id`, `from_user_id`, `to_user_id`, `body`, `is_important`, `is_delivered`, `created_at`) VALUES (106, 6, 6, 'Quia et atque veniam vel quo natus sunt. Ratione cumque porro accusantium quos vel. Assumenda quos laboriosam perspiciatis. Sed sint et dolores qui.', 0, 1, '1981-11-20 06:48:35');
INSERT INTO `messages` (`id`, `from_user_id`, `to_user_id`, `body`, `is_important`, `is_delivered`, `created_at`) VALUES (107, 7, 7, 'Nobis pariatur mollitia hic placeat voluptatum laborum. Rem quia totam minima dolore voluptatum repellat et. Illum quisquam voluptatem qui itaque sequi rerum.', 0, 0, '2008-10-19 23:32:34');
INSERT INTO `messages` (`id`, `from_user_id`, `to_user_id`, `body`, `is_important`, `is_delivered`, `created_at`) VALUES (108, 8, 8, 'Quibusdam molestiae harum aut perspiciatis aut nam eos. Tempore et natus et voluptatibus nostrum quo perferendis molestiae. Eius omnis rem minima quia non iusto soluta repellendus. Deserunt culpa eos cumque et velit. Earum nobis corporis ea similique.', 0, 1, '2006-10-30 07:05:27');
INSERT INTO `messages` (`id`, `from_user_id`, `to_user_id`, `body`, `is_important`, `is_delivered`, `created_at`) VALUES (109, 9, 9, 'Ipsum magni neque ab explicabo nihil consectetur pariatur voluptates. Asperiores occaecati earum minima delectus et quam iure. Et laborum et est. Ab nesciunt incidunt quaerat ullam totam.', 0, 1, '2005-12-23 16:51:11');
INSERT INTO `messages` (`id`, `from_user_id`, `to_user_id`, `body`, `is_important`, `is_delivered`, `created_at`) VALUES (110, 10, 10, 'Expedita voluptatem deserunt reprehenderit labore quam facere. Accusantium rerum et assumenda dolores quisquam voluptatem consequatur. Unde consequatur quas mollitia quia laborum nemo et. Illo illum et a atque quo ad quos.', 0, 0, '2008-06-07 00:30:12');
INSERT INTO `messages` (`id`, `from_user_id`, `to_user_id`, `body`, `is_important`, `is_delivered`, `created_at`) VALUES (111, 11, 11, 'Rem eaque sunt quasi numquam consequatur qui. Quia et vel repudiandae eum saepe dolor. Qui pariatur saepe corporis et laborum perspiciatis.', 0, 1, '2006-01-30 01:43:22');
INSERT INTO `messages` (`id`, `from_user_id`, `to_user_id`, `body`, `is_important`, `is_delivered`, `created_at`) VALUES (112, 12, 12, 'Atque magni recusandae debitis. Illo cumque aut nemo quis eaque qui doloremque. Velit et porro laboriosam quidem aliquam.', 0, 1, '1995-06-18 00:06:57');
INSERT INTO `messages` (`id`, `from_user_id`, `to_user_id`, `body`, `is_important`, `is_delivered`, `created_at`) VALUES (113, 13, 13, 'Ipsam unde non voluptas rerum ipsa. Autem pariatur corporis esse quidem cupiditate assumenda. Illum et vel error nostrum quis aut quibusdam. Aut totam modi hic recusandae.', 0, 1, '1992-10-16 21:26:59');
INSERT INTO `messages` (`id`, `from_user_id`, `to_user_id`, `body`, `is_important`, `is_delivered`, `created_at`) VALUES (114, 14, 14, 'Doloribus error voluptas doloremque et. Laudantium animi ipsa iusto ab iure voluptatibus odio. Eos porro corporis et dicta non. Consequatur quia voluptatem blanditiis facere dolor quo quia.', 1, 0, '2015-03-27 09:41:27');
INSERT INTO `messages` (`id`, `from_user_id`, `to_user_id`, `body`, `is_important`, `is_delivered`, `created_at`) VALUES (115, 15, 15, 'Eligendi odio architecto veniam consequatur suscipit reiciendis odio. Tempore quod perferendis sit blanditiis nisi repellendus sit possimus.', 1, 1, '2004-11-25 04:22:23');
INSERT INTO `messages` (`id`, `from_user_id`, `to_user_id`, `body`, `is_important`, `is_delivered`, `created_at`) VALUES (116, 16, 16, 'Non sint optio distinctio ipsa officiis quia eveniet. Tempore consequuntur eos veniam voluptates magnam natus. Aspernatur omnis tempora ex est. Quisquam assumenda optio non itaque.', 0, 0, '1990-01-01 16:43:50');
INSERT INTO `messages` (`id`, `from_user_id`, `to_user_id`, `body`, `is_important`, `is_delivered`, `created_at`) VALUES (117, 17, 17, 'Veritatis quia rerum itaque harum. Molestiae dolorem aut vel qui dolorem dolorem aspernatur. Cupiditate vel dicta architecto iusto est veniam.', 0, 0, '1982-11-29 08:29:38');
INSERT INTO `messages` (`id`, `from_user_id`, `to_user_id`, `body`, `is_important`, `is_delivered`, `created_at`) VALUES (118, 18, 18, 'Est nobis sit enim et. Dolore similique sapiente autem modi tempore. Voluptatibus ratione magni et eaque provident minus eos porro. Tempora illo nam accusantium maxime ad itaque.', 0, 0, '1993-01-30 05:48:44');
INSERT INTO `messages` (`id`, `from_user_id`, `to_user_id`, `body`, `is_important`, `is_delivered`, `created_at`) VALUES (119, 19, 19, 'Laboriosam mollitia omnis quas. Sint non est aliquid libero quia. Porro ut aut ipsam sed blanditiis non hic dolorum.', 0, 1, '2010-08-22 17:20:27');
INSERT INTO `messages` (`id`, `from_user_id`, `to_user_id`, `body`, `is_important`, `is_delivered`, `created_at`) VALUES (120, 20, 20, 'At voluptatibus dolore id est id voluptates dicta quia. Sed nihil nobis voluptatem sunt. Omnis id et quae et quia.', 0, 0, '1992-05-14 22:13:49');
INSERT INTO `messages` (`id`, `from_user_id`, `to_user_id`, `body`, `is_important`, `is_delivered`, `created_at`) VALUES (121, 21, 21, 'Voluptas non ex mollitia est architecto iste blanditiis est. Modi fugiat ea exercitationem vel aut doloremque. Modi aut culpa labore temporibus. Sint consequuntur porro aliquid tempora quis iste et dignissimos.', 0, 0, '1975-10-19 05:02:24');
INSERT INTO `messages` (`id`, `from_user_id`, `to_user_id`, `body`, `is_important`, `is_delivered`, `created_at`) VALUES (122, 22, 22, 'Totam ullam placeat aut. Iure unde cumque itaque atque aut facilis veniam. Consequatur impedit exercitationem magni rem.', 1, 1, '1975-08-09 00:14:35');
INSERT INTO `messages` (`id`, `from_user_id`, `to_user_id`, `body`, `is_important`, `is_delivered`, `created_at`) VALUES (123, 23, 23, 'Placeat sequi fugiat eum sit. Eum tempora magni dolorem aperiam facere corrupti. Mollitia aut qui nam magni aliquid nostrum.', 1, 1, '1976-11-07 01:19:22');
INSERT INTO `messages` (`id`, `from_user_id`, `to_user_id`, `body`, `is_important`, `is_delivered`, `created_at`) VALUES (124, 24, 24, 'Dolor facilis sapiente blanditiis vero aperiam. Occaecati quaerat ut est sit ea et. Vel a culpa velit. Aperiam vel similique expedita natus. Illo officiis expedita atque et repellendus.', 0, 0, '2003-09-18 00:38:17');
INSERT INTO `messages` (`id`, `from_user_id`, `to_user_id`, `body`, `is_important`, `is_delivered`, `created_at`) VALUES (125, 25, 25, 'Qui quisquam autem magni ea accusamus expedita voluptas vel. Deserunt doloremque voluptatem ab minima eos est quis. Praesentium quos minus delectus repellendus vel. Aliquam quae occaecati blanditiis accusamus.', 1, 0, '1999-12-20 18:24:13');
INSERT INTO `messages` (`id`, `from_user_id`, `to_user_id`, `body`, `is_important`, `is_delivered`, `created_at`) VALUES (126, 26, 26, 'Nihil et ut dignissimos ad. Magnam et voluptatem magnam dolorem saepe velit. Debitis perspiciatis voluptatem pariatur animi ut dolore. Dolorum hic est sit numquam.', 1, 1, '1996-06-13 20:44:15');
INSERT INTO `messages` (`id`, `from_user_id`, `to_user_id`, `body`, `is_important`, `is_delivered`, `created_at`) VALUES (127, 27, 27, 'Sint rerum cupiditate eum dolor et at ullam. Sed assumenda expedita sunt aliquid dicta in quisquam voluptatem. Animi non repellat velit rerum est sit. Dolorem rerum ut natus maiores eos.', 0, 1, '2011-11-19 07:17:26');
INSERT INTO `messages` (`id`, `from_user_id`, `to_user_id`, `body`, `is_important`, `is_delivered`, `created_at`) VALUES (128, 28, 28, 'Voluptatem odit et explicabo perferendis porro similique. Ut ut ut eos perspiciatis earum laudantium ullam. Animi fugit blanditiis aut quaerat.', 0, 1, '2017-08-21 13:17:18');
INSERT INTO `messages` (`id`, `from_user_id`, `to_user_id`, `body`, `is_important`, `is_delivered`, `created_at`) VALUES (129, 29, 29, 'Sint ut exercitationem facilis eos atque commodi impedit fugit. Doloremque temporibus modi odio eos doloribus iure ipsa. Nam soluta dolorum qui id facere.', 0, 1, '1998-03-21 04:48:23');
INSERT INTO `messages` (`id`, `from_user_id`, `to_user_id`, `body`, `is_important`, `is_delivered`, `created_at`) VALUES (130, 30, 30, 'Natus ut iste ut molestiae provident quia odit nostrum. Corrupti quidem consequatur inventore eligendi dolorum ullam modi. Fuga pariatur suscipit pariatur aut.', 0, 1, '2014-03-14 08:16:04');
INSERT INTO `messages` (`id`, `from_user_id`, `to_user_id`, `body`, `is_important`, `is_delivered`, `created_at`) VALUES (131, 31, 31, 'Ut quae nulla ut voluptatem autem veniam laborum. Officia sunt amet possimus quas in et. Ut rerum a soluta.', 1, 0, '1989-11-25 23:07:16');
INSERT INTO `messages` (`id`, `from_user_id`, `to_user_id`, `body`, `is_important`, `is_delivered`, `created_at`) VALUES (132, 32, 32, 'Reprehenderit animi enim aspernatur praesentium dolore et. Laboriosam voluptatibus quidem sint consequuntur aut. Officia sequi similique magni repellendus nihil fugit. Iste repudiandae non eos et.', 0, 0, '1984-10-23 20:53:33');
INSERT INTO `messages` (`id`, `from_user_id`, `to_user_id`, `body`, `is_important`, `is_delivered`, `created_at`) VALUES (133, 33, 33, 'Et est officiis et sapiente at repudiandae voluptatem. Eius eos illo doloremque illum minima aut. Ut ipsa sunt exercitationem sequi. Reiciendis enim quasi quos.', 0, 1, '1981-03-13 07:17:50');
INSERT INTO `messages` (`id`, `from_user_id`, `to_user_id`, `body`, `is_important`, `is_delivered`, `created_at`) VALUES (134, 34, 34, 'Deserunt voluptatibus iusto saepe blanditiis nostrum dignissimos sit. Illo tempore dignissimos fugiat minima autem sunt. Deleniti consequatur commodi quia dolores quaerat minus ullam consequatur.', 0, 0, '1984-01-04 23:09:14');
INSERT INTO `messages` (`id`, `from_user_id`, `to_user_id`, `body`, `is_important`, `is_delivered`, `created_at`) VALUES (135, 35, 35, 'Quidem eum architecto molestiae quis sunt. Magnam et facilis incidunt ad voluptatum repudiandae. Facere voluptas qui ut est est. Quia sint in et ut voluptatem.', 0, 1, '1970-04-08 01:49:16');
INSERT INTO `messages` (`id`, `from_user_id`, `to_user_id`, `body`, `is_important`, `is_delivered`, `created_at`) VALUES (136, 36, 36, 'Ut minima dolores dolorem voluptate iure ut repudiandae. At reprehenderit non sed qui labore. Odio atque voluptatem dolores eligendi quia provident minima. Modi natus hic impedit.', 0, 1, '2007-06-04 07:14:09');
INSERT INTO `messages` (`id`, `from_user_id`, `to_user_id`, `body`, `is_important`, `is_delivered`, `created_at`) VALUES (137, 37, 37, 'Facere esse dolorum id voluptas commodi eveniet. Reiciendis explicabo vero dolorem et eaque eum. Omnis sequi accusantium ipsum et.', 0, 1, '1982-08-27 06:58:25');
INSERT INTO `messages` (`id`, `from_user_id`, `to_user_id`, `body`, `is_important`, `is_delivered`, `created_at`) VALUES (138, 38, 38, 'Quia qui laboriosam ea. Similique suscipit aut ipsa laborum. Omnis fugit vitae quae aut expedita officia culpa ipsum.', 0, 1, '2012-03-17 14:52:18');
INSERT INTO `messages` (`id`, `from_user_id`, `to_user_id`, `body`, `is_important`, `is_delivered`, `created_at`) VALUES (139, 39, 39, 'Aut dolores quisquam alias est consequatur. Saepe dolorem est voluptatem odio eveniet. Debitis explicabo repudiandae assumenda numquam. Minima amet enim odit aspernatur voluptatem.', 1, 1, '1994-06-28 16:32:33');
INSERT INTO `messages` (`id`, `from_user_id`, `to_user_id`, `body`, `is_important`, `is_delivered`, `created_at`) VALUES (140, 40, 40, 'Occaecati dolores animi similique provident eveniet corrupti. Fugit eum facere est et et. Molestiae asperiores nesciunt et.', 1, 0, '1976-06-09 07:40:42');
INSERT INTO `messages` (`id`, `from_user_id`, `to_user_id`, `body`, `is_important`, `is_delivered`, `created_at`) VALUES (141, 41, 41, 'Culpa provident ipsa omnis a omnis laboriosam. Ullam omnis non deleniti dolore. Ut at voluptas nihil sed excepturi blanditiis voluptate voluptates.', 0, 0, '2005-05-23 18:59:13');
INSERT INTO `messages` (`id`, `from_user_id`, `to_user_id`, `body`, `is_important`, `is_delivered`, `created_at`) VALUES (142, 42, 42, 'Nihil non quam laborum deleniti dolor ut sit voluptatem. Alias tempora unde dolor error eum consequatur repellendus laboriosam. Blanditiis ut voluptas sunt doloribus distinctio. Blanditiis ut porro dolor saepe.', 1, 0, '1991-10-04 09:12:37');
INSERT INTO `messages` (`id`, `from_user_id`, `to_user_id`, `body`, `is_important`, `is_delivered`, `created_at`) VALUES (143, 43, 43, 'Consequatur laborum est sunt iste nobis. Ab quia exercitationem nostrum porro non veniam. Doloribus ratione perferendis modi est enim et.', 1, 0, '1987-04-27 01:54:37');
INSERT INTO `messages` (`id`, `from_user_id`, `to_user_id`, `body`, `is_important`, `is_delivered`, `created_at`) VALUES (144, 44, 44, 'Qui dolorum voluptatem sit vel. Molestiae nulla maxime assumenda est amet eius. Aut velit dignissimos officiis voluptate ea. Et ducimus illo neque optio dolore.', 0, 0, '2011-05-26 05:28:15');
INSERT INTO `messages` (`id`, `from_user_id`, `to_user_id`, `body`, `is_important`, `is_delivered`, `created_at`) VALUES (145, 45, 45, 'Debitis velit sint iste esse molestiae nulla. Dolorum aut alias quos sed ut. Voluptatem nulla beatae commodi qui dolorem labore suscipit.', 1, 1, '2002-06-29 16:29:25');
INSERT INTO `messages` (`id`, `from_user_id`, `to_user_id`, `body`, `is_important`, `is_delivered`, `created_at`) VALUES (146, 46, 46, 'Soluta facere cupiditate doloribus. Commodi deleniti et quo doloremque vitae repudiandae incidunt maxime. Esse quis quia velit et molestiae nam.', 0, 0, '2007-09-04 22:00:33');
INSERT INTO `messages` (`id`, `from_user_id`, `to_user_id`, `body`, `is_important`, `is_delivered`, `created_at`) VALUES (147, 47, 47, 'Esse rerum harum molestias tempore at debitis. Minus atque earum et animi eaque. Voluptatem laudantium sit inventore voluptatem.', 1, 0, '1997-04-27 05:16:30');
INSERT INTO `messages` (`id`, `from_user_id`, `to_user_id`, `body`, `is_important`, `is_delivered`, `created_at`) VALUES (148, 48, 48, 'Est sunt quia quas et. Non in laudantium nulla quis voluptas. Qui recusandae et rem est et deserunt nostrum. Eligendi et consequatur cupiditate voluptas dolorum sed corporis.', 1, 1, '2008-08-24 10:58:13');
INSERT INTO `messages` (`id`, `from_user_id`, `to_user_id`, `body`, `is_important`, `is_delivered`, `created_at`) VALUES (149, 49, 49, 'Temporibus expedita non qui suscipit aut. Ipsa magnam ea libero sit quia id vel vel. Assumenda nisi sit animi repellat neque ea vitae. Sed vel numquam nihil qui ipsum. Consequatur dicta numquam nam ut.', 0, 0, '1996-08-16 10:42:59');
INSERT INTO `messages` (`id`, `from_user_id`, `to_user_id`, `body`, `is_important`, `is_delivered`, `created_at`) VALUES (150, 50, 50, 'Dolores et deserunt vero sunt est aut. Illo error omnis aperiam suscipit magnam.', 0, 1, '1981-02-23 19:53:12');
INSERT INTO `messages` (`id`, `from_user_id`, `to_user_id`, `body`, `is_important`, `is_delivered`, `created_at`) VALUES (151, 51, 51, 'Praesentium laudantium ut facilis beatae ut. Quae tenetur iure corrupti ut. Sed voluptatum natus id natus perferendis in. Modi labore illum dolores aut rerum et animi.', 0, 0, '1984-08-08 09:31:55');
INSERT INTO `messages` (`id`, `from_user_id`, `to_user_id`, `body`, `is_important`, `is_delivered`, `created_at`) VALUES (152, 52, 52, 'Dolores architecto esse ea eaque aperiam. Repudiandae omnis omnis consequatur voluptatem adipisci illo. Dolorum culpa est voluptatibus.', 0, 0, '1982-02-07 05:58:46');
INSERT INTO `messages` (`id`, `from_user_id`, `to_user_id`, `body`, `is_important`, `is_delivered`, `created_at`) VALUES (153, 53, 53, 'Omnis reprehenderit velit fugit occaecati. Deserunt ex saepe itaque fugit excepturi labore explicabo non. Maiores laudantium quae sequi sint dolores quasi qui aut. Nemo adipisci fugit totam at.', 0, 1, '2013-08-22 10:21:41');
INSERT INTO `messages` (`id`, `from_user_id`, `to_user_id`, `body`, `is_important`, `is_delivered`, `created_at`) VALUES (154, 54, 54, 'Ipsam doloremque explicabo vitae quia architecto asperiores. Nostrum magni aspernatur est aut. Exercitationem nobis ut sit nisi perferendis eos qui.', 1, 0, '1970-01-26 03:04:36');
INSERT INTO `messages` (`id`, `from_user_id`, `to_user_id`, `body`, `is_important`, `is_delivered`, `created_at`) VALUES (155, 55, 55, 'Quibusdam natus ab exercitationem et. Corrupti ut sapiente ut tempora libero. Omnis quia sit eum consequuntur ut. Atque repudiandae harum et nesciunt aut.', 0, 1, '1973-05-26 23:19:04');
INSERT INTO `messages` (`id`, `from_user_id`, `to_user_id`, `body`, `is_important`, `is_delivered`, `created_at`) VALUES (156, 56, 56, 'Ut expedita eos omnis aspernatur. Pariatur maxime unde temporibus et minima voluptatem debitis. Eos iste consequatur eligendi vitae nemo sunt. Soluta iusto consequatur ducimus magnam voluptatibus blanditiis.', 1, 1, '1972-10-10 20:36:19');
INSERT INTO `messages` (`id`, `from_user_id`, `to_user_id`, `body`, `is_important`, `is_delivered`, `created_at`) VALUES (157, 57, 57, 'Sit quia ipsa quia qui amet voluptatibus. Consequuntur minima cum id itaque. Ipsam autem vitae occaecati voluptas alias amet. Voluptas consequatur ut dolor quibusdam. Laboriosam labore nemo pariatur illo sit et dolore quia.', 0, 0, '1988-04-23 02:56:16');
INSERT INTO `messages` (`id`, `from_user_id`, `to_user_id`, `body`, `is_important`, `is_delivered`, `created_at`) VALUES (158, 58, 58, 'Possimus et qui illo rerum. Aut eius a et corporis et in eligendi. Doloremque eos placeat ut commodi itaque. Voluptatem vero modi rerum provident praesentium voluptatem.', 0, 1, '2013-04-21 02:03:59');
INSERT INTO `messages` (`id`, `from_user_id`, `to_user_id`, `body`, `is_important`, `is_delivered`, `created_at`) VALUES (159, 59, 59, 'Impedit voluptatem voluptatem est. Voluptas distinctio dicta enim et deserunt. Animi rerum voluptas in non. Quas repudiandae ad minima fugiat alias aut. Quo et dolores rerum autem cum laboriosam.', 1, 0, '1979-04-05 12:59:26');
INSERT INTO `messages` (`id`, `from_user_id`, `to_user_id`, `body`, `is_important`, `is_delivered`, `created_at`) VALUES (160, 60, 60, 'Cum eos cum harum et et. Veniam et dolores laudantium aut similique qui. Aspernatur nesciunt mollitia aut. Commodi et praesentium quisquam ex et ipsa consequatur.', 0, 1, '1996-03-20 03:40:00');
INSERT INTO `messages` (`id`, `from_user_id`, `to_user_id`, `body`, `is_important`, `is_delivered`, `created_at`) VALUES (161, 61, 61, 'Qui incidunt et explicabo voluptatibus tenetur. Voluptatum dolores quibusdam pariatur quas asperiores ab neque. Optio excepturi delectus eum adipisci praesentium cupiditate.', 1, 1, '2007-06-13 00:25:32');
INSERT INTO `messages` (`id`, `from_user_id`, `to_user_id`, `body`, `is_important`, `is_delivered`, `created_at`) VALUES (162, 62, 62, 'Quia laborum non eaque amet pariatur optio. Sunt qui et ab enim mollitia quia iure. Aut totam vel recusandae maiores et aut. Et possimus nihil nostrum illo.', 0, 1, '1970-05-15 00:07:25');
INSERT INTO `messages` (`id`, `from_user_id`, `to_user_id`, `body`, `is_important`, `is_delivered`, `created_at`) VALUES (163, 63, 63, 'Qui qui illum ad. Non neque unde quos nulla dolores. Numquam sit numquam officia dolores soluta in illum. Est eveniet repellendus facere repellendus minus vel.', 1, 0, '1993-10-27 02:30:31');
INSERT INTO `messages` (`id`, `from_user_id`, `to_user_id`, `body`, `is_important`, `is_delivered`, `created_at`) VALUES (164, 64, 64, 'Quia placeat nihil et praesentium doloribus. Beatae voluptas impedit id earum. Odit sit recusandae magni natus architecto maiores. Perferendis id velit id tenetur omnis error.', 1, 1, '1989-07-24 17:34:46');
INSERT INTO `messages` (`id`, `from_user_id`, `to_user_id`, `body`, `is_important`, `is_delivered`, `created_at`) VALUES (165, 65, 65, 'Laborum consequatur autem non dolores omnis itaque laudantium et. Qui ut eaque aut dolorem facere quibusdam odio autem. Laudantium commodi minima veniam nobis voluptatem optio. Ea nulla perferendis vel debitis reprehenderit veniam dolores dolores.', 0, 1, '1979-01-01 07:57:10');
INSERT INTO `messages` (`id`, `from_user_id`, `to_user_id`, `body`, `is_important`, `is_delivered`, `created_at`) VALUES (166, 66, 66, 'Similique et sapiente qui deserunt modi minima. Incidunt accusamus totam aut. Officiis expedita ut eum consequatur qui occaecati.', 0, 0, '1970-02-18 02:17:55');
INSERT INTO `messages` (`id`, `from_user_id`, `to_user_id`, `body`, `is_important`, `is_delivered`, `created_at`) VALUES (167, 67, 67, 'Adipisci aut unde pariatur. Dignissimos velit quia et eos ea aut. Nostrum voluptas porro velit non et ut. Quo explicabo quia provident beatae aut molestiae consequatur.', 1, 0, '2002-04-19 10:55:27');
INSERT INTO `messages` (`id`, `from_user_id`, `to_user_id`, `body`, `is_important`, `is_delivered`, `created_at`) VALUES (168, 68, 68, 'Vitae esse voluptas maxime maiores. Ut non expedita dolore ea vel tempore.', 0, 0, '2015-03-16 12:48:47');
INSERT INTO `messages` (`id`, `from_user_id`, `to_user_id`, `body`, `is_important`, `is_delivered`, `created_at`) VALUES (169, 69, 69, 'Laboriosam repellendus incidunt nesciunt molestiae. Aut quis maxime dolorem. Maiores est sit consectetur quia totam. Magni cumque quae ipsa ut dignissimos eveniet.', 0, 0, '1980-10-13 04:09:08');
INSERT INTO `messages` (`id`, `from_user_id`, `to_user_id`, `body`, `is_important`, `is_delivered`, `created_at`) VALUES (170, 70, 70, 'Aut labore quis aut temporibus. Vitae quaerat id qui consequuntur. Qui excepturi laborum numquam qui tenetur laborum odio. Voluptate est est voluptatum consequatur eveniet.', 1, 0, '2002-01-30 05:11:45');
INSERT INTO `messages` (`id`, `from_user_id`, `to_user_id`, `body`, `is_important`, `is_delivered`, `created_at`) VALUES (171, 71, 71, 'Itaque tenetur in pariatur aut ea sit. Voluptas libero facere ut ex tenetur sint aliquam quibusdam. Earum perferendis error sed quisquam dolor. Amet aut excepturi est voluptatem aut.', 1, 1, '1994-02-28 13:57:06');
INSERT INTO `messages` (`id`, `from_user_id`, `to_user_id`, `body`, `is_important`, `is_delivered`, `created_at`) VALUES (172, 72, 72, 'Id autem explicabo laboriosam et sed autem qui. Illo quibusdam amet tempore est fugit deleniti quia.', 0, 0, '1984-06-19 21:54:27');
INSERT INTO `messages` (`id`, `from_user_id`, `to_user_id`, `body`, `is_important`, `is_delivered`, `created_at`) VALUES (173, 73, 73, 'Ut alias ab placeat mollitia dolor impedit. Qui soluta libero a aliquid. Veritatis aut corrupti fuga deserunt iste.', 0, 0, '2002-03-02 13:38:10');
INSERT INTO `messages` (`id`, `from_user_id`, `to_user_id`, `body`, `is_important`, `is_delivered`, `created_at`) VALUES (174, 74, 74, 'Est velit illo et quo cum quibusdam. Et aspernatur eius voluptas accusamus iusto accusantium. Omnis dolorem quis sint. Molestiae odio reprehenderit omnis fugit odio voluptas.', 1, 1, '2000-10-25 17:38:04');
INSERT INTO `messages` (`id`, `from_user_id`, `to_user_id`, `body`, `is_important`, `is_delivered`, `created_at`) VALUES (175, 75, 75, 'Ad veritatis ullam impedit unde iusto voluptas non. Harum veniam dolores omnis soluta aut. Sed dolores vero assumenda sit itaque quis dolor. Quis quos eos consequuntur eum similique possimus delectus.', 0, 0, '1999-02-06 14:58:43');
INSERT INTO `messages` (`id`, `from_user_id`, `to_user_id`, `body`, `is_important`, `is_delivered`, `created_at`) VALUES (176, 76, 76, 'Et adipisci ut accusamus. Labore non excepturi illum. Natus earum ut consequuntur esse corporis molestiae voluptas. Voluptatum aut quia facilis illo.', 0, 1, '1987-10-30 07:56:32');
INSERT INTO `messages` (`id`, `from_user_id`, `to_user_id`, `body`, `is_important`, `is_delivered`, `created_at`) VALUES (177, 77, 77, 'Nihil cum impedit maiores nihil. Magni voluptates et hic dolor est. Quibusdam maxime qui molestiae cum.', 0, 0, '1993-05-28 12:37:13');
INSERT INTO `messages` (`id`, `from_user_id`, `to_user_id`, `body`, `is_important`, `is_delivered`, `created_at`) VALUES (178, 78, 78, 'Nihil nemo distinctio officia. Tenetur et non quia. Sapiente nihil omnis et. Officia et autem ea possimus vel voluptatem.', 0, 1, '2005-07-16 09:31:14');
INSERT INTO `messages` (`id`, `from_user_id`, `to_user_id`, `body`, `is_important`, `is_delivered`, `created_at`) VALUES (179, 79, 79, 'Maiores et molestiae optio fuga qui quos. Quas nesciunt et qui vitae necessitatibus qui. Dignissimos quaerat modi corrupti repudiandae.', 1, 0, '1972-07-05 23:07:29');
INSERT INTO `messages` (`id`, `from_user_id`, `to_user_id`, `body`, `is_important`, `is_delivered`, `created_at`) VALUES (180, 80, 80, 'Facilis aliquid est sit nam ut autem. Qui fugit enim repellendus labore eligendi possimus natus. Eum et deleniti nesciunt ipsa.', 0, 1, '2001-04-07 16:37:52');
INSERT INTO `messages` (`id`, `from_user_id`, `to_user_id`, `body`, `is_important`, `is_delivered`, `created_at`) VALUES (181, 81, 81, 'Ullam cumque error quae consequatur quia repellat aliquid. Est iste recusandae saepe praesentium. Nostrum molestias dicta porro voluptatem quia.', 1, 1, '2012-04-15 07:14:23');
INSERT INTO `messages` (`id`, `from_user_id`, `to_user_id`, `body`, `is_important`, `is_delivered`, `created_at`) VALUES (182, 82, 82, 'Impedit rerum autem reiciendis ut dolorem. Suscipit earum commodi quod. Aperiam animi inventore quis ipsa. Id possimus molestias facilis perferendis. Accusamus doloribus temporibus fugit qui omnis libero.', 0, 0, '1971-03-02 18:59:02');
INSERT INTO `messages` (`id`, `from_user_id`, `to_user_id`, `body`, `is_important`, `is_delivered`, `created_at`) VALUES (183, 83, 83, 'Sit et rerum ratione voluptatibus. Unde blanditiis quam sit qui asperiores officia. Et quia animi deleniti in sunt tempore cumque. Dolorem rem non praesentium maiores repellat ea maiores.', 1, 0, '1997-04-25 05:40:35');
INSERT INTO `messages` (`id`, `from_user_id`, `to_user_id`, `body`, `is_important`, `is_delivered`, `created_at`) VALUES (184, 84, 84, 'Possimus eum officiis nostrum temporibus quos mollitia. Consequatur in aperiam et voluptatem.', 1, 0, '1992-01-25 16:25:52');
INSERT INTO `messages` (`id`, `from_user_id`, `to_user_id`, `body`, `is_important`, `is_delivered`, `created_at`) VALUES (185, 85, 85, 'Illo delectus quia tenetur mollitia ducimus. Voluptas facilis voluptatem maxime ut illo. Nemo animi eligendi et quo nam incidunt. Et fugiat commodi porro repudiandae veritatis eius odit.', 1, 1, '2019-12-30 20:15:28');
INSERT INTO `messages` (`id`, `from_user_id`, `to_user_id`, `body`, `is_important`, `is_delivered`, `created_at`) VALUES (186, 86, 86, 'Est vero est rerum repellat sint cupiditate quam. Sequi quod omnis et assumenda doloremque tempore eum. Praesentium vitae earum debitis dolore distinctio consequuntur. Qui quidem reprehenderit accusantium mollitia possimus est.', 0, 1, '2013-10-03 21:01:36');
INSERT INTO `messages` (`id`, `from_user_id`, `to_user_id`, `body`, `is_important`, `is_delivered`, `created_at`) VALUES (187, 87, 87, 'Est quia quis maxime odit doloribus fuga ad. Fugiat suscipit cupiditate exercitationem ut. Maiores praesentium quidem vero corporis. Ut et beatae ut illum.', 0, 1, '1971-07-04 02:13:36');
INSERT INTO `messages` (`id`, `from_user_id`, `to_user_id`, `body`, `is_important`, `is_delivered`, `created_at`) VALUES (188, 88, 88, 'Nobis esse qui inventore ipsum rerum. Provident vitae nam rerum sit maiores in laborum. Numquam consequatur mollitia et provident magnam omnis. Magni occaecati temporibus rerum aut dolore.', 0, 0, '1989-03-23 13:59:38');
INSERT INTO `messages` (`id`, `from_user_id`, `to_user_id`, `body`, `is_important`, `is_delivered`, `created_at`) VALUES (189, 89, 89, 'Ratione tempore iure ipsa vitae rerum. Voluptas deleniti facere exercitationem veritatis culpa voluptatem illo.', 1, 1, '1999-12-11 10:45:16');
INSERT INTO `messages` (`id`, `from_user_id`, `to_user_id`, `body`, `is_important`, `is_delivered`, `created_at`) VALUES (190, 90, 90, 'Dolorum eaque ut doloribus quas. Rerum et officia deserunt maxime magnam et quia. Nulla similique sapiente rem non provident modi atque. Cupiditate accusantium ut voluptates ut consequatur voluptatem sit et.', 0, 0, '2018-10-31 04:53:13');
INSERT INTO `messages` (`id`, `from_user_id`, `to_user_id`, `body`, `is_important`, `is_delivered`, `created_at`) VALUES (191, 91, 91, 'Laboriosam est est ut id reiciendis facere. Perspiciatis cumque id minima ullam. Veniam illo autem nihil porro et fugiat sunt.', 1, 0, '1989-09-15 09:29:26');
INSERT INTO `messages` (`id`, `from_user_id`, `to_user_id`, `body`, `is_important`, `is_delivered`, `created_at`) VALUES (192, 92, 92, 'Sed et sit at. Quia dolore sunt et. Consequatur tenetur aliquam maxime ea modi aliquid incidunt.', 0, 1, '1977-08-23 13:46:15');
INSERT INTO `messages` (`id`, `from_user_id`, `to_user_id`, `body`, `is_important`, `is_delivered`, `created_at`) VALUES (193, 93, 93, 'Voluptas dolore qui assumenda. Earum alias officia nihil quaerat incidunt mollitia est. Harum aut facere ut quae et quia et. Dolores explicabo molestiae commodi eos ipsum.', 0, 1, '1981-11-09 13:22:58');
INSERT INTO `messages` (`id`, `from_user_id`, `to_user_id`, `body`, `is_important`, `is_delivered`, `created_at`) VALUES (194, 94, 94, 'Est nemo officia quasi reiciendis molestiae consequatur. Facere sit officiis ad necessitatibus assumenda dolorem quidem. Minima voluptatem eaque debitis maiores. Tempora quaerat sunt dolores iusto voluptas eum fugiat debitis.', 0, 1, '2018-03-21 03:30:22');
INSERT INTO `messages` (`id`, `from_user_id`, `to_user_id`, `body`, `is_important`, `is_delivered`, `created_at`) VALUES (195, 95, 95, 'Aut ducimus ut dolores est dolores rerum sint. Et suscipit reiciendis nulla doloremque eaque quibusdam consectetur. Quia sed id est excepturi soluta.', 0, 1, '1991-01-10 14:16:39');
INSERT INTO `messages` (`id`, `from_user_id`, `to_user_id`, `body`, `is_important`, `is_delivered`, `created_at`) VALUES (196, 96, 96, 'Cum tempore possimus et dolor et dolorem. Libero et ab ut aut labore dolorem. Sed reprehenderit ad et.', 0, 0, '1983-07-04 15:38:11');
INSERT INTO `messages` (`id`, `from_user_id`, `to_user_id`, `body`, `is_important`, `is_delivered`, `created_at`) VALUES (197, 97, 97, 'Est omnis amet numquam animi nemo eum. Est amet deserunt mollitia. Harum ipsam laboriosam sit sapiente perspiciatis.', 1, 0, '1970-07-05 10:51:53');
INSERT INTO `messages` (`id`, `from_user_id`, `to_user_id`, `body`, `is_important`, `is_delivered`, `created_at`) VALUES (198, 98, 98, 'Amet quia veniam et suscipit praesentium vero reiciendis maiores. Architecto minima enim blanditiis hic minus. Aut veniam vitae quo sint dolores.', 0, 1, '1978-05-14 20:40:33');
INSERT INTO `messages` (`id`, `from_user_id`, `to_user_id`, `body`, `is_important`, `is_delivered`, `created_at`) VALUES (199, 99, 99, 'Quas quos est omnis omnis cumque fuga reiciendis. Et est et libero et quia qui ut ipsum. Quasi provident qui ut tempora et.', 0, 1, '1983-05-30 19:39:15');
INSERT INTO `messages` (`id`, `from_user_id`, `to_user_id`, `body`, `is_important`, `is_delivered`, `created_at`) VALUES (200, 100, 100, 'Quaerat non velit velit qui voluptatum. Voluptas adipisci est totam consectetur. Cumque esse fugiat atque ut quasi ut.', 0, 0, '1992-03-05 10:05:02');


#
# TABLE STRUCTURE FOR: orders
#

DROP TABLE IF EXISTS `orders`;

CREATE TABLE `orders` (
  `id` int(10) unsigned NOT NULL AUTO_INCREMENT,
  `user_id` int(10) unsigned NOT NULL,
  `created_at` datetime DEFAULT current_timestamp(),
  `updated_at` datetime DEFAULT current_timestamp() ON UPDATE current_timestamp(),
  PRIMARY KEY (`id`),
  KEY `index_of_user_id` (`user_id`),
  CONSTRAINT `orders_ibfk_1` FOREIGN KEY (`user_id`) REFERENCES `users` (`id`)
) ENGINE=InnoDB AUTO_INCREMENT=51 DEFAULT CHARSET=utf8 COLLATE=utf8_unicode_ci COMMENT='Заказы';

INSERT INTO `orders` (`id`, `user_id`, `created_at`, `updated_at`) VALUES (1, 1, '2004-10-11 03:33:41', '2011-04-30 14:44:52');
INSERT INTO `orders` (`id`, `user_id`, `created_at`, `updated_at`) VALUES (2, 2, '2010-01-31 08:24:27', '2016-04-29 06:20:20');
INSERT INTO `orders` (`id`, `user_id`, `created_at`, `updated_at`) VALUES (3, 3, '1981-03-11 09:13:58', '2002-04-10 05:40:20');
INSERT INTO `orders` (`id`, `user_id`, `created_at`, `updated_at`) VALUES (4, 4, '2012-02-17 20:26:15', '2014-10-09 18:10:57');
INSERT INTO `orders` (`id`, `user_id`, `created_at`, `updated_at`) VALUES (5, 5, '2007-07-16 17:29:16', '2019-02-04 04:22:51');
INSERT INTO `orders` (`id`, `user_id`, `created_at`, `updated_at`) VALUES (6, 6, '2017-09-24 12:22:34', '1977-09-03 15:23:49');
INSERT INTO `orders` (`id`, `user_id`, `created_at`, `updated_at`) VALUES (7, 7, '1974-07-05 02:48:41', '2003-10-14 11:35:39');
INSERT INTO `orders` (`id`, `user_id`, `created_at`, `updated_at`) VALUES (8, 8, '1996-04-22 07:57:37', '1986-02-15 18:04:16');
INSERT INTO `orders` (`id`, `user_id`, `created_at`, `updated_at`) VALUES (9, 9, '2000-02-18 00:03:47', '2007-02-28 22:58:27');
INSERT INTO `orders` (`id`, `user_id`, `created_at`, `updated_at`) VALUES (10, 10, '2013-05-25 00:16:03', '1984-05-22 07:03:16');
INSERT INTO `orders` (`id`, `user_id`, `created_at`, `updated_at`) VALUES (11, 11, '1999-04-01 00:56:18', '2013-11-16 17:28:10');
INSERT INTO `orders` (`id`, `user_id`, `created_at`, `updated_at`) VALUES (12, 12, '2011-05-24 05:45:55', '1997-09-09 14:58:00');
INSERT INTO `orders` (`id`, `user_id`, `created_at`, `updated_at`) VALUES (13, 13, '1980-07-25 13:13:08', '1983-07-25 06:42:11');
INSERT INTO `orders` (`id`, `user_id`, `created_at`, `updated_at`) VALUES (14, 14, '2012-04-11 11:49:48', '1992-10-06 14:13:04');
INSERT INTO `orders` (`id`, `user_id`, `created_at`, `updated_at`) VALUES (15, 15, '1999-01-26 23:28:00', '1997-12-28 20:32:18');
INSERT INTO `orders` (`id`, `user_id`, `created_at`, `updated_at`) VALUES (16, 16, '1971-01-13 01:33:17', '1995-10-07 00:34:46');
INSERT INTO `orders` (`id`, `user_id`, `created_at`, `updated_at`) VALUES (17, 17, '2004-01-19 03:55:18', '2011-12-24 18:13:50');
INSERT INTO `orders` (`id`, `user_id`, `created_at`, `updated_at`) VALUES (18, 18, '2009-08-06 11:33:26', '2007-02-28 09:46:58');
INSERT INTO `orders` (`id`, `user_id`, `created_at`, `updated_at`) VALUES (19, 19, '1992-11-17 01:18:09', '1983-02-09 14:06:36');
INSERT INTO `orders` (`id`, `user_id`, `created_at`, `updated_at`) VALUES (20, 20, '1970-10-09 22:55:55', '1988-08-13 08:46:16');
INSERT INTO `orders` (`id`, `user_id`, `created_at`, `updated_at`) VALUES (21, 21, '1981-08-30 14:27:16', '2009-01-31 21:36:10');
INSERT INTO `orders` (`id`, `user_id`, `created_at`, `updated_at`) VALUES (22, 22, '2014-05-31 09:56:16', '2019-08-26 06:40:12');
INSERT INTO `orders` (`id`, `user_id`, `created_at`, `updated_at`) VALUES (23, 23, '2015-01-26 12:51:19', '2013-08-16 18:14:29');
INSERT INTO `orders` (`id`, `user_id`, `created_at`, `updated_at`) VALUES (24, 24, '2006-10-05 12:16:28', '2004-04-04 17:50:03');
INSERT INTO `orders` (`id`, `user_id`, `created_at`, `updated_at`) VALUES (25, 25, '1993-11-14 22:29:57', '1994-08-28 01:41:23');
INSERT INTO `orders` (`id`, `user_id`, `created_at`, `updated_at`) VALUES (26, 26, '1979-09-15 09:25:06', '2010-09-11 06:37:08');
INSERT INTO `orders` (`id`, `user_id`, `created_at`, `updated_at`) VALUES (27, 27, '2010-05-02 01:31:46', '2015-09-17 07:53:33');
INSERT INTO `orders` (`id`, `user_id`, `created_at`, `updated_at`) VALUES (28, 28, '2000-04-04 13:47:27', '1996-12-27 11:50:10');
INSERT INTO `orders` (`id`, `user_id`, `created_at`, `updated_at`) VALUES (29, 29, '1985-05-15 11:22:29', '1983-04-08 04:15:19');
INSERT INTO `orders` (`id`, `user_id`, `created_at`, `updated_at`) VALUES (30, 30, '1989-08-25 17:03:16', '1993-06-27 13:31:47');
INSERT INTO `orders` (`id`, `user_id`, `created_at`, `updated_at`) VALUES (31, 31, '1973-06-18 00:13:33', '1993-08-09 00:38:35');
INSERT INTO `orders` (`id`, `user_id`, `created_at`, `updated_at`) VALUES (32, 32, '1979-03-08 02:00:54', '1983-11-16 15:37:33');
INSERT INTO `orders` (`id`, `user_id`, `created_at`, `updated_at`) VALUES (33, 33, '1987-06-30 13:28:50', '1996-09-03 13:04:57');
INSERT INTO `orders` (`id`, `user_id`, `created_at`, `updated_at`) VALUES (34, 34, '2017-05-10 23:39:59', '1985-12-15 17:48:02');
INSERT INTO `orders` (`id`, `user_id`, `created_at`, `updated_at`) VALUES (35, 35, '2007-08-28 06:35:12', '2010-12-09 19:39:36');
INSERT INTO `orders` (`id`, `user_id`, `created_at`, `updated_at`) VALUES (36, 36, '2002-06-22 02:22:22', '2016-01-28 03:25:41');
INSERT INTO `orders` (`id`, `user_id`, `created_at`, `updated_at`) VALUES (37, 37, '1970-11-04 21:46:26', '2000-06-20 07:49:23');
INSERT INTO `orders` (`id`, `user_id`, `created_at`, `updated_at`) VALUES (38, 38, '2008-08-27 10:04:35', '1983-07-11 22:44:10');
INSERT INTO `orders` (`id`, `user_id`, `created_at`, `updated_at`) VALUES (39, 39, '2016-05-09 23:19:52', '1993-09-30 05:12:08');
INSERT INTO `orders` (`id`, `user_id`, `created_at`, `updated_at`) VALUES (40, 40, '2008-04-14 18:18:39', '2013-07-14 09:20:10');
INSERT INTO `orders` (`id`, `user_id`, `created_at`, `updated_at`) VALUES (41, 41, '1974-02-23 20:38:57', '2012-12-30 06:52:40');
INSERT INTO `orders` (`id`, `user_id`, `created_at`, `updated_at`) VALUES (42, 42, '2005-10-21 04:12:18', '1975-04-07 14:37:51');
INSERT INTO `orders` (`id`, `user_id`, `created_at`, `updated_at`) VALUES (43, 43, '1977-01-15 10:36:40', '2005-06-17 10:02:16');
INSERT INTO `orders` (`id`, `user_id`, `created_at`, `updated_at`) VALUES (44, 44, '2019-07-10 09:43:53', '1979-07-08 21:46:33');
INSERT INTO `orders` (`id`, `user_id`, `created_at`, `updated_at`) VALUES (45, 45, '2015-01-27 21:57:54', '1994-09-10 09:11:58');
INSERT INTO `orders` (`id`, `user_id`, `created_at`, `updated_at`) VALUES (46, 46, '2017-11-11 11:03:20', '1994-09-13 19:48:23');
INSERT INTO `orders` (`id`, `user_id`, `created_at`, `updated_at`) VALUES (47, 47, '2018-10-01 23:43:59', '2007-06-16 16:58:46');
INSERT INTO `orders` (`id`, `user_id`, `created_at`, `updated_at`) VALUES (48, 48, '2010-10-15 22:52:08', '1979-12-14 10:58:41');
INSERT INTO `orders` (`id`, `user_id`, `created_at`, `updated_at`) VALUES (49, 49, '1979-02-27 19:46:59', '1977-07-08 00:10:52');
INSERT INTO `orders` (`id`, `user_id`, `created_at`, `updated_at`) VALUES (50, 50, '1975-06-30 15:35:29', '1995-08-07 08:50:12');


#
# TABLE STRUCTURE FOR: orders_products
#

DROP TABLE IF EXISTS `orders_products`;

CREATE TABLE `orders_products` (
  `id` int(10) unsigned NOT NULL AUTO_INCREMENT,
  `order_id` int(10) unsigned DEFAULT NULL,
  `product_id` int(10) unsigned DEFAULT NULL,
  `total` int(10) unsigned DEFAULT 1 COMMENT 'Количество заказанных товарных позиций',
  `created_at` datetime DEFAULT current_timestamp(),
  `updated_at` datetime DEFAULT current_timestamp() ON UPDATE current_timestamp(),
  PRIMARY KEY (`id`),
  KEY `order_id` (`order_id`),
  KEY `product_id` (`product_id`),
  CONSTRAINT `orders_products_ibfk_1` FOREIGN KEY (`order_id`) REFERENCES `orders` (`id`),
  CONSTRAINT `orders_products_ibfk_2` FOREIGN KEY (`product_id`) REFERENCES `products` (`id`)
) ENGINE=InnoDB AUTO_INCREMENT=201 DEFAULT CHARSET=utf8 COLLATE=utf8_unicode_ci COMMENT='Состав заказа';

INSERT INTO `orders_products` (`id`, `order_id`, `product_id`, `total`, `created_at`, `updated_at`) VALUES (1, 1, 1, 10, '1990-12-02 16:46:21', '1983-04-10 20:33:50');
INSERT INTO `orders_products` (`id`, `order_id`, `product_id`, `total`, `created_at`, `updated_at`) VALUES (2, 2, 2, 2, '2011-12-12 05:59:22', '2002-03-15 21:03:26');
INSERT INTO `orders_products` (`id`, `order_id`, `product_id`, `total`, `created_at`, `updated_at`) VALUES (3, 3, 3, 1, '1973-05-01 09:43:11', '2011-06-26 23:04:35');
INSERT INTO `orders_products` (`id`, `order_id`, `product_id`, `total`, `created_at`, `updated_at`) VALUES (4, 4, 4, 3, '2004-07-11 10:22:57', '1972-11-11 18:25:09');
INSERT INTO `orders_products` (`id`, `order_id`, `product_id`, `total`, `created_at`, `updated_at`) VALUES (5, 5, 5, 2, '1995-09-23 03:29:47', '1981-03-24 22:54:38');
INSERT INTO `orders_products` (`id`, `order_id`, `product_id`, `total`, `created_at`, `updated_at`) VALUES (6, 6, 6, 8, '2001-11-13 04:37:09', '1992-02-09 01:41:30');
INSERT INTO `orders_products` (`id`, `order_id`, `product_id`, `total`, `created_at`, `updated_at`) VALUES (7, 7, 7, 10, '1992-07-15 09:24:39', '1984-11-04 00:49:46');
INSERT INTO `orders_products` (`id`, `order_id`, `product_id`, `total`, `created_at`, `updated_at`) VALUES (8, 8, 8, 7, '1970-08-26 09:02:13', '2018-08-18 14:35:53');
INSERT INTO `orders_products` (`id`, `order_id`, `product_id`, `total`, `created_at`, `updated_at`) VALUES (9, 9, 9, 5, '1987-01-24 06:38:13', '1999-10-17 13:59:57');
INSERT INTO `orders_products` (`id`, `order_id`, `product_id`, `total`, `created_at`, `updated_at`) VALUES (10, 10, 10, 6, '2011-09-07 14:50:27', '1977-07-23 10:05:42');
INSERT INTO `orders_products` (`id`, `order_id`, `product_id`, `total`, `created_at`, `updated_at`) VALUES (11, 11, 11, 5, '1985-11-25 14:08:44', '2002-08-13 12:00:19');
INSERT INTO `orders_products` (`id`, `order_id`, `product_id`, `total`, `created_at`, `updated_at`) VALUES (12, 12, 12, 3, '1997-12-04 08:16:24', '2016-01-25 15:52:57');
INSERT INTO `orders_products` (`id`, `order_id`, `product_id`, `total`, `created_at`, `updated_at`) VALUES (13, 13, 13, 6, '2019-11-05 10:01:49', '1990-07-26 10:17:03');
INSERT INTO `orders_products` (`id`, `order_id`, `product_id`, `total`, `created_at`, `updated_at`) VALUES (14, 14, 14, 3, '2008-01-29 02:14:27', '1986-06-05 23:19:27');
INSERT INTO `orders_products` (`id`, `order_id`, `product_id`, `total`, `created_at`, `updated_at`) VALUES (15, 15, 15, 8, '1991-06-03 04:09:00', '1976-02-03 19:16:40');
INSERT INTO `orders_products` (`id`, `order_id`, `product_id`, `total`, `created_at`, `updated_at`) VALUES (16, 16, 16, 10, '2014-01-13 15:05:59', '2011-04-29 05:43:09');
INSERT INTO `orders_products` (`id`, `order_id`, `product_id`, `total`, `created_at`, `updated_at`) VALUES (17, 17, 17, 7, '1997-03-12 07:45:56', '1975-10-23 08:17:53');
INSERT INTO `orders_products` (`id`, `order_id`, `product_id`, `total`, `created_at`, `updated_at`) VALUES (18, 18, 18, 4, '1973-06-10 12:54:22', '2003-04-15 11:31:19');
INSERT INTO `orders_products` (`id`, `order_id`, `product_id`, `total`, `created_at`, `updated_at`) VALUES (19, 19, 19, 3, '1984-05-02 09:42:43', '2003-08-18 16:31:50');
INSERT INTO `orders_products` (`id`, `order_id`, `product_id`, `total`, `created_at`, `updated_at`) VALUES (20, 20, 20, 5, '2018-06-26 21:20:06', '2003-02-12 08:24:49');
INSERT INTO `orders_products` (`id`, `order_id`, `product_id`, `total`, `created_at`, `updated_at`) VALUES (21, 21, 21, 7, '1987-05-10 01:32:04', '1979-09-21 05:49:08');
INSERT INTO `orders_products` (`id`, `order_id`, `product_id`, `total`, `created_at`, `updated_at`) VALUES (22, 22, 22, 4, '1991-04-02 00:30:58', '1978-04-26 13:15:55');
INSERT INTO `orders_products` (`id`, `order_id`, `product_id`, `total`, `created_at`, `updated_at`) VALUES (23, 23, 23, 6, '2011-04-28 23:32:59', '2015-10-10 17:24:02');
INSERT INTO `orders_products` (`id`, `order_id`, `product_id`, `total`, `created_at`, `updated_at`) VALUES (24, 24, 24, 10, '2011-11-29 11:24:10', '1984-10-03 07:17:27');
INSERT INTO `orders_products` (`id`, `order_id`, `product_id`, `total`, `created_at`, `updated_at`) VALUES (25, 25, 25, 5, '1977-02-22 08:06:06', '2009-03-08 16:28:44');
INSERT INTO `orders_products` (`id`, `order_id`, `product_id`, `total`, `created_at`, `updated_at`) VALUES (26, 26, 26, 7, '1996-04-27 15:46:41', '1985-07-23 00:28:38');
INSERT INTO `orders_products` (`id`, `order_id`, `product_id`, `total`, `created_at`, `updated_at`) VALUES (27, 27, 27, 2, '1986-03-07 23:26:43', '2018-08-01 17:30:25');
INSERT INTO `orders_products` (`id`, `order_id`, `product_id`, `total`, `created_at`, `updated_at`) VALUES (28, 28, 28, 3, '2011-03-17 23:53:44', '1991-11-26 05:01:15');
INSERT INTO `orders_products` (`id`, `order_id`, `product_id`, `total`, `created_at`, `updated_at`) VALUES (29, 29, 29, 2, '1972-04-23 07:40:22', '1985-09-22 17:49:49');
INSERT INTO `orders_products` (`id`, `order_id`, `product_id`, `total`, `created_at`, `updated_at`) VALUES (30, 30, 30, 3, '2002-02-23 07:28:07', '1994-12-18 12:45:42');
INSERT INTO `orders_products` (`id`, `order_id`, `product_id`, `total`, `created_at`, `updated_at`) VALUES (31, 31, 31, 3, '1994-07-05 12:00:22', '1989-11-29 01:03:13');
INSERT INTO `orders_products` (`id`, `order_id`, `product_id`, `total`, `created_at`, `updated_at`) VALUES (32, 32, 32, 2, '1985-03-12 07:54:40', '1987-08-31 15:37:52');
INSERT INTO `orders_products` (`id`, `order_id`, `product_id`, `total`, `created_at`, `updated_at`) VALUES (33, 33, 33, 10, '1977-01-09 15:22:09', '1983-08-26 15:07:02');
INSERT INTO `orders_products` (`id`, `order_id`, `product_id`, `total`, `created_at`, `updated_at`) VALUES (34, 34, 34, 7, '1990-04-12 05:20:52', '1983-10-14 14:07:57');
INSERT INTO `orders_products` (`id`, `order_id`, `product_id`, `total`, `created_at`, `updated_at`) VALUES (35, 35, 35, 4, '2018-11-29 02:03:07', '2005-01-28 06:25:41');
INSERT INTO `orders_products` (`id`, `order_id`, `product_id`, `total`, `created_at`, `updated_at`) VALUES (36, 36, 36, 10, '1979-11-04 15:55:21', '1976-04-01 23:30:50');
INSERT INTO `orders_products` (`id`, `order_id`, `product_id`, `total`, `created_at`, `updated_at`) VALUES (37, 37, 37, 7, '1996-05-10 12:52:22', '1985-07-03 05:50:15');
INSERT INTO `orders_products` (`id`, `order_id`, `product_id`, `total`, `created_at`, `updated_at`) VALUES (38, 38, 38, 2, '1988-02-05 10:33:30', '1985-02-14 06:22:56');
INSERT INTO `orders_products` (`id`, `order_id`, `product_id`, `total`, `created_at`, `updated_at`) VALUES (39, 39, 39, 8, '2001-12-12 01:04:13', '1972-06-03 10:29:11');
INSERT INTO `orders_products` (`id`, `order_id`, `product_id`, `total`, `created_at`, `updated_at`) VALUES (40, 40, 40, 6, '1981-03-31 13:02:17', '1992-10-01 19:08:52');
INSERT INTO `orders_products` (`id`, `order_id`, `product_id`, `total`, `created_at`, `updated_at`) VALUES (41, 41, 41, 8, '1978-03-24 23:15:10', '1970-06-04 18:03:28');
INSERT INTO `orders_products` (`id`, `order_id`, `product_id`, `total`, `created_at`, `updated_at`) VALUES (42, 42, 42, 3, '1985-07-01 00:02:26', '2017-12-31 17:49:36');
INSERT INTO `orders_products` (`id`, `order_id`, `product_id`, `total`, `created_at`, `updated_at`) VALUES (43, 43, 43, 7, '1995-11-28 14:55:48', '1976-12-03 15:42:38');
INSERT INTO `orders_products` (`id`, `order_id`, `product_id`, `total`, `created_at`, `updated_at`) VALUES (44, 44, 44, 8, '2004-01-30 13:11:53', '1995-03-27 17:01:23');
INSERT INTO `orders_products` (`id`, `order_id`, `product_id`, `total`, `created_at`, `updated_at`) VALUES (45, 45, 45, 10, '2000-07-27 03:09:49', '1974-01-24 14:53:13');
INSERT INTO `orders_products` (`id`, `order_id`, `product_id`, `total`, `created_at`, `updated_at`) VALUES (46, 46, 46, 9, '1976-08-04 22:29:09', '2004-08-14 17:17:05');
INSERT INTO `orders_products` (`id`, `order_id`, `product_id`, `total`, `created_at`, `updated_at`) VALUES (47, 47, 47, 3, '1984-05-18 04:59:36', '1998-05-10 14:46:27');
INSERT INTO `orders_products` (`id`, `order_id`, `product_id`, `total`, `created_at`, `updated_at`) VALUES (48, 48, 48, 2, '1987-02-07 06:19:45', '1999-06-18 17:24:08');
INSERT INTO `orders_products` (`id`, `order_id`, `product_id`, `total`, `created_at`, `updated_at`) VALUES (49, 49, 49, 4, '1987-06-26 14:14:10', '2000-10-08 22:56:35');
INSERT INTO `orders_products` (`id`, `order_id`, `product_id`, `total`, `created_at`, `updated_at`) VALUES (50, 50, 50, 3, '2015-05-28 11:12:42', '1973-08-28 23:55:57');
INSERT INTO `orders_products` (`id`, `order_id`, `product_id`, `total`, `created_at`, `updated_at`) VALUES (51, 1, 51, 9, '2015-10-19 11:01:06', '1983-06-28 23:55:45');
INSERT INTO `orders_products` (`id`, `order_id`, `product_id`, `total`, `created_at`, `updated_at`) VALUES (52, 2, 52, 6, '2011-03-08 03:00:02', '1985-05-12 07:17:41');
INSERT INTO `orders_products` (`id`, `order_id`, `product_id`, `total`, `created_at`, `updated_at`) VALUES (53, 3, 53, 8, '1984-11-18 03:50:30', '1994-04-02 21:19:13');
INSERT INTO `orders_products` (`id`, `order_id`, `product_id`, `total`, `created_at`, `updated_at`) VALUES (54, 4, 54, 10, '1978-11-06 14:14:17', '2016-10-30 04:38:08');
INSERT INTO `orders_products` (`id`, `order_id`, `product_id`, `total`, `created_at`, `updated_at`) VALUES (55, 5, 55, 5, '1997-06-10 09:01:15', '1983-10-31 20:01:56');
INSERT INTO `orders_products` (`id`, `order_id`, `product_id`, `total`, `created_at`, `updated_at`) VALUES (56, 6, 56, 7, '2017-11-14 02:28:57', '1973-03-23 03:16:43');
INSERT INTO `orders_products` (`id`, `order_id`, `product_id`, `total`, `created_at`, `updated_at`) VALUES (57, 7, 57, 8, '1983-01-21 09:46:00', '1982-01-28 00:30:30');
INSERT INTO `orders_products` (`id`, `order_id`, `product_id`, `total`, `created_at`, `updated_at`) VALUES (58, 8, 58, 1, '1999-11-12 22:44:37', '2009-09-20 23:33:16');
INSERT INTO `orders_products` (`id`, `order_id`, `product_id`, `total`, `created_at`, `updated_at`) VALUES (59, 9, 59, 5, '1979-06-10 04:26:28', '2007-10-16 16:51:52');
INSERT INTO `orders_products` (`id`, `order_id`, `product_id`, `total`, `created_at`, `updated_at`) VALUES (60, 10, 60, 9, '1974-08-20 23:38:57', '2003-05-20 10:59:19');
INSERT INTO `orders_products` (`id`, `order_id`, `product_id`, `total`, `created_at`, `updated_at`) VALUES (61, 11, 61, 7, '1982-02-23 20:58:13', '1996-10-09 09:38:25');
INSERT INTO `orders_products` (`id`, `order_id`, `product_id`, `total`, `created_at`, `updated_at`) VALUES (62, 12, 62, 7, '2014-01-19 19:17:58', '1996-04-20 09:41:20');
INSERT INTO `orders_products` (`id`, `order_id`, `product_id`, `total`, `created_at`, `updated_at`) VALUES (63, 13, 63, 3, '1975-07-08 17:38:19', '1986-12-31 17:40:58');
INSERT INTO `orders_products` (`id`, `order_id`, `product_id`, `total`, `created_at`, `updated_at`) VALUES (64, 14, 64, 7, '1990-09-27 11:25:17', '1984-03-19 16:40:24');
INSERT INTO `orders_products` (`id`, `order_id`, `product_id`, `total`, `created_at`, `updated_at`) VALUES (65, 15, 65, 5, '1973-01-04 09:11:28', '2019-12-05 11:50:51');
INSERT INTO `orders_products` (`id`, `order_id`, `product_id`, `total`, `created_at`, `updated_at`) VALUES (66, 16, 66, 6, '1982-04-02 15:35:17', '2012-01-16 12:30:24');
INSERT INTO `orders_products` (`id`, `order_id`, `product_id`, `total`, `created_at`, `updated_at`) VALUES (67, 17, 67, 1, '1994-03-20 19:40:46', '1981-06-08 11:05:29');
INSERT INTO `orders_products` (`id`, `order_id`, `product_id`, `total`, `created_at`, `updated_at`) VALUES (68, 18, 68, 1, '1978-06-17 01:57:11', '1983-11-08 23:49:17');
INSERT INTO `orders_products` (`id`, `order_id`, `product_id`, `total`, `created_at`, `updated_at`) VALUES (69, 19, 69, 6, '1980-02-27 01:28:47', '2017-05-16 08:36:25');
INSERT INTO `orders_products` (`id`, `order_id`, `product_id`, `total`, `created_at`, `updated_at`) VALUES (70, 20, 70, 7, '1998-07-15 23:53:24', '2008-05-26 08:37:14');
INSERT INTO `orders_products` (`id`, `order_id`, `product_id`, `total`, `created_at`, `updated_at`) VALUES (71, 21, 71, 1, '1989-10-22 08:56:01', '2009-09-04 21:51:34');
INSERT INTO `orders_products` (`id`, `order_id`, `product_id`, `total`, `created_at`, `updated_at`) VALUES (72, 22, 72, 2, '1996-05-06 12:13:08', '2019-11-25 10:55:06');
INSERT INTO `orders_products` (`id`, `order_id`, `product_id`, `total`, `created_at`, `updated_at`) VALUES (73, 23, 73, 10, '1979-06-12 15:14:30', '2008-05-16 09:38:25');
INSERT INTO `orders_products` (`id`, `order_id`, `product_id`, `total`, `created_at`, `updated_at`) VALUES (74, 24, 74, 4, '1998-03-25 18:48:11', '2002-11-07 04:39:06');
INSERT INTO `orders_products` (`id`, `order_id`, `product_id`, `total`, `created_at`, `updated_at`) VALUES (75, 25, 75, 8, '1994-11-04 11:51:59', '1976-10-13 17:06:41');
INSERT INTO `orders_products` (`id`, `order_id`, `product_id`, `total`, `created_at`, `updated_at`) VALUES (76, 26, 76, 10, '2001-12-20 04:46:52', '1974-04-19 09:53:29');
INSERT INTO `orders_products` (`id`, `order_id`, `product_id`, `total`, `created_at`, `updated_at`) VALUES (77, 27, 77, 5, '2016-09-02 22:09:54', '1983-12-25 07:35:59');
INSERT INTO `orders_products` (`id`, `order_id`, `product_id`, `total`, `created_at`, `updated_at`) VALUES (78, 28, 78, 3, '2014-08-03 00:04:15', '1970-02-01 12:58:40');
INSERT INTO `orders_products` (`id`, `order_id`, `product_id`, `total`, `created_at`, `updated_at`) VALUES (79, 29, 79, 1, '1974-03-28 13:56:16', '1993-05-18 15:48:32');
INSERT INTO `orders_products` (`id`, `order_id`, `product_id`, `total`, `created_at`, `updated_at`) VALUES (80, 30, 80, 9, '1970-05-02 16:06:51', '1997-04-22 18:56:24');
INSERT INTO `orders_products` (`id`, `order_id`, `product_id`, `total`, `created_at`, `updated_at`) VALUES (81, 31, 81, 1, '2008-04-28 12:36:31', '2005-11-20 01:46:32');
INSERT INTO `orders_products` (`id`, `order_id`, `product_id`, `total`, `created_at`, `updated_at`) VALUES (82, 32, 82, 8, '1973-12-08 06:24:33', '2003-08-10 18:05:32');
INSERT INTO `orders_products` (`id`, `order_id`, `product_id`, `total`, `created_at`, `updated_at`) VALUES (83, 33, 83, 4, '1984-03-12 05:09:50', '1992-03-01 16:54:59');
INSERT INTO `orders_products` (`id`, `order_id`, `product_id`, `total`, `created_at`, `updated_at`) VALUES (84, 34, 84, 1, '1999-06-07 23:56:36', '1994-01-10 17:53:08');
INSERT INTO `orders_products` (`id`, `order_id`, `product_id`, `total`, `created_at`, `updated_at`) VALUES (85, 35, 85, 1, '1972-11-25 18:37:38', '1985-04-12 04:31:44');
INSERT INTO `orders_products` (`id`, `order_id`, `product_id`, `total`, `created_at`, `updated_at`) VALUES (86, 36, 86, 5, '2003-11-06 05:41:21', '1999-04-05 04:17:59');
INSERT INTO `orders_products` (`id`, `order_id`, `product_id`, `total`, `created_at`, `updated_at`) VALUES (87, 37, 87, 9, '2013-03-24 01:02:13', '1978-10-26 02:01:35');
INSERT INTO `orders_products` (`id`, `order_id`, `product_id`, `total`, `created_at`, `updated_at`) VALUES (88, 38, 88, 9, '2001-08-16 02:47:23', '2018-01-11 19:23:57');
INSERT INTO `orders_products` (`id`, `order_id`, `product_id`, `total`, `created_at`, `updated_at`) VALUES (89, 39, 89, 6, '1987-10-29 23:07:05', '2012-02-15 10:08:15');
INSERT INTO `orders_products` (`id`, `order_id`, `product_id`, `total`, `created_at`, `updated_at`) VALUES (90, 40, 90, 4, '2006-10-24 17:39:59', '1999-12-30 13:27:43');
INSERT INTO `orders_products` (`id`, `order_id`, `product_id`, `total`, `created_at`, `updated_at`) VALUES (91, 41, 91, 6, '2012-06-14 23:47:37', '1991-05-16 03:56:19');
INSERT INTO `orders_products` (`id`, `order_id`, `product_id`, `total`, `created_at`, `updated_at`) VALUES (92, 42, 92, 5, '1989-11-26 16:19:18', '1994-02-11 17:28:40');
INSERT INTO `orders_products` (`id`, `order_id`, `product_id`, `total`, `created_at`, `updated_at`) VALUES (93, 43, 93, 3, '1992-05-22 11:37:09', '2010-10-22 11:11:46');
INSERT INTO `orders_products` (`id`, `order_id`, `product_id`, `total`, `created_at`, `updated_at`) VALUES (94, 44, 94, 4, '2006-07-13 03:23:58', '1973-02-03 19:36:36');
INSERT INTO `orders_products` (`id`, `order_id`, `product_id`, `total`, `created_at`, `updated_at`) VALUES (95, 45, 95, 9, '1987-05-29 06:30:19', '1974-02-03 10:38:00');
INSERT INTO `orders_products` (`id`, `order_id`, `product_id`, `total`, `created_at`, `updated_at`) VALUES (96, 46, 96, 4, '1992-06-08 00:36:12', '2000-10-28 08:18:09');
INSERT INTO `orders_products` (`id`, `order_id`, `product_id`, `total`, `created_at`, `updated_at`) VALUES (97, 47, 97, 9, '2003-02-13 00:04:19', '2010-08-04 20:53:21');
INSERT INTO `orders_products` (`id`, `order_id`, `product_id`, `total`, `created_at`, `updated_at`) VALUES (98, 48, 98, 1, '1983-07-13 09:02:40', '1984-08-08 12:36:58');
INSERT INTO `orders_products` (`id`, `order_id`, `product_id`, `total`, `created_at`, `updated_at`) VALUES (99, 49, 99, 9, '1989-02-02 16:59:32', '2015-09-16 05:34:14');
INSERT INTO `orders_products` (`id`, `order_id`, `product_id`, `total`, `created_at`, `updated_at`) VALUES (100, 50, 100, 6, '1983-03-30 05:36:21', '1983-12-21 21:18:39');
INSERT INTO `orders_products` (`id`, `order_id`, `product_id`, `total`, `created_at`, `updated_at`) VALUES (101, 1, 101, 4, '2018-04-27 09:06:20', '1994-10-14 14:19:56');
INSERT INTO `orders_products` (`id`, `order_id`, `product_id`, `total`, `created_at`, `updated_at`) VALUES (102, 2, 102, 8, '2015-09-08 15:38:06', '2006-01-21 04:06:38');
INSERT INTO `orders_products` (`id`, `order_id`, `product_id`, `total`, `created_at`, `updated_at`) VALUES (103, 3, 103, 2, '1988-03-08 04:55:50', '2012-01-16 14:11:38');
INSERT INTO `orders_products` (`id`, `order_id`, `product_id`, `total`, `created_at`, `updated_at`) VALUES (104, 4, 104, 4, '2014-08-04 04:13:08', '1999-02-19 07:12:41');
INSERT INTO `orders_products` (`id`, `order_id`, `product_id`, `total`, `created_at`, `updated_at`) VALUES (105, 5, 105, 9, '1979-06-04 12:53:24', '2000-12-21 06:35:43');
INSERT INTO `orders_products` (`id`, `order_id`, `product_id`, `total`, `created_at`, `updated_at`) VALUES (106, 6, 106, 6, '2002-11-30 01:12:46', '1998-02-16 01:07:10');
INSERT INTO `orders_products` (`id`, `order_id`, `product_id`, `total`, `created_at`, `updated_at`) VALUES (107, 7, 107, 7, '2000-01-29 02:59:27', '2004-11-04 15:55:26');
INSERT INTO `orders_products` (`id`, `order_id`, `product_id`, `total`, `created_at`, `updated_at`) VALUES (108, 8, 108, 8, '1970-12-26 19:40:30', '1976-03-13 19:40:33');
INSERT INTO `orders_products` (`id`, `order_id`, `product_id`, `total`, `created_at`, `updated_at`) VALUES (109, 9, 109, 4, '1987-02-03 05:53:18', '1999-09-18 18:55:30');
INSERT INTO `orders_products` (`id`, `order_id`, `product_id`, `total`, `created_at`, `updated_at`) VALUES (110, 10, 110, 2, '2014-12-05 14:32:47', '1979-01-03 16:58:28');
INSERT INTO `orders_products` (`id`, `order_id`, `product_id`, `total`, `created_at`, `updated_at`) VALUES (111, 11, 111, 3, '1997-01-29 11:48:08', '2018-02-07 04:44:34');
INSERT INTO `orders_products` (`id`, `order_id`, `product_id`, `total`, `created_at`, `updated_at`) VALUES (112, 12, 112, 2, '1974-10-03 09:05:01', '2002-01-15 13:14:39');
INSERT INTO `orders_products` (`id`, `order_id`, `product_id`, `total`, `created_at`, `updated_at`) VALUES (113, 13, 113, 10, '1983-10-17 00:18:00', '2019-06-03 09:26:56');
INSERT INTO `orders_products` (`id`, `order_id`, `product_id`, `total`, `created_at`, `updated_at`) VALUES (114, 14, 114, 9, '2001-11-10 01:45:59', '1990-02-20 13:29:00');
INSERT INTO `orders_products` (`id`, `order_id`, `product_id`, `total`, `created_at`, `updated_at`) VALUES (115, 15, 115, 9, '1977-11-26 19:30:00', '1987-08-10 03:09:29');
INSERT INTO `orders_products` (`id`, `order_id`, `product_id`, `total`, `created_at`, `updated_at`) VALUES (116, 16, 116, 2, '2008-05-28 15:30:28', '1988-04-21 14:24:03');
INSERT INTO `orders_products` (`id`, `order_id`, `product_id`, `total`, `created_at`, `updated_at`) VALUES (117, 17, 117, 10, '2004-05-26 14:53:54', '1976-02-29 19:09:24');
INSERT INTO `orders_products` (`id`, `order_id`, `product_id`, `total`, `created_at`, `updated_at`) VALUES (118, 18, 118, 8, '1990-03-29 14:50:41', '1999-09-07 05:08:04');
INSERT INTO `orders_products` (`id`, `order_id`, `product_id`, `total`, `created_at`, `updated_at`) VALUES (119, 19, 119, 9, '2003-10-29 04:49:10', '2007-08-27 02:01:28');
INSERT INTO `orders_products` (`id`, `order_id`, `product_id`, `total`, `created_at`, `updated_at`) VALUES (120, 20, 120, 1, '2007-04-15 22:45:47', '1997-08-06 02:21:58');
INSERT INTO `orders_products` (`id`, `order_id`, `product_id`, `total`, `created_at`, `updated_at`) VALUES (121, 21, 121, 3, '2002-12-30 19:11:28', '1987-06-07 20:13:19');
INSERT INTO `orders_products` (`id`, `order_id`, `product_id`, `total`, `created_at`, `updated_at`) VALUES (122, 22, 122, 5, '1974-01-17 20:35:56', '2009-09-03 23:39:32');
INSERT INTO `orders_products` (`id`, `order_id`, `product_id`, `total`, `created_at`, `updated_at`) VALUES (123, 23, 123, 1, '1998-08-23 11:26:33', '1977-03-04 03:32:25');
INSERT INTO `orders_products` (`id`, `order_id`, `product_id`, `total`, `created_at`, `updated_at`) VALUES (124, 24, 124, 5, '2005-05-17 09:08:38', '1977-10-31 18:42:50');
INSERT INTO `orders_products` (`id`, `order_id`, `product_id`, `total`, `created_at`, `updated_at`) VALUES (125, 25, 125, 5, '2018-10-18 20:56:26', '1995-12-17 00:11:16');
INSERT INTO `orders_products` (`id`, `order_id`, `product_id`, `total`, `created_at`, `updated_at`) VALUES (126, 26, 126, 2, '1976-12-24 04:26:31', '1971-12-17 19:11:41');
INSERT INTO `orders_products` (`id`, `order_id`, `product_id`, `total`, `created_at`, `updated_at`) VALUES (127, 27, 127, 1, '2019-05-04 18:48:28', '2018-04-15 12:17:28');
INSERT INTO `orders_products` (`id`, `order_id`, `product_id`, `total`, `created_at`, `updated_at`) VALUES (128, 28, 128, 1, '1988-08-28 15:11:34', '2005-03-19 10:49:58');
INSERT INTO `orders_products` (`id`, `order_id`, `product_id`, `total`, `created_at`, `updated_at`) VALUES (129, 29, 129, 7, '2013-12-04 02:06:30', '2001-05-19 16:21:52');
INSERT INTO `orders_products` (`id`, `order_id`, `product_id`, `total`, `created_at`, `updated_at`) VALUES (130, 30, 130, 8, '2014-10-29 06:17:55', '1973-12-07 15:56:58');
INSERT INTO `orders_products` (`id`, `order_id`, `product_id`, `total`, `created_at`, `updated_at`) VALUES (131, 31, 131, 4, '1979-11-29 21:04:16', '2016-01-12 09:19:24');
INSERT INTO `orders_products` (`id`, `order_id`, `product_id`, `total`, `created_at`, `updated_at`) VALUES (132, 32, 132, 9, '1976-02-21 04:20:31', '1977-04-11 13:22:15');
INSERT INTO `orders_products` (`id`, `order_id`, `product_id`, `total`, `created_at`, `updated_at`) VALUES (133, 33, 133, 2, '1983-06-06 07:46:24', '1983-07-22 21:06:14');
INSERT INTO `orders_products` (`id`, `order_id`, `product_id`, `total`, `created_at`, `updated_at`) VALUES (134, 34, 134, 1, '1974-12-12 18:04:59', '2010-01-08 17:52:16');
INSERT INTO `orders_products` (`id`, `order_id`, `product_id`, `total`, `created_at`, `updated_at`) VALUES (135, 35, 135, 3, '1983-08-12 12:59:15', '2010-12-17 23:21:34');
INSERT INTO `orders_products` (`id`, `order_id`, `product_id`, `total`, `created_at`, `updated_at`) VALUES (136, 36, 136, 1, '1983-05-25 14:27:23', '1993-09-30 15:50:58');
INSERT INTO `orders_products` (`id`, `order_id`, `product_id`, `total`, `created_at`, `updated_at`) VALUES (137, 37, 137, 2, '1997-05-05 13:36:06', '2017-06-04 23:56:04');
INSERT INTO `orders_products` (`id`, `order_id`, `product_id`, `total`, `created_at`, `updated_at`) VALUES (138, 38, 138, 9, '1991-11-19 18:27:15', '2004-03-11 02:01:44');
INSERT INTO `orders_products` (`id`, `order_id`, `product_id`, `total`, `created_at`, `updated_at`) VALUES (139, 39, 139, 7, '2019-10-31 05:32:42', '1976-07-05 04:42:13');
INSERT INTO `orders_products` (`id`, `order_id`, `product_id`, `total`, `created_at`, `updated_at`) VALUES (140, 40, 140, 3, '2009-05-11 02:37:56', '2017-10-30 19:06:59');
INSERT INTO `orders_products` (`id`, `order_id`, `product_id`, `total`, `created_at`, `updated_at`) VALUES (141, 41, 141, 3, '2016-03-11 18:15:28', '1989-04-04 21:15:24');
INSERT INTO `orders_products` (`id`, `order_id`, `product_id`, `total`, `created_at`, `updated_at`) VALUES (142, 42, 142, 5, '1977-12-13 16:00:29', '2018-01-01 20:39:14');
INSERT INTO `orders_products` (`id`, `order_id`, `product_id`, `total`, `created_at`, `updated_at`) VALUES (143, 43, 143, 2, '1975-08-02 20:47:15', '1989-02-23 08:52:10');
INSERT INTO `orders_products` (`id`, `order_id`, `product_id`, `total`, `created_at`, `updated_at`) VALUES (144, 44, 144, 5, '1993-12-23 03:08:01', '2002-06-11 03:48:14');
INSERT INTO `orders_products` (`id`, `order_id`, `product_id`, `total`, `created_at`, `updated_at`) VALUES (145, 45, 145, 10, '1996-08-12 01:28:51', '1986-05-13 13:41:56');
INSERT INTO `orders_products` (`id`, `order_id`, `product_id`, `total`, `created_at`, `updated_at`) VALUES (146, 46, 146, 5, '2004-10-04 07:31:57', '2010-03-24 22:58:47');
INSERT INTO `orders_products` (`id`, `order_id`, `product_id`, `total`, `created_at`, `updated_at`) VALUES (147, 47, 147, 9, '2006-01-28 16:14:58', '2016-10-20 07:16:08');
INSERT INTO `orders_products` (`id`, `order_id`, `product_id`, `total`, `created_at`, `updated_at`) VALUES (148, 48, 148, 6, '1973-03-05 21:08:10', '1989-10-04 09:39:10');
INSERT INTO `orders_products` (`id`, `order_id`, `product_id`, `total`, `created_at`, `updated_at`) VALUES (149, 49, 149, 8, '1998-12-03 18:54:40', '1996-12-07 03:22:03');
INSERT INTO `orders_products` (`id`, `order_id`, `product_id`, `total`, `created_at`, `updated_at`) VALUES (150, 50, 150, 6, '1982-04-15 03:46:06', '1980-09-08 07:21:02');
INSERT INTO `orders_products` (`id`, `order_id`, `product_id`, `total`, `created_at`, `updated_at`) VALUES (151, 1, 151, 4, '1977-01-15 15:15:27', '2017-09-23 22:26:46');
INSERT INTO `orders_products` (`id`, `order_id`, `product_id`, `total`, `created_at`, `updated_at`) VALUES (152, 2, 152, 10, '2016-11-21 20:36:37', '1994-04-21 20:46:28');
INSERT INTO `orders_products` (`id`, `order_id`, `product_id`, `total`, `created_at`, `updated_at`) VALUES (153, 3, 153, 3, '2008-04-16 05:25:31', '1973-12-26 05:15:43');
INSERT INTO `orders_products` (`id`, `order_id`, `product_id`, `total`, `created_at`, `updated_at`) VALUES (154, 4, 154, 4, '2016-06-24 12:37:41', '2009-07-24 12:12:46');
INSERT INTO `orders_products` (`id`, `order_id`, `product_id`, `total`, `created_at`, `updated_at`) VALUES (155, 5, 155, 5, '1972-12-21 21:55:11', '1984-09-16 09:55:48');
INSERT INTO `orders_products` (`id`, `order_id`, `product_id`, `total`, `created_at`, `updated_at`) VALUES (156, 6, 156, 2, '2015-09-09 06:19:27', '2011-10-24 05:39:34');
INSERT INTO `orders_products` (`id`, `order_id`, `product_id`, `total`, `created_at`, `updated_at`) VALUES (157, 7, 157, 9, '1998-01-13 07:03:41', '2005-06-05 09:14:36');
INSERT INTO `orders_products` (`id`, `order_id`, `product_id`, `total`, `created_at`, `updated_at`) VALUES (158, 8, 158, 10, '2017-02-28 21:07:19', '2006-01-02 19:57:16');
INSERT INTO `orders_products` (`id`, `order_id`, `product_id`, `total`, `created_at`, `updated_at`) VALUES (159, 9, 159, 4, '1982-11-23 01:33:05', '2000-06-20 22:09:02');
INSERT INTO `orders_products` (`id`, `order_id`, `product_id`, `total`, `created_at`, `updated_at`) VALUES (160, 10, 160, 10, '2010-04-10 13:21:31', '2014-05-06 11:00:47');
INSERT INTO `orders_products` (`id`, `order_id`, `product_id`, `total`, `created_at`, `updated_at`) VALUES (161, 11, 161, 7, '2009-03-28 20:52:26', '1980-05-08 15:29:54');
INSERT INTO `orders_products` (`id`, `order_id`, `product_id`, `total`, `created_at`, `updated_at`) VALUES (162, 12, 162, 10, '1995-09-17 21:39:04', '1970-12-02 13:15:30');
INSERT INTO `orders_products` (`id`, `order_id`, `product_id`, `total`, `created_at`, `updated_at`) VALUES (163, 13, 163, 5, '2013-10-30 00:57:39', '2018-09-06 06:20:03');
INSERT INTO `orders_products` (`id`, `order_id`, `product_id`, `total`, `created_at`, `updated_at`) VALUES (164, 14, 164, 2, '1995-02-01 13:48:05', '2000-10-06 22:45:38');
INSERT INTO `orders_products` (`id`, `order_id`, `product_id`, `total`, `created_at`, `updated_at`) VALUES (165, 15, 165, 5, '1999-07-08 16:28:11', '2000-05-17 19:00:35');
INSERT INTO `orders_products` (`id`, `order_id`, `product_id`, `total`, `created_at`, `updated_at`) VALUES (166, 16, 166, 4, '1995-12-18 01:35:25', '1973-04-23 12:52:23');
INSERT INTO `orders_products` (`id`, `order_id`, `product_id`, `total`, `created_at`, `updated_at`) VALUES (167, 17, 167, 10, '1990-07-26 11:03:25', '1978-06-13 22:10:15');
INSERT INTO `orders_products` (`id`, `order_id`, `product_id`, `total`, `created_at`, `updated_at`) VALUES (168, 18, 168, 8, '2005-12-16 23:03:48', '1977-06-19 04:14:56');
INSERT INTO `orders_products` (`id`, `order_id`, `product_id`, `total`, `created_at`, `updated_at`) VALUES (169, 19, 169, 7, '1975-06-19 05:40:09', '1999-06-04 21:27:51');
INSERT INTO `orders_products` (`id`, `order_id`, `product_id`, `total`, `created_at`, `updated_at`) VALUES (170, 20, 170, 9, '1991-11-12 21:16:32', '1983-06-10 11:57:54');
INSERT INTO `orders_products` (`id`, `order_id`, `product_id`, `total`, `created_at`, `updated_at`) VALUES (171, 21, 171, 9, '2001-09-02 02:09:23', '2002-05-23 19:59:04');
INSERT INTO `orders_products` (`id`, `order_id`, `product_id`, `total`, `created_at`, `updated_at`) VALUES (172, 22, 172, 3, '1999-07-18 13:02:31', '1975-08-08 01:44:40');
INSERT INTO `orders_products` (`id`, `order_id`, `product_id`, `total`, `created_at`, `updated_at`) VALUES (173, 23, 173, 10, '1982-08-17 15:11:26', '1982-04-25 20:37:35');
INSERT INTO `orders_products` (`id`, `order_id`, `product_id`, `total`, `created_at`, `updated_at`) VALUES (174, 24, 174, 3, '1999-11-01 11:40:50', '1995-12-31 02:00:49');
INSERT INTO `orders_products` (`id`, `order_id`, `product_id`, `total`, `created_at`, `updated_at`) VALUES (175, 25, 175, 4, '2000-09-12 04:08:34', '1988-08-05 12:26:04');
INSERT INTO `orders_products` (`id`, `order_id`, `product_id`, `total`, `created_at`, `updated_at`) VALUES (176, 26, 176, 7, '2008-02-12 21:43:20', '2000-11-24 14:49:07');
INSERT INTO `orders_products` (`id`, `order_id`, `product_id`, `total`, `created_at`, `updated_at`) VALUES (177, 27, 177, 4, '1982-05-09 09:55:10', '1998-12-01 13:36:01');
INSERT INTO `orders_products` (`id`, `order_id`, `product_id`, `total`, `created_at`, `updated_at`) VALUES (178, 28, 178, 5, '2004-11-26 07:50:05', '1974-12-15 19:59:25');
INSERT INTO `orders_products` (`id`, `order_id`, `product_id`, `total`, `created_at`, `updated_at`) VALUES (179, 29, 179, 9, '2009-04-30 12:38:19', '1988-11-30 12:43:04');
INSERT INTO `orders_products` (`id`, `order_id`, `product_id`, `total`, `created_at`, `updated_at`) VALUES (180, 30, 180, 6, '1996-05-31 08:15:17', '1996-12-30 22:08:36');
INSERT INTO `orders_products` (`id`, `order_id`, `product_id`, `total`, `created_at`, `updated_at`) VALUES (181, 31, 181, 2, '1971-04-26 11:05:34', '2008-01-06 11:46:29');
INSERT INTO `orders_products` (`id`, `order_id`, `product_id`, `total`, `created_at`, `updated_at`) VALUES (182, 32, 182, 9, '1974-07-04 06:29:34', '1985-06-13 14:23:51');
INSERT INTO `orders_products` (`id`, `order_id`, `product_id`, `total`, `created_at`, `updated_at`) VALUES (183, 33, 183, 4, '2012-11-23 00:35:27', '1995-01-31 12:51:56');
INSERT INTO `orders_products` (`id`, `order_id`, `product_id`, `total`, `created_at`, `updated_at`) VALUES (184, 34, 184, 6, '1997-03-07 07:38:01', '2014-05-11 03:50:01');
INSERT INTO `orders_products` (`id`, `order_id`, `product_id`, `total`, `created_at`, `updated_at`) VALUES (185, 35, 185, 2, '2012-03-05 19:32:33', '1978-12-09 22:23:37');
INSERT INTO `orders_products` (`id`, `order_id`, `product_id`, `total`, `created_at`, `updated_at`) VALUES (186, 36, 186, 4, '2019-04-09 14:12:51', '1987-12-13 02:03:32');
INSERT INTO `orders_products` (`id`, `order_id`, `product_id`, `total`, `created_at`, `updated_at`) VALUES (187, 37, 187, 4, '1987-02-18 00:40:25', '1973-09-15 12:47:38');
INSERT INTO `orders_products` (`id`, `order_id`, `product_id`, `total`, `created_at`, `updated_at`) VALUES (188, 38, 188, 4, '2015-11-14 15:25:10', '2007-10-03 08:34:46');
INSERT INTO `orders_products` (`id`, `order_id`, `product_id`, `total`, `created_at`, `updated_at`) VALUES (189, 39, 189, 10, '1988-02-06 10:57:04', '1985-06-26 15:28:02');
INSERT INTO `orders_products` (`id`, `order_id`, `product_id`, `total`, `created_at`, `updated_at`) VALUES (190, 40, 190, 9, '1971-09-07 06:32:11', '1975-10-10 17:02:20');
INSERT INTO `orders_products` (`id`, `order_id`, `product_id`, `total`, `created_at`, `updated_at`) VALUES (191, 41, 191, 6, '1997-01-14 11:15:23', '1975-08-24 02:14:14');
INSERT INTO `orders_products` (`id`, `order_id`, `product_id`, `total`, `created_at`, `updated_at`) VALUES (192, 42, 192, 5, '1970-08-21 15:38:31', '1980-05-07 13:36:33');
INSERT INTO `orders_products` (`id`, `order_id`, `product_id`, `total`, `created_at`, `updated_at`) VALUES (193, 43, 193, 4, '1982-12-02 23:16:14', '2016-03-08 04:39:58');
INSERT INTO `orders_products` (`id`, `order_id`, `product_id`, `total`, `created_at`, `updated_at`) VALUES (194, 44, 194, 5, '1984-10-19 03:09:53', '1996-06-27 14:54:44');
INSERT INTO `orders_products` (`id`, `order_id`, `product_id`, `total`, `created_at`, `updated_at`) VALUES (195, 45, 195, 2, '2017-04-12 14:18:15', '2016-06-09 02:42:56');
INSERT INTO `orders_products` (`id`, `order_id`, `product_id`, `total`, `created_at`, `updated_at`) VALUES (196, 46, 196, 3, '2017-09-29 07:15:06', '1971-10-22 12:25:56');
INSERT INTO `orders_products` (`id`, `order_id`, `product_id`, `total`, `created_at`, `updated_at`) VALUES (197, 47, 197, 1, '1981-05-10 12:21:33', '1971-07-15 00:03:56');
INSERT INTO `orders_products` (`id`, `order_id`, `product_id`, `total`, `created_at`, `updated_at`) VALUES (198, 48, 198, 4, '1978-03-20 10:35:10', '2015-10-14 08:14:26');
INSERT INTO `orders_products` (`id`, `order_id`, `product_id`, `total`, `created_at`, `updated_at`) VALUES (199, 49, 199, 2, '2002-12-14 13:01:43', '1997-03-19 13:52:37');
INSERT INTO `orders_products` (`id`, `order_id`, `product_id`, `total`, `created_at`, `updated_at`) VALUES (200, 50, 200, 5, '2003-08-27 11:32:31', '2008-12-04 00:54:51');


#
# TABLE STRUCTURE FOR: post_bonds
#

DROP TABLE IF EXISTS `post_bonds`;

CREATE TABLE `post_bonds` (
  `post_bond_id` int(10) unsigned NOT NULL AUTO_INCREMENT,
  `from_post` int(10) unsigned DEFAULT NULL,
  `to_post` int(10) unsigned NOT NULL,
  `created_at` datetime DEFAULT current_timestamp(),
  PRIMARY KEY (`post_bond_id`),
  KEY `from_post` (`from_post`),
  KEY `to_post` (`to_post`),
  CONSTRAINT `post_bonds_ibfk_1` FOREIGN KEY (`from_post`) REFERENCES `posts` (`id`),
  CONSTRAINT `post_bonds_ibfk_2` FOREIGN KEY (`to_post`) REFERENCES `posts` (`id`)
) ENGINE=InnoDB AUTO_INCREMENT=101 DEFAULT CHARSET=utf8 COLLATE=utf8_unicode_ci;

INSERT INTO `post_bonds` (`post_bond_id`, `from_post`, `to_post`, `created_at`) VALUES (1, 1, 1, '2013-01-08 15:13:08');
INSERT INTO `post_bonds` (`post_bond_id`, `from_post`, `to_post`, `created_at`) VALUES (2, 2, 2, '1993-06-30 00:20:16');
INSERT INTO `post_bonds` (`post_bond_id`, `from_post`, `to_post`, `created_at`) VALUES (3, 3, 3, '1982-09-16 03:30:40');
INSERT INTO `post_bonds` (`post_bond_id`, `from_post`, `to_post`, `created_at`) VALUES (4, 4, 4, '1972-08-02 04:35:08');
INSERT INTO `post_bonds` (`post_bond_id`, `from_post`, `to_post`, `created_at`) VALUES (5, 5, 5, '1992-04-03 14:01:04');
INSERT INTO `post_bonds` (`post_bond_id`, `from_post`, `to_post`, `created_at`) VALUES (6, 6, 6, '2000-06-27 14:40:21');
INSERT INTO `post_bonds` (`post_bond_id`, `from_post`, `to_post`, `created_at`) VALUES (7, 7, 7, '1971-01-17 13:51:45');
INSERT INTO `post_bonds` (`post_bond_id`, `from_post`, `to_post`, `created_at`) VALUES (8, 8, 8, '1977-07-17 10:24:47');
INSERT INTO `post_bonds` (`post_bond_id`, `from_post`, `to_post`, `created_at`) VALUES (9, 9, 9, '2005-12-23 01:23:41');
INSERT INTO `post_bonds` (`post_bond_id`, `from_post`, `to_post`, `created_at`) VALUES (10, 10, 10, '2000-10-23 21:15:34');
INSERT INTO `post_bonds` (`post_bond_id`, `from_post`, `to_post`, `created_at`) VALUES (11, 11, 11, '1996-02-05 16:37:49');
INSERT INTO `post_bonds` (`post_bond_id`, `from_post`, `to_post`, `created_at`) VALUES (12, 12, 12, '2004-06-01 03:39:41');
INSERT INTO `post_bonds` (`post_bond_id`, `from_post`, `to_post`, `created_at`) VALUES (13, 13, 13, '1993-05-22 12:51:14');
INSERT INTO `post_bonds` (`post_bond_id`, `from_post`, `to_post`, `created_at`) VALUES (14, 14, 14, '2013-12-19 13:56:04');
INSERT INTO `post_bonds` (`post_bond_id`, `from_post`, `to_post`, `created_at`) VALUES (15, 15, 15, '1977-04-30 23:59:27');
INSERT INTO `post_bonds` (`post_bond_id`, `from_post`, `to_post`, `created_at`) VALUES (16, 16, 16, '1970-05-22 21:34:48');
INSERT INTO `post_bonds` (`post_bond_id`, `from_post`, `to_post`, `created_at`) VALUES (17, 17, 17, '2003-09-25 00:24:28');
INSERT INTO `post_bonds` (`post_bond_id`, `from_post`, `to_post`, `created_at`) VALUES (18, 18, 18, '1992-10-05 09:35:58');
INSERT INTO `post_bonds` (`post_bond_id`, `from_post`, `to_post`, `created_at`) VALUES (19, 19, 19, '2008-03-31 11:47:56');
INSERT INTO `post_bonds` (`post_bond_id`, `from_post`, `to_post`, `created_at`) VALUES (20, 20, 20, '2000-05-12 22:01:41');
INSERT INTO `post_bonds` (`post_bond_id`, `from_post`, `to_post`, `created_at`) VALUES (21, 21, 21, '2019-05-12 00:58:02');
INSERT INTO `post_bonds` (`post_bond_id`, `from_post`, `to_post`, `created_at`) VALUES (22, 22, 22, '1974-02-14 04:07:00');
INSERT INTO `post_bonds` (`post_bond_id`, `from_post`, `to_post`, `created_at`) VALUES (23, 23, 23, '1980-07-13 21:47:03');
INSERT INTO `post_bonds` (`post_bond_id`, `from_post`, `to_post`, `created_at`) VALUES (24, 24, 24, '2014-07-02 13:27:59');
INSERT INTO `post_bonds` (`post_bond_id`, `from_post`, `to_post`, `created_at`) VALUES (25, 25, 25, '1983-12-01 16:06:28');
INSERT INTO `post_bonds` (`post_bond_id`, `from_post`, `to_post`, `created_at`) VALUES (26, 26, 26, '2003-06-10 11:30:34');
INSERT INTO `post_bonds` (`post_bond_id`, `from_post`, `to_post`, `created_at`) VALUES (27, 27, 27, '1983-05-18 16:03:35');
INSERT INTO `post_bonds` (`post_bond_id`, `from_post`, `to_post`, `created_at`) VALUES (28, 28, 28, '1975-12-27 01:10:07');
INSERT INTO `post_bonds` (`post_bond_id`, `from_post`, `to_post`, `created_at`) VALUES (29, 29, 29, '2007-10-06 15:57:23');
INSERT INTO `post_bonds` (`post_bond_id`, `from_post`, `to_post`, `created_at`) VALUES (30, 30, 30, '1974-04-17 09:59:33');
INSERT INTO `post_bonds` (`post_bond_id`, `from_post`, `to_post`, `created_at`) VALUES (31, 31, 31, '1982-11-16 21:22:59');
INSERT INTO `post_bonds` (`post_bond_id`, `from_post`, `to_post`, `created_at`) VALUES (32, 32, 32, '1988-03-29 06:33:55');
INSERT INTO `post_bonds` (`post_bond_id`, `from_post`, `to_post`, `created_at`) VALUES (33, 33, 33, '2019-09-29 05:44:03');
INSERT INTO `post_bonds` (`post_bond_id`, `from_post`, `to_post`, `created_at`) VALUES (34, 34, 34, '1980-06-13 05:05:10');
INSERT INTO `post_bonds` (`post_bond_id`, `from_post`, `to_post`, `created_at`) VALUES (35, 35, 35, '1985-03-31 12:34:05');
INSERT INTO `post_bonds` (`post_bond_id`, `from_post`, `to_post`, `created_at`) VALUES (36, 36, 36, '1970-08-21 08:34:35');
INSERT INTO `post_bonds` (`post_bond_id`, `from_post`, `to_post`, `created_at`) VALUES (37, 37, 37, '1974-05-01 15:39:30');
INSERT INTO `post_bonds` (`post_bond_id`, `from_post`, `to_post`, `created_at`) VALUES (38, 38, 38, '2002-02-10 12:08:23');
INSERT INTO `post_bonds` (`post_bond_id`, `from_post`, `to_post`, `created_at`) VALUES (39, 39, 39, '2008-06-04 20:20:48');
INSERT INTO `post_bonds` (`post_bond_id`, `from_post`, `to_post`, `created_at`) VALUES (40, 40, 40, '1971-07-09 13:03:26');
INSERT INTO `post_bonds` (`post_bond_id`, `from_post`, `to_post`, `created_at`) VALUES (41, 41, 41, '1999-06-20 03:28:56');
INSERT INTO `post_bonds` (`post_bond_id`, `from_post`, `to_post`, `created_at`) VALUES (42, 42, 42, '1994-03-15 22:05:28');
INSERT INTO `post_bonds` (`post_bond_id`, `from_post`, `to_post`, `created_at`) VALUES (43, 43, 43, '1989-11-29 15:02:18');
INSERT INTO `post_bonds` (`post_bond_id`, `from_post`, `to_post`, `created_at`) VALUES (44, 44, 44, '2012-12-27 03:25:29');
INSERT INTO `post_bonds` (`post_bond_id`, `from_post`, `to_post`, `created_at`) VALUES (45, 45, 45, '1996-06-07 20:19:39');
INSERT INTO `post_bonds` (`post_bond_id`, `from_post`, `to_post`, `created_at`) VALUES (46, 46, 46, '1980-02-21 14:12:00');
INSERT INTO `post_bonds` (`post_bond_id`, `from_post`, `to_post`, `created_at`) VALUES (47, 47, 47, '2018-04-01 14:08:47');
INSERT INTO `post_bonds` (`post_bond_id`, `from_post`, `to_post`, `created_at`) VALUES (48, 48, 48, '1992-01-08 12:28:22');
INSERT INTO `post_bonds` (`post_bond_id`, `from_post`, `to_post`, `created_at`) VALUES (49, 49, 49, '1997-08-21 14:01:55');
INSERT INTO `post_bonds` (`post_bond_id`, `from_post`, `to_post`, `created_at`) VALUES (50, 50, 50, '2011-02-11 18:11:38');
INSERT INTO `post_bonds` (`post_bond_id`, `from_post`, `to_post`, `created_at`) VALUES (51, 51, 51, '1974-05-11 13:20:02');
INSERT INTO `post_bonds` (`post_bond_id`, `from_post`, `to_post`, `created_at`) VALUES (52, 52, 52, '1986-07-13 22:48:12');
INSERT INTO `post_bonds` (`post_bond_id`, `from_post`, `to_post`, `created_at`) VALUES (53, 53, 53, '2019-03-15 18:34:09');
INSERT INTO `post_bonds` (`post_bond_id`, `from_post`, `to_post`, `created_at`) VALUES (54, 54, 54, '2017-12-24 18:34:10');
INSERT INTO `post_bonds` (`post_bond_id`, `from_post`, `to_post`, `created_at`) VALUES (55, 55, 55, '2000-12-22 07:08:33');
INSERT INTO `post_bonds` (`post_bond_id`, `from_post`, `to_post`, `created_at`) VALUES (56, 56, 56, '2001-01-10 13:56:48');
INSERT INTO `post_bonds` (`post_bond_id`, `from_post`, `to_post`, `created_at`) VALUES (57, 57, 57, '1993-11-27 15:24:29');
INSERT INTO `post_bonds` (`post_bond_id`, `from_post`, `to_post`, `created_at`) VALUES (58, 58, 58, '1987-08-06 09:17:34');
INSERT INTO `post_bonds` (`post_bond_id`, `from_post`, `to_post`, `created_at`) VALUES (59, 59, 59, '1975-03-02 09:55:31');
INSERT INTO `post_bonds` (`post_bond_id`, `from_post`, `to_post`, `created_at`) VALUES (60, 60, 60, '2009-03-03 22:03:42');
INSERT INTO `post_bonds` (`post_bond_id`, `from_post`, `to_post`, `created_at`) VALUES (61, 61, 61, '2002-03-27 22:52:50');
INSERT INTO `post_bonds` (`post_bond_id`, `from_post`, `to_post`, `created_at`) VALUES (62, 62, 62, '1992-06-19 12:16:11');
INSERT INTO `post_bonds` (`post_bond_id`, `from_post`, `to_post`, `created_at`) VALUES (63, 63, 63, '2017-09-10 12:53:31');
INSERT INTO `post_bonds` (`post_bond_id`, `from_post`, `to_post`, `created_at`) VALUES (64, 64, 64, '1988-12-27 06:33:20');
INSERT INTO `post_bonds` (`post_bond_id`, `from_post`, `to_post`, `created_at`) VALUES (65, 65, 65, '2009-05-02 13:34:10');
INSERT INTO `post_bonds` (`post_bond_id`, `from_post`, `to_post`, `created_at`) VALUES (66, 66, 66, '1994-05-17 18:50:04');
INSERT INTO `post_bonds` (`post_bond_id`, `from_post`, `to_post`, `created_at`) VALUES (67, 67, 67, '2001-02-25 14:08:57');
INSERT INTO `post_bonds` (`post_bond_id`, `from_post`, `to_post`, `created_at`) VALUES (68, 68, 68, '2006-06-13 10:37:00');
INSERT INTO `post_bonds` (`post_bond_id`, `from_post`, `to_post`, `created_at`) VALUES (69, 69, 69, '1979-06-28 03:14:17');
INSERT INTO `post_bonds` (`post_bond_id`, `from_post`, `to_post`, `created_at`) VALUES (70, 70, 70, '2001-03-09 07:06:01');
INSERT INTO `post_bonds` (`post_bond_id`, `from_post`, `to_post`, `created_at`) VALUES (71, 71, 71, '1993-12-25 15:04:05');
INSERT INTO `post_bonds` (`post_bond_id`, `from_post`, `to_post`, `created_at`) VALUES (72, 72, 72, '1996-06-14 10:01:51');
INSERT INTO `post_bonds` (`post_bond_id`, `from_post`, `to_post`, `created_at`) VALUES (73, 73, 73, '2012-10-13 19:43:27');
INSERT INTO `post_bonds` (`post_bond_id`, `from_post`, `to_post`, `created_at`) VALUES (74, 74, 74, '2007-04-02 07:59:35');
INSERT INTO `post_bonds` (`post_bond_id`, `from_post`, `to_post`, `created_at`) VALUES (75, 75, 75, '2015-12-06 05:03:14');
INSERT INTO `post_bonds` (`post_bond_id`, `from_post`, `to_post`, `created_at`) VALUES (76, 76, 76, '1970-01-13 03:25:18');
INSERT INTO `post_bonds` (`post_bond_id`, `from_post`, `to_post`, `created_at`) VALUES (77, 77, 77, '1973-08-07 00:43:21');
INSERT INTO `post_bonds` (`post_bond_id`, `from_post`, `to_post`, `created_at`) VALUES (78, 78, 78, '1972-10-29 07:11:07');
INSERT INTO `post_bonds` (`post_bond_id`, `from_post`, `to_post`, `created_at`) VALUES (79, 79, 79, '1970-02-26 10:21:04');
INSERT INTO `post_bonds` (`post_bond_id`, `from_post`, `to_post`, `created_at`) VALUES (80, 80, 80, '2006-08-29 16:45:37');
INSERT INTO `post_bonds` (`post_bond_id`, `from_post`, `to_post`, `created_at`) VALUES (81, 81, 81, '2008-02-04 15:14:15');
INSERT INTO `post_bonds` (`post_bond_id`, `from_post`, `to_post`, `created_at`) VALUES (82, 82, 82, '2013-09-15 20:14:24');
INSERT INTO `post_bonds` (`post_bond_id`, `from_post`, `to_post`, `created_at`) VALUES (83, 83, 83, '1977-03-10 08:43:06');
INSERT INTO `post_bonds` (`post_bond_id`, `from_post`, `to_post`, `created_at`) VALUES (84, 84, 84, '2003-02-14 16:28:05');
INSERT INTO `post_bonds` (`post_bond_id`, `from_post`, `to_post`, `created_at`) VALUES (85, 85, 85, '2008-03-25 18:06:52');
INSERT INTO `post_bonds` (`post_bond_id`, `from_post`, `to_post`, `created_at`) VALUES (86, 86, 86, '2014-04-27 15:23:11');
INSERT INTO `post_bonds` (`post_bond_id`, `from_post`, `to_post`, `created_at`) VALUES (87, 87, 87, '2005-02-08 12:22:51');
INSERT INTO `post_bonds` (`post_bond_id`, `from_post`, `to_post`, `created_at`) VALUES (88, 88, 88, '1971-11-16 11:34:43');
INSERT INTO `post_bonds` (`post_bond_id`, `from_post`, `to_post`, `created_at`) VALUES (89, 89, 89, '1985-03-18 18:09:39');
INSERT INTO `post_bonds` (`post_bond_id`, `from_post`, `to_post`, `created_at`) VALUES (90, 90, 90, '2003-05-03 08:29:06');
INSERT INTO `post_bonds` (`post_bond_id`, `from_post`, `to_post`, `created_at`) VALUES (91, 91, 91, '1975-09-30 07:08:30');
INSERT INTO `post_bonds` (`post_bond_id`, `from_post`, `to_post`, `created_at`) VALUES (92, 92, 92, '1977-11-19 13:41:24');
INSERT INTO `post_bonds` (`post_bond_id`, `from_post`, `to_post`, `created_at`) VALUES (93, 93, 93, '1996-09-13 14:29:34');
INSERT INTO `post_bonds` (`post_bond_id`, `from_post`, `to_post`, `created_at`) VALUES (94, 94, 94, '1977-10-28 07:33:04');
INSERT INTO `post_bonds` (`post_bond_id`, `from_post`, `to_post`, `created_at`) VALUES (95, 95, 95, '2000-08-31 13:43:06');
INSERT INTO `post_bonds` (`post_bond_id`, `from_post`, `to_post`, `created_at`) VALUES (96, 96, 96, '1973-06-17 01:00:58');
INSERT INTO `post_bonds` (`post_bond_id`, `from_post`, `to_post`, `created_at`) VALUES (97, 97, 97, '2018-02-13 00:07:58');
INSERT INTO `post_bonds` (`post_bond_id`, `from_post`, `to_post`, `created_at`) VALUES (98, 98, 98, '1975-06-23 12:25:27');
INSERT INTO `post_bonds` (`post_bond_id`, `from_post`, `to_post`, `created_at`) VALUES (99, 99, 99, '2006-06-24 06:21:59');
INSERT INTO `post_bonds` (`post_bond_id`, `from_post`, `to_post`, `created_at`) VALUES (100, 100, 100, '1970-08-17 06:57:10');


#
# TABLE STRUCTURE FOR: posts
#

DROP TABLE IF EXISTS `posts`;

CREATE TABLE `posts` (
  `id` int(10) unsigned NOT NULL AUTO_INCREMENT,
  `user_id` int(10) unsigned NOT NULL,
  `title` varchar(150) COLLATE utf8_unicode_ci NOT NULL,
  `text` text COLLATE utf8_unicode_ci NOT NULL,
  `media_id` int(10) unsigned NOT NULL,
  `category_id` int(10) unsigned DEFAULT NULL,
  `created_at` datetime DEFAULT current_timestamp(),
  `updated_at` datetime DEFAULT current_timestamp() ON UPDATE current_timestamp(),
  PRIMARY KEY (`id`),
  KEY `title` (`title`),
  KEY `user_id` (`user_id`),
  KEY `media_id` (`media_id`),
  KEY `category_id` (`category_id`),
  CONSTRAINT `posts_ibfk_1` FOREIGN KEY (`user_id`) REFERENCES `users` (`id`),
  CONSTRAINT `posts_ibfk_2` FOREIGN KEY (`media_id`) REFERENCES `media` (`id`),
  CONSTRAINT `posts_ibfk_3` FOREIGN KEY (`category_id`) REFERENCES `categories` (`id`)
) ENGINE=InnoDB AUTO_INCREMENT=201 DEFAULT CHARSET=utf8 COLLATE=utf8_unicode_ci;

INSERT INTO `posts` (`id`, `user_id`, `title`, `text`, `media_id`, `category_id`, `created_at`, `updated_at`) VALUES (1, 1, 'Consequuntur consequatur repellendus aut inventore vero.', 'Reiciendis dolorum dolore officia officia. Repellat ducimus quis pariatur mollitia accusamus est ipsum. Harum et omnis unde.', 1, 1, '1978-11-28 00:36:25', '1999-05-14 16:46:03');
INSERT INTO `posts` (`id`, `user_id`, `title`, `text`, `media_id`, `category_id`, `created_at`, `updated_at`) VALUES (2, 2, 'Quia et earum inventore maxime aut soluta id.', 'Et cupiditate odit ad voluptas officia at. Hic sunt aperiam quae neque. Ipsam veniam nihil natus.', 2, 2, '1983-01-18 20:15:47', '2018-10-25 04:01:35');
INSERT INTO `posts` (`id`, `user_id`, `title`, `text`, `media_id`, `category_id`, `created_at`, `updated_at`) VALUES (3, 3, 'Hic atque corporis mollitia qui omnis ea.', 'Dolores aut cum maiores beatae voluptatem. Quas eveniet laudantium consectetur aspernatur. Non corporis dolor praesentium perspiciatis nihil commodi ut. Dolore aut nobis aut placeat.', 3, 3, '2006-03-28 14:25:07', '2008-12-05 23:11:14');
INSERT INTO `posts` (`id`, `user_id`, `title`, `text`, `media_id`, `category_id`, `created_at`, `updated_at`) VALUES (4, 4, 'Perspiciatis perspiciatis molestias corporis et.', 'Modi et facere sint in voluptas tenetur. Aut maxime id doloribus iusto voluptatem consectetur.', 4, 4, '2003-07-17 02:39:19', '1976-05-05 12:40:27');
INSERT INTO `posts` (`id`, `user_id`, `title`, `text`, `media_id`, `category_id`, `created_at`, `updated_at`) VALUES (5, 5, 'Aut eos id est.', 'Consequatur consectetur laboriosam voluptatem sapiente et atque. Debitis voluptas modi impedit ducimus. A voluptatem nihil repudiandae ea aut ut.', 5, 5, '1996-10-06 02:07:42', '2011-06-23 03:50:35');
INSERT INTO `posts` (`id`, `user_id`, `title`, `text`, `media_id`, `category_id`, `created_at`, `updated_at`) VALUES (6, 6, 'Sunt vel maxime eos qui vitae voluptatum tempora.', 'Aut iste et perspiciatis dolorem minus. Officia modi iusto occaecati mollitia saepe minus dolorem fuga.', 6, 6, '1970-10-09 00:47:48', '2000-03-31 23:16:03');
INSERT INTO `posts` (`id`, `user_id`, `title`, `text`, `media_id`, `category_id`, `created_at`, `updated_at`) VALUES (7, 7, 'Animi consequuntur sequi itaque quo et beatae eligendi.', 'Non voluptatem quis numquam voluptate quaerat dolores placeat. Inventore cum rerum magnam qui aliquam qui. Alias magnam quia unde vero quis repellendus.', 7, 7, '1983-12-01 15:18:00', '1980-06-24 13:24:46');
INSERT INTO `posts` (`id`, `user_id`, `title`, `text`, `media_id`, `category_id`, `created_at`, `updated_at`) VALUES (8, 8, 'Aspernatur quae sit est fugiat tempora ut incidunt.', 'Qui consequatur ipsum ab qui natus. Officia voluptatem ex placeat magnam non. Eaque dolores nemo nulla culpa.', 8, 8, '1997-03-29 13:03:12', '2010-05-08 14:23:39');
INSERT INTO `posts` (`id`, `user_id`, `title`, `text`, `media_id`, `category_id`, `created_at`, `updated_at`) VALUES (9, 9, 'Impedit minus officiis vero nemo ad.', 'Consequatur vel minus qui sed sit. Eaque nisi earum ut temporibus voluptatem. Cum et suscipit deserunt incidunt mollitia. Eaque dolorem et itaque aliquid perspiciatis maxime enim.', 9, 9, '2003-12-30 13:08:36', '2008-01-27 23:41:08');
INSERT INTO `posts` (`id`, `user_id`, `title`, `text`, `media_id`, `category_id`, `created_at`, `updated_at`) VALUES (10, 10, 'Facilis numquam sequi eos ex esse aut ipsum hic.', 'Et aut sequi quasi qui. Architecto possimus est neque porro quia consequatur. Et inventore et nostrum culpa temporibus nostrum. Eveniet animi dolor autem voluptatem nostrum dolor quisquam.', 10, 10, '1983-04-24 08:22:09', '1976-01-21 19:40:27');
INSERT INTO `posts` (`id`, `user_id`, `title`, `text`, `media_id`, `category_id`, `created_at`, `updated_at`) VALUES (11, 11, 'Delectus nesciunt laborum sit.', 'Quidem excepturi libero repellat error. Cupiditate natus impedit itaque sint mollitia.', 11, 11, '2003-06-14 03:27:57', '1991-01-27 16:36:01');
INSERT INTO `posts` (`id`, `user_id`, `title`, `text`, `media_id`, `category_id`, `created_at`, `updated_at`) VALUES (12, 12, 'Ducimus ut id modi.', 'Fugit dolorum molestiae hic quas. Temporibus esse consectetur nihil ipsa cumque ipsum qui. Ullam sapiente aut omnis neque libero. Cumque iusto modi quia rerum eius numquam accusamus.', 12, 12, '2007-09-15 15:48:08', '1992-10-23 08:19:52');
INSERT INTO `posts` (`id`, `user_id`, `title`, `text`, `media_id`, `category_id`, `created_at`, `updated_at`) VALUES (13, 13, 'Recusandae qui id nulla omnis sint perspiciatis omnis.', 'Sit quos voluptatum maxime dolorem labore non. Corporis ut facilis non et id maiores non. Neque beatae culpa occaecati.', 13, 13, '2007-04-27 12:29:18', '1979-07-22 22:03:00');
INSERT INTO `posts` (`id`, `user_id`, `title`, `text`, `media_id`, `category_id`, `created_at`, `updated_at`) VALUES (14, 14, 'Quos ut voluptate distinctio maiores est et.', 'Eos est accusantium sequi. Ipsum qui inventore tenetur voluptas eligendi. Fugiat et architecto qui voluptas omnis alias qui. Vero numquam enim expedita aperiam debitis.', 14, 14, '2008-09-04 06:32:11', '2000-01-06 15:35:47');
INSERT INTO `posts` (`id`, `user_id`, `title`, `text`, `media_id`, `category_id`, `created_at`, `updated_at`) VALUES (15, 15, 'Provident quo culpa inventore nihil non animi.', 'Exercitationem at illo dolor quo quidem. Non est nihil qui. Quia architecto cupiditate delectus consectetur. Repellat sit enim distinctio qui natus.', 15, 15, '2013-06-24 19:42:04', '1996-09-02 20:55:09');
INSERT INTO `posts` (`id`, `user_id`, `title`, `text`, `media_id`, `category_id`, `created_at`, `updated_at`) VALUES (16, 16, 'Sed odit consequatur in necessitatibus incidunt sunt distinctio.', 'Quisquam et qui sed ipsa aut porro. Atque qui asperiores quia dolorem tenetur et exercitationem nam.', 16, 16, '1971-08-05 18:11:12', '2007-07-23 14:25:16');
INSERT INTO `posts` (`id`, `user_id`, `title`, `text`, `media_id`, `category_id`, `created_at`, `updated_at`) VALUES (17, 17, 'Veniam rerum asperiores ullam et mollitia porro et aliquam.', 'Voluptas doloribus in illum qui natus fugit. Impedit eligendi fuga numquam. Rerum aut et minus. Ut similique omnis et.', 17, 17, '2005-08-05 06:45:32', '1989-06-16 01:03:37');
INSERT INTO `posts` (`id`, `user_id`, `title`, `text`, `media_id`, `category_id`, `created_at`, `updated_at`) VALUES (18, 18, 'Distinctio aut sint eius mollitia.', 'Consequatur possimus ipsum iusto doloremque sit recusandae pariatur. Dolores et aliquam aperiam et qui unde possimus. Aut quas id ducimus qui delectus ut. Vel facilis itaque ea recusandae ad.', 18, 18, '1979-08-14 19:58:53', '2004-08-29 12:05:47');
INSERT INTO `posts` (`id`, `user_id`, `title`, `text`, `media_id`, `category_id`, `created_at`, `updated_at`) VALUES (19, 19, 'Quod sit sint perspiciatis qui.', 'Consectetur ipsum quas quis amet temporibus. Voluptate ducimus fuga et enim nemo. Laudantium praesentium id vel iste sed nam ut. Aliquam totam nulla eos quia maxime enim.', 19, 19, '1983-12-26 15:18:07', '1979-03-08 13:49:51');
INSERT INTO `posts` (`id`, `user_id`, `title`, `text`, `media_id`, `category_id`, `created_at`, `updated_at`) VALUES (20, 20, 'Accusantium quidem et dolor.', 'Explicabo consequatur fugit commodi rerum qui ducimus et. Recusandae velit nemo maiores. Et ad maiores a iste inventore. Ea earum quam eos et ut quo.', 20, 20, '1983-07-09 16:15:40', '1985-04-24 21:56:44');
INSERT INTO `posts` (`id`, `user_id`, `title`, `text`, `media_id`, `category_id`, `created_at`, `updated_at`) VALUES (21, 21, 'Corrupti ullam et commodi autem ratione quia.', 'Optio porro dignissimos quia quia perspiciatis. Omnis qui cumque quaerat quam. Sit et maiores dicta pariatur blanditiis. Sit ut ullam officia earum.', 21, 21, '1995-11-09 01:54:36', '1990-01-11 14:32:51');
INSERT INTO `posts` (`id`, `user_id`, `title`, `text`, `media_id`, `category_id`, `created_at`, `updated_at`) VALUES (22, 22, 'Iste aut quia perspiciatis modi doloremque at nulla maiores.', 'Sint ut nihil eum at. Ducimus quos nesciunt vel reprehenderit. Atque omnis reprehenderit quod voluptatibus commodi qui.', 22, 22, '1984-09-05 14:50:11', '1972-06-05 04:44:43');
INSERT INTO `posts` (`id`, `user_id`, `title`, `text`, `media_id`, `category_id`, `created_at`, `updated_at`) VALUES (23, 23, 'Repellat est fugit alias.', 'Numquam et adipisci quaerat. Laudantium ut molestiae dicta amet impedit minus laborum.', 23, 23, '1987-03-22 23:00:49', '2019-07-29 00:50:44');
INSERT INTO `posts` (`id`, `user_id`, `title`, `text`, `media_id`, `category_id`, `created_at`, `updated_at`) VALUES (24, 24, 'Suscipit sit eum quia exercitationem.', 'Atque et optio non illum corporis. Vero libero sint ab cumque. Et at nihil consequatur reiciendis et. Veritatis autem voluptas libero repellat necessitatibus nulla.', 24, 24, '1975-05-18 06:28:44', '1977-10-26 03:44:09');
INSERT INTO `posts` (`id`, `user_id`, `title`, `text`, `media_id`, `category_id`, `created_at`, `updated_at`) VALUES (25, 25, 'Dignissimos molestiae soluta aut consequatur quis quis beatae sapiente.', 'Error ad veritatis est occaecati. Labore reiciendis quis quaerat. Ratione unde ipsa expedita est et delectus.', 25, 25, '2006-06-17 01:13:19', '1991-07-01 12:20:18');
INSERT INTO `posts` (`id`, `user_id`, `title`, `text`, `media_id`, `category_id`, `created_at`, `updated_at`) VALUES (26, 26, 'Nihil neque architecto quos perspiciatis neque.', 'Dolores fugiat quaerat aliquid quas sit. Reprehenderit est pariatur ut id qui quae illo. Omnis rerum rerum voluptas harum. Iste labore et eveniet illum.', 26, 26, '1981-02-02 03:20:55', '1997-12-08 19:47:31');
INSERT INTO `posts` (`id`, `user_id`, `title`, `text`, `media_id`, `category_id`, `created_at`, `updated_at`) VALUES (27, 27, 'Fugiat totam facere exercitationem illum.', 'Sint qui ipsa temporibus natus illo ut. Sed id natus eum. Praesentium odit dolor ut sapiente harum aut vitae.', 27, 27, '2000-06-04 00:07:15', '1992-03-16 16:11:56');
INSERT INTO `posts` (`id`, `user_id`, `title`, `text`, `media_id`, `category_id`, `created_at`, `updated_at`) VALUES (28, 28, 'Expedita ea fuga dolore veniam occaecati.', 'Repudiandae sed quibusdam veniam non. Accusamus sed voluptas et qui. Tempora veniam unde sint.', 28, 28, '2017-05-04 07:11:05', '2017-09-19 21:37:01');
INSERT INTO `posts` (`id`, `user_id`, `title`, `text`, `media_id`, `category_id`, `created_at`, `updated_at`) VALUES (29, 29, 'Nostrum ipsa quia quas voluptatem ipsa sed sed omnis.', 'Voluptas explicabo alias maiores voluptas necessitatibus vel vero. Libero neque similique totam et. Laudantium nostrum suscipit est temporibus.', 29, 29, '1988-12-18 02:51:54', '1979-01-04 10:22:39');
INSERT INTO `posts` (`id`, `user_id`, `title`, `text`, `media_id`, `category_id`, `created_at`, `updated_at`) VALUES (30, 30, 'Inventore sit quod ut blanditiis a beatae.', 'Impedit veniam recusandae commodi est in. Quia sit perferendis quis sint reiciendis a. Aut et eos vel explicabo non. Vel consequatur ducimus sit libero sed dolores facere inventore.', 30, 30, '2019-01-10 05:05:42', '2003-11-09 07:24:59');
INSERT INTO `posts` (`id`, `user_id`, `title`, `text`, `media_id`, `category_id`, `created_at`, `updated_at`) VALUES (31, 31, 'Qui voluptatem eaque qui pariatur.', 'Dignissimos in sunt ipsum. Amet ipsam et libero molestiae. Possimus quod nesciunt distinctio ipsum. Et dolorem commodi occaecati.', 31, 31, '2004-11-27 11:45:48', '2011-07-04 17:08:22');
INSERT INTO `posts` (`id`, `user_id`, `title`, `text`, `media_id`, `category_id`, `created_at`, `updated_at`) VALUES (32, 32, 'Facilis voluptas corrupti nam hic praesentium sit.', 'Amet eius soluta qui error velit ipsam consequatur. Sit est ut eius voluptas rerum impedit harum architecto. Quia enim velit adipisci temporibus nemo.', 32, 32, '2012-07-04 04:16:33', '1980-04-27 00:18:04');
INSERT INTO `posts` (`id`, `user_id`, `title`, `text`, `media_id`, `category_id`, `created_at`, `updated_at`) VALUES (33, 33, 'Corrupti voluptatum a doloremque maiores officiis.', 'Inventore voluptatem quo vitae atque. Et aperiam nihil rerum non. Eius id ut ratione in cupiditate aut.', 33, 33, '1970-05-14 09:28:44', '1981-11-25 23:47:06');
INSERT INTO `posts` (`id`, `user_id`, `title`, `text`, `media_id`, `category_id`, `created_at`, `updated_at`) VALUES (34, 34, 'Quae aut nihil officiis voluptas dolor eum.', 'Voluptatem magni occaecati voluptate omnis culpa facere quibusdam autem. Perspiciatis in perspiciatis expedita nisi laboriosam. Eum libero dolorem aliquam iste.', 34, 34, '1971-02-21 04:51:36', '1975-12-02 14:39:51');
INSERT INTO `posts` (`id`, `user_id`, `title`, `text`, `media_id`, `category_id`, `created_at`, `updated_at`) VALUES (35, 35, 'In impedit et id qui.', 'Fugiat ut iure aliquam autem temporibus deserunt cupiditate laudantium. Tenetur dolor modi atque numquam. Dolor ipsum ratione possimus est consequatur consectetur ratione.', 35, 35, '2019-11-30 19:05:30', '2015-10-06 00:18:39');
INSERT INTO `posts` (`id`, `user_id`, `title`, `text`, `media_id`, `category_id`, `created_at`, `updated_at`) VALUES (36, 36, 'Sit enim magnam ducimus velit.', 'Id voluptatem laudantium nemo voluptatem autem. Natus sunt quo delectus cupiditate sit totam odit fugiat. Et voluptate enim dicta voluptas accusamus. Id alias cumque voluptas et.', 36, 36, '2015-04-04 14:20:46', '1973-08-01 21:28:57');
INSERT INTO `posts` (`id`, `user_id`, `title`, `text`, `media_id`, `category_id`, `created_at`, `updated_at`) VALUES (37, 37, 'A aut laborum non ad nesciunt.', 'Provident quidem fugiat illo sint. Voluptas ut esse et velit corporis voluptatum. Suscipit debitis quia voluptates vitae dolor aspernatur.', 37, 37, '2019-01-17 11:41:59', '2000-04-25 01:38:07');
INSERT INTO `posts` (`id`, `user_id`, `title`, `text`, `media_id`, `category_id`, `created_at`, `updated_at`) VALUES (38, 38, 'Est est repellendus aut in ipsa dolor dolores.', 'Delectus laborum et exercitationem ut optio voluptatem molestiae eum. Recusandae distinctio et ut sit et dolorem. Qui enim eos voluptas necessitatibus pariatur et.', 38, 38, '1987-12-08 22:58:52', '2012-08-03 10:02:59');
INSERT INTO `posts` (`id`, `user_id`, `title`, `text`, `media_id`, `category_id`, `created_at`, `updated_at`) VALUES (39, 39, 'Facere corrupti at sit ducimus ipsa esse natus.', 'Reprehenderit minima vel dolore corporis omnis. Totam autem accusantium neque reiciendis delectus aspernatur. Quis fugiat at ut natus omnis. Non eos sequi voluptas rerum velit earum.', 39, 39, '1970-05-27 13:00:48', '2007-10-19 04:08:30');
INSERT INTO `posts` (`id`, `user_id`, `title`, `text`, `media_id`, `category_id`, `created_at`, `updated_at`) VALUES (40, 40, 'Aliquid qui quaerat minus totam enim.', 'Quia quis velit voluptatibus numquam temporibus. Magni consequatur quidem libero omnis aspernatur. Sequi et nobis doloremque consectetur. Eveniet ut eligendi eos voluptatem alias est.', 40, 40, '1975-06-13 10:53:37', '2003-11-08 20:59:52');
INSERT INTO `posts` (`id`, `user_id`, `title`, `text`, `media_id`, `category_id`, `created_at`, `updated_at`) VALUES (41, 41, 'Necessitatibus tenetur rerum sit tempore expedita quo accusantium fugiat.', 'Consequuntur illum ex tempore voluptate temporibus delectus dolorem. Voluptatem aliquam rerum voluptas asperiores. Ab neque molestias rerum pariatur.', 41, 41, '2000-01-13 12:16:17', '2000-06-25 15:09:42');
INSERT INTO `posts` (`id`, `user_id`, `title`, `text`, `media_id`, `category_id`, `created_at`, `updated_at`) VALUES (42, 42, 'Est enim quia quam voluptatibus.', 'Repudiandae rem omnis aspernatur rerum incidunt est sequi. Impedit delectus et assumenda ipsum in ab inventore.', 42, 42, '1985-03-11 18:19:36', '2005-12-06 11:03:53');
INSERT INTO `posts` (`id`, `user_id`, `title`, `text`, `media_id`, `category_id`, `created_at`, `updated_at`) VALUES (43, 43, 'Architecto voluptas sit sit odio.', 'Et odit maxime deleniti nulla. Et officia omnis voluptatem excepturi atque nam quos sint. Nihil labore non voluptatem tempora quis ut necessitatibus.', 43, 43, '1993-07-02 15:05:39', '1995-07-04 15:41:21');
INSERT INTO `posts` (`id`, `user_id`, `title`, `text`, `media_id`, `category_id`, `created_at`, `updated_at`) VALUES (44, 44, 'Deleniti autem assumenda architecto dolor error illum.', 'Voluptatem iusto delectus accusantium et alias in et. Et reprehenderit voluptatem facilis autem. Velit explicabo perspiciatis incidunt tempora. Et sequi aliquam ut et laboriosam.', 44, 44, '2001-08-02 17:49:30', '1999-12-07 05:35:36');
INSERT INTO `posts` (`id`, `user_id`, `title`, `text`, `media_id`, `category_id`, `created_at`, `updated_at`) VALUES (45, 45, 'Praesentium optio ut expedita doloribus est sed.', 'Dolore est architecto sequi alias asperiores. Similique inventore est maxime dolores corporis. Dolor molestiae fugiat laudantium natus qui eius molestiae.', 45, 45, '1983-04-18 20:14:29', '1999-11-07 19:16:13');
INSERT INTO `posts` (`id`, `user_id`, `title`, `text`, `media_id`, `category_id`, `created_at`, `updated_at`) VALUES (46, 46, 'Accusamus commodi reiciendis consequatur dolorem.', 'Porro sit est nam voluptas magni quibusdam labore. Et et perferendis quos. Fugit error eos officia.', 46, 46, '2003-10-17 17:59:44', '1990-04-24 07:51:22');
INSERT INTO `posts` (`id`, `user_id`, `title`, `text`, `media_id`, `category_id`, `created_at`, `updated_at`) VALUES (47, 47, 'Sed eos autem error accusamus facilis sapiente.', 'Nisi culpa reiciendis et modi iste quaerat asperiores. Aut esse eum porro velit nobis. Vel laudantium eos voluptate ipsum est illo fuga.', 47, 47, '2004-01-27 06:56:48', '1997-05-24 15:40:09');
INSERT INTO `posts` (`id`, `user_id`, `title`, `text`, `media_id`, `category_id`, `created_at`, `updated_at`) VALUES (48, 48, 'Molestias sed esse quia id impedit molestiae eum.', 'Possimus ipsa deleniti deserunt voluptatem minima nemo ea et. Autem ad qui illo nostrum. Qui voluptas quibusdam voluptates explicabo.', 48, 48, '1981-07-07 18:40:22', '1987-04-26 05:46:59');
INSERT INTO `posts` (`id`, `user_id`, `title`, `text`, `media_id`, `category_id`, `created_at`, `updated_at`) VALUES (49, 49, 'Corporis quidem assumenda inventore dolor.', 'Iure eum repudiandae doloremque. Molestias quia occaecati consequatur sed. Eum quis aut unde et.', 49, 49, '1994-12-02 14:32:08', '2009-11-07 00:17:03');
INSERT INTO `posts` (`id`, `user_id`, `title`, `text`, `media_id`, `category_id`, `created_at`, `updated_at`) VALUES (50, 50, 'Reiciendis ex magnam quidem nobis.', 'Quibusdam laudantium aut nulla sed rerum. Ut dolor nemo molestiae facere. Placeat omnis quis magni nemo voluptas ratione accusantium.', 50, 50, '1991-03-07 15:33:02', '1989-01-26 11:37:15');
INSERT INTO `posts` (`id`, `user_id`, `title`, `text`, `media_id`, `category_id`, `created_at`, `updated_at`) VALUES (51, 51, 'Labore rerum dolorem recusandae commodi.', 'Facilis magnam officiis doloremque non. Doloremque odit alias et id in sit. Veniam ut dolor qui doloribus et. Inventore est temporibus corporis voluptatibus minima voluptas.', 51, 51, '2012-03-27 02:54:19', '1997-07-19 09:49:27');
INSERT INTO `posts` (`id`, `user_id`, `title`, `text`, `media_id`, `category_id`, `created_at`, `updated_at`) VALUES (52, 52, 'Molestias temporibus praesentium rem nihil ipsam rerum.', 'Neque sit laborum error aliquid libero tenetur sint. Perspiciatis alias est praesentium aut. Minus iure ut rerum ut magni velit consequatur. Soluta dolores natus blanditiis qui.', 52, 52, '2011-06-03 14:04:03', '2013-12-15 14:40:05');
INSERT INTO `posts` (`id`, `user_id`, `title`, `text`, `media_id`, `category_id`, `created_at`, `updated_at`) VALUES (53, 53, 'Inventore delectus adipisci nihil et voluptatem repellendus.', 'Esse est commodi et illum hic voluptas neque. Porro numquam perspiciatis quisquam officiis enim. Voluptas ut optio ea. Doloremque occaecati quis velit sint inventore nam.', 53, 53, '1991-03-23 12:47:37', '1975-06-28 15:23:59');
INSERT INTO `posts` (`id`, `user_id`, `title`, `text`, `media_id`, `category_id`, `created_at`, `updated_at`) VALUES (54, 54, 'Ex magnam reiciendis iste in.', 'Dolorem praesentium est ad. Autem ducimus autem voluptates consequatur exercitationem et. Repudiandae deserunt praesentium nulla in reiciendis expedita ipsum.', 54, 54, '1984-11-23 16:01:03', '1980-01-18 13:24:21');
INSERT INTO `posts` (`id`, `user_id`, `title`, `text`, `media_id`, `category_id`, `created_at`, `updated_at`) VALUES (55, 55, 'Rem minima eligendi libero.', 'Ea corrupti pariatur tenetur quam ut iure tempora. Vero praesentium qui quia pariatur quos officia. Ut eum quo consequatur iste. Sit reprehenderit sequi temporibus dolores voluptate minima voluptas.', 55, 55, '2008-05-25 21:41:48', '1989-03-18 13:31:35');
INSERT INTO `posts` (`id`, `user_id`, `title`, `text`, `media_id`, `category_id`, `created_at`, `updated_at`) VALUES (56, 56, 'Quae et quibusdam necessitatibus itaque rerum.', 'Voluptas suscipit ut temporibus sit rerum fugit. Magni sit ea ea corporis dolor. Voluptatem perferendis nulla nemo rerum et. Quae at ipsa accusantium nobis.', 56, 56, '2007-06-27 22:13:00', '1994-08-18 08:57:57');
INSERT INTO `posts` (`id`, `user_id`, `title`, `text`, `media_id`, `category_id`, `created_at`, `updated_at`) VALUES (57, 57, 'Dolores occaecati quidem hic qui.', 'Vero qui tempore distinctio. Impedit illum est totam necessitatibus alias non quia dolorum. Itaque aut soluta tempore inventore qui itaque. Quo voluptatem placeat est.', 57, 57, '2000-06-28 11:34:16', '1970-09-27 22:59:38');
INSERT INTO `posts` (`id`, `user_id`, `title`, `text`, `media_id`, `category_id`, `created_at`, `updated_at`) VALUES (58, 58, 'Blanditiis est amet et praesentium.', 'Porro labore aut provident qui. Nisi repellat ex ut libero et necessitatibus. Aut molestiae quis illum corporis. Iste magni ipsa et.', 58, 58, '2010-04-03 07:38:53', '1992-03-13 00:55:42');
INSERT INTO `posts` (`id`, `user_id`, `title`, `text`, `media_id`, `category_id`, `created_at`, `updated_at`) VALUES (59, 59, 'Rerum aut aperiam nihil reprehenderit voluptatem nemo.', 'Corporis non dignissimos explicabo magni sed eveniet. Vitae consequatur voluptatem voluptatum at. Vel dolorum cum rerum. Maiores sed eos id porro expedita dolorem.', 59, 59, '1991-03-15 15:13:21', '2000-10-17 09:02:46');
INSERT INTO `posts` (`id`, `user_id`, `title`, `text`, `media_id`, `category_id`, `created_at`, `updated_at`) VALUES (60, 60, 'Iusto excepturi voluptate voluptate optio illum optio et.', 'Eaque ut possimus tenetur sunt assumenda laborum. Esse dolores provident quia atque doloribus. Minus hic sit quaerat similique voluptatem sit et. Omnis eaque natus voluptatibus nam dolorem ut.', 60, 60, '1975-10-01 00:30:03', '1989-06-15 19:29:09');
INSERT INTO `posts` (`id`, `user_id`, `title`, `text`, `media_id`, `category_id`, `created_at`, `updated_at`) VALUES (61, 61, 'Cumque molestiae atque adipisci voluptates praesentium dolorem.', 'Sit est facilis aut debitis quas doloremque. Facere illo harum inventore itaque totam praesentium. Vero voluptate molestias temporibus.', 61, 61, '2007-06-21 00:25:56', '1991-05-03 19:36:34');
INSERT INTO `posts` (`id`, `user_id`, `title`, `text`, `media_id`, `category_id`, `created_at`, `updated_at`) VALUES (62, 62, 'Et quia excepturi mollitia molestiae dignissimos.', 'Et qui sit quia ex omnis vitae. Amet distinctio est voluptate itaque repudiandae culpa. Maiores quibusdam tenetur qui voluptatum eum. Officia rerum earum consequatur illo aut aut aut.', 62, 62, '2002-08-17 05:34:09', '2006-11-26 16:06:04');
INSERT INTO `posts` (`id`, `user_id`, `title`, `text`, `media_id`, `category_id`, `created_at`, `updated_at`) VALUES (63, 63, 'Id rerum nihil voluptatem illum.', 'Illo aut dolor omnis quo dicta. Doloremque vero nobis quo non veritatis dolor laudantium. Aut inventore voluptas iure aut ea quam non. Aut accusamus quos aspernatur eos quia nihil sed.', 63, 63, '1998-08-21 06:38:25', '1986-08-25 08:13:04');
INSERT INTO `posts` (`id`, `user_id`, `title`, `text`, `media_id`, `category_id`, `created_at`, `updated_at`) VALUES (64, 64, 'Modi exercitationem eos aut autem sequi repellendus.', 'Et consectetur aut vel voluptates error est. Rerum accusantium est odio. Et delectus quidem molestias vel cupiditate reiciendis officiis. Nesciunt ut enim est minima molestias animi.', 64, 64, '1989-06-04 19:17:43', '1972-03-03 00:53:39');
INSERT INTO `posts` (`id`, `user_id`, `title`, `text`, `media_id`, `category_id`, `created_at`, `updated_at`) VALUES (65, 65, 'Dolorem non corporis molestiae dolor sed sunt.', 'Earum ut consequatur sed quidem quaerat facilis ullam. Aut assumenda commodi aut accusamus a. Consectetur facilis ut aut itaque sit asperiores asperiores sequi.', 65, 65, '1988-11-25 16:48:45', '2013-11-09 03:18:30');
INSERT INTO `posts` (`id`, `user_id`, `title`, `text`, `media_id`, `category_id`, `created_at`, `updated_at`) VALUES (66, 66, 'Ab id aspernatur rerum veritatis iure.', 'Adipisci amet nihil fuga consequuntur ut itaque quisquam. Unde quisquam quia quidem numquam sunt quis natus. Reprehenderit expedita qui adipisci voluptas quod.', 66, 66, '2019-07-11 11:08:03', '1998-02-04 21:56:31');
INSERT INTO `posts` (`id`, `user_id`, `title`, `text`, `media_id`, `category_id`, `created_at`, `updated_at`) VALUES (67, 67, 'Quaerat ratione enim libero commodi.', 'Quia est omnis corporis non. Quo dolore et soluta quis id delectus molestiae. Nulla voluptatem deserunt ab aut. Nihil non enim aut.', 67, 67, '1997-12-02 20:58:02', '2012-06-14 12:04:09');
INSERT INTO `posts` (`id`, `user_id`, `title`, `text`, `media_id`, `category_id`, `created_at`, `updated_at`) VALUES (68, 68, 'Non dicta reiciendis et voluptate recusandae.', 'Totam iure eum ab occaecati. Aliquid itaque quia ipsa nulla voluptas. Aut asperiores porro minus occaecati laudantium sint.', 68, 68, '1984-01-08 17:21:52', '1992-05-09 01:15:45');
INSERT INTO `posts` (`id`, `user_id`, `title`, `text`, `media_id`, `category_id`, `created_at`, `updated_at`) VALUES (69, 69, 'Nisi dignissimos sint officia est aperiam nemo quia.', 'Corporis sit molestias enim corporis odio consequatur. Incidunt facilis voluptas perspiciatis error nobis enim quo. Doloribus molestias nulla et commodi sapiente sed aut.', 69, 69, '1981-07-13 01:46:01', '2018-01-09 09:59:47');
INSERT INTO `posts` (`id`, `user_id`, `title`, `text`, `media_id`, `category_id`, `created_at`, `updated_at`) VALUES (70, 70, 'Ut minus ullam ut consequatur itaque.', 'Sunt quae sunt qui maxime vitae et assumenda. Tempore recusandae maiores ipsam architecto. Quis illum ipsum velit optio inventore repellendus vero.', 70, 70, '2001-08-08 12:18:27', '1998-07-12 23:04:22');
INSERT INTO `posts` (`id`, `user_id`, `title`, `text`, `media_id`, `category_id`, `created_at`, `updated_at`) VALUES (71, 71, 'Et officia accusantium nobis in similique minima explicabo eligendi.', 'Dolorem labore fugit ipsam totam deserunt. Totam fugiat aliquid repellat et consectetur modi et. Ut minima et et delectus.', 71, 71, '1998-01-17 00:36:17', '1989-06-21 18:43:39');
INSERT INTO `posts` (`id`, `user_id`, `title`, `text`, `media_id`, `category_id`, `created_at`, `updated_at`) VALUES (72, 72, 'Cupiditate repellat consequatur dolore dignissimos voluptas doloribus laudantium.', 'Amet impedit soluta tempora molestiae ipsa. Quis voluptas repellendus laborum sed ut optio maiores. Voluptatum est accusamus natus adipisci.', 72, 72, '1976-02-22 06:51:19', '1990-09-08 02:22:06');
INSERT INTO `posts` (`id`, `user_id`, `title`, `text`, `media_id`, `category_id`, `created_at`, `updated_at`) VALUES (73, 73, 'Nisi et voluptatem velit.', 'Odio non ipsum facere ducimus tempore. Molestiae aut voluptatem nesciunt maiores suscipit. Commodi alias sint veritatis veritatis numquam ut fugiat veritatis.', 73, 73, '2012-08-21 05:54:07', '2006-04-09 12:52:36');
INSERT INTO `posts` (`id`, `user_id`, `title`, `text`, `media_id`, `category_id`, `created_at`, `updated_at`) VALUES (74, 74, 'Velit exercitationem non est reiciendis ut quidem odit.', 'Omnis a accusamus fugiat exercitationem corrupti ab hic nemo. Eum necessitatibus soluta voluptatibus. Sed quidem voluptas distinctio.', 74, 74, '1975-04-15 08:48:28', '1996-08-04 05:08:49');
INSERT INTO `posts` (`id`, `user_id`, `title`, `text`, `media_id`, `category_id`, `created_at`, `updated_at`) VALUES (75, 75, 'Possimus non sed quibusdam aut unde suscipit.', 'Eius porro molestias ea autem. Veniam est sit magnam id. Placeat autem nobis molestias corrupti et architecto. Quidem non et quasi ut rerum quae.', 75, 75, '2010-03-14 02:31:03', '1986-09-22 06:54:06');
INSERT INTO `posts` (`id`, `user_id`, `title`, `text`, `media_id`, `category_id`, `created_at`, `updated_at`) VALUES (76, 76, 'Non laboriosam aperiam similique iusto nesciunt laudantium nostrum sapiente.', 'Rerum error ea beatae. Libero quod possimus non harum et quia dicta. Rerum expedita ipsum maxime est dignissimos ad quisquam et.', 76, 76, '2015-03-09 20:07:34', '1983-11-11 08:21:24');
INSERT INTO `posts` (`id`, `user_id`, `title`, `text`, `media_id`, `category_id`, `created_at`, `updated_at`) VALUES (77, 77, 'Enim ipsam velit est maxime dicta aliquam explicabo.', 'A quo et quisquam. Esse dolor culpa atque voluptatem nihil laborum rerum. Odio autem quia quis ut accusamus corrupti aut.', 77, 77, '2015-08-22 08:13:40', '1989-01-17 09:33:06');
INSERT INTO `posts` (`id`, `user_id`, `title`, `text`, `media_id`, `category_id`, `created_at`, `updated_at`) VALUES (78, 78, 'Autem laborum corrupti corporis consequuntur.', 'Accusantium ut eum quia voluptatum perspiciatis. Animi dolor odit possimus et similique sint.', 78, 78, '1975-10-01 12:16:52', '1986-12-04 07:49:36');
INSERT INTO `posts` (`id`, `user_id`, `title`, `text`, `media_id`, `category_id`, `created_at`, `updated_at`) VALUES (79, 79, 'Quam tempore maxime aperiam blanditiis eius impedit libero nulla.', 'Quibusdam molestiae sint incidunt. Possimus in dolor quas quas necessitatibus recusandae maxime. Ratione quisquam ipsam ea eos excepturi et accusantium blanditiis.', 79, 79, '2007-04-17 15:58:47', '2012-03-10 10:47:14');
INSERT INTO `posts` (`id`, `user_id`, `title`, `text`, `media_id`, `category_id`, `created_at`, `updated_at`) VALUES (80, 80, 'Sint mollitia rem laudantium vitae.', 'Aliquid sed impedit sit explicabo sint tempora. Totam laudantium eaque sit qui ducimus.\nA quia optio perspiciatis autem nam aperiam ex. Odio suscipit voluptates doloribus illum veniam.', 80, 80, '2018-05-15 11:13:22', '2011-10-14 16:08:54');
INSERT INTO `posts` (`id`, `user_id`, `title`, `text`, `media_id`, `category_id`, `created_at`, `updated_at`) VALUES (81, 81, 'Suscipit aspernatur itaque facere dolorem et sit sit.', 'In vel voluptas neque odio voluptas. Delectus sint architecto sunt quia amet quia. Possimus sed repellat ut quisquam earum fugiat. Ullam doloremque impedit assumenda delectus expedita aut quia.', 81, 81, '2006-04-07 19:13:01', '2015-03-13 13:29:32');
INSERT INTO `posts` (`id`, `user_id`, `title`, `text`, `media_id`, `category_id`, `created_at`, `updated_at`) VALUES (82, 82, 'Rerum repudiandae dignissimos eum.', 'Id dolorem temporibus magni est minus in. Dolor voluptas eaque labore rerum adipisci aut quis. Odit consectetur laboriosam a qui eius similique. Cupiditate blanditiis dolor et.', 82, 82, '2012-02-11 23:49:55', '1990-11-17 10:11:26');
INSERT INTO `posts` (`id`, `user_id`, `title`, `text`, `media_id`, `category_id`, `created_at`, `updated_at`) VALUES (83, 83, 'Et rerum eveniet eos est.', 'Et sed eos qui vel sed voluptatem. Vero sequi suscipit repudiandae aut et. Officiis quidem natus iste nihil.', 83, 83, '2011-08-04 10:04:42', '2018-11-27 09:56:59');
INSERT INTO `posts` (`id`, `user_id`, `title`, `text`, `media_id`, `category_id`, `created_at`, `updated_at`) VALUES (84, 84, 'Doloribus praesentium temporibus fuga sint necessitatibus.', 'Dolorem culpa consequatur sit omnis. Vel nihil amet et rerum occaecati.', 84, 84, '2018-01-13 00:07:05', '2003-06-22 14:43:21');
INSERT INTO `posts` (`id`, `user_id`, `title`, `text`, `media_id`, `category_id`, `created_at`, `updated_at`) VALUES (85, 85, 'Ipsum exercitationem ea dolor consequatur et odit aperiam.', 'Magnam repellendus aut voluptatem sit hic voluptas. Incidunt architecto id sint fuga. Optio eos quia fugit ipsa nesciunt voluptas est. Rem nihil nostrum aliquid excepturi rerum necessitatibus.', 85, 85, '1981-09-19 20:22:44', '2006-01-06 16:08:57');
INSERT INTO `posts` (`id`, `user_id`, `title`, `text`, `media_id`, `category_id`, `created_at`, `updated_at`) VALUES (86, 86, 'Ea nihil est nesciunt quo dolore sint.', 'Velit fugit tenetur in expedita hic est. Voluptas labore et fuga consequatur ipsum reiciendis et. Consequuntur quibusdam in explicabo sint.', 86, 86, '2005-01-23 16:50:38', '1996-02-20 22:53:35');
INSERT INTO `posts` (`id`, `user_id`, `title`, `text`, `media_id`, `category_id`, `created_at`, `updated_at`) VALUES (87, 87, 'Iusto maxime dolores quidem facere aliquid dolore.', 'Qui repellat assumenda et et quia qui illo non. Consequuntur molestiae quas quo sed et explicabo nihil.', 87, 87, '1982-09-07 08:50:50', '1988-03-04 14:54:08');
INSERT INTO `posts` (`id`, `user_id`, `title`, `text`, `media_id`, `category_id`, `created_at`, `updated_at`) VALUES (88, 88, 'At quia nesciunt minima aut asperiores dignissimos aut.', 'Nam voluptatem sed ad. Asperiores autem qui at dolor fugiat. Consectetur expedita repellat natus id debitis atque.', 88, 88, '2002-02-04 00:57:49', '2016-01-09 20:47:36');
INSERT INTO `posts` (`id`, `user_id`, `title`, `text`, `media_id`, `category_id`, `created_at`, `updated_at`) VALUES (89, 89, 'Quia rerum exercitationem ut debitis quisquam iste molestias et.', 'Deleniti accusantium doloremque voluptas. Veritatis et aliquid et maxime. Reprehenderit aut saepe occaecati doloribus.', 89, 89, '1989-12-31 12:58:21', '2010-07-22 13:55:11');
INSERT INTO `posts` (`id`, `user_id`, `title`, `text`, `media_id`, `category_id`, `created_at`, `updated_at`) VALUES (90, 90, 'Et fugit et quasi hic.', 'Excepturi cumque nisi sed consequatur assumenda velit. Ab voluptas quo harum velit. Et tenetur totam nobis. Placeat aut et est exercitationem.', 90, 90, '2013-02-09 22:44:39', '1996-08-31 04:25:53');
INSERT INTO `posts` (`id`, `user_id`, `title`, `text`, `media_id`, `category_id`, `created_at`, `updated_at`) VALUES (91, 91, 'Voluptas cumque voluptatum atque.', 'Non fugiat eveniet doloribus reiciendis. Sit aliquam aperiam velit saepe qui. Suscipit et nihil magni id soluta. Libero totam nulla odio est.', 91, 91, '2006-01-30 16:01:33', '1988-12-31 10:57:39');
INSERT INTO `posts` (`id`, `user_id`, `title`, `text`, `media_id`, `category_id`, `created_at`, `updated_at`) VALUES (92, 92, 'Optio perspiciatis asperiores voluptate voluptatum omnis placeat quidem.', 'Reprehenderit eaque beatae occaecati est dolorem minima. Quasi in rerum doloribus molestiae suscipit laborum. Ad est ullam aperiam autem et doloremque.', 92, 92, '2008-10-05 17:21:53', '2014-05-16 15:47:18');
INSERT INTO `posts` (`id`, `user_id`, `title`, `text`, `media_id`, `category_id`, `created_at`, `updated_at`) VALUES (93, 93, 'Explicabo maxime rerum totam ducimus ratione perferendis.', 'Rerum optio eligendi vero. Hic asperiores similique amet aut eos vero. Tempore et consectetur ea praesentium fugit facere velit eum.', 93, 93, '1995-04-28 02:18:43', '1989-12-23 03:11:26');
INSERT INTO `posts` (`id`, `user_id`, `title`, `text`, `media_id`, `category_id`, `created_at`, `updated_at`) VALUES (94, 94, 'Laudantium natus accusantium commodi dignissimos.', 'Laboriosam animi et animi consectetur et repellendus ipsam. Sed facilis eos velit exercitationem perspiciatis. Cum quibusdam aperiam quidem molestias quasi.', 94, 94, '2015-04-17 22:58:30', '1993-01-13 06:50:57');
INSERT INTO `posts` (`id`, `user_id`, `title`, `text`, `media_id`, `category_id`, `created_at`, `updated_at`) VALUES (95, 95, 'Cumque perspiciatis fuga dicta vel et vel incidunt.', 'Aut dicta numquam minus repudiandae perferendis. Aspernatur quasi delectus non quis. Repellendus nihil labore consequatur deleniti. Ut perferendis qui quia minus quam.', 95, 95, '1984-08-04 22:31:33', '2005-12-21 23:38:04');
INSERT INTO `posts` (`id`, `user_id`, `title`, `text`, `media_id`, `category_id`, `created_at`, `updated_at`) VALUES (96, 96, 'Nulla repudiandae natus necessitatibus soluta ipsum corporis voluptatum.', 'Asperiores rerum possimus adipisci atque non. Molestias delectus aut quia dignissimos odit eaque. Nesciunt perferendis deserunt ratione.', 96, 96, '1985-06-08 01:16:02', '1998-03-07 23:52:55');
INSERT INTO `posts` (`id`, `user_id`, `title`, `text`, `media_id`, `category_id`, `created_at`, `updated_at`) VALUES (97, 97, 'Minus sed ad voluptas sunt veritatis.', 'Consequuntur facere maxime voluptatem saepe et autem. Corrupti provident repellat voluptas omnis et officiis. Et quam ab quis odit.', 97, 97, '2002-09-22 17:38:37', '1973-10-10 10:41:15');
INSERT INTO `posts` (`id`, `user_id`, `title`, `text`, `media_id`, `category_id`, `created_at`, `updated_at`) VALUES (98, 98, 'Quia a dolores vitae quas.', 'Fuga rerum quidem quia modi quae distinctio voluptates. Labore quis autem suscipit unde ipsam cum. Ea quod quia sunt cupiditate neque accusamus. Explicabo praesentium excepturi quia fugit esse.', 98, 98, '1988-10-27 00:39:31', '1999-11-11 10:22:46');
INSERT INTO `posts` (`id`, `user_id`, `title`, `text`, `media_id`, `category_id`, `created_at`, `updated_at`) VALUES (99, 99, 'Inventore in non et quia asperiores qui magni.', 'Alias id voluptatem fugit velit inventore qui et. Est unde pariatur ratione. Eveniet quae possimus qui.', 99, 99, '1995-02-03 05:31:44', '2008-02-23 11:58:57');
INSERT INTO `posts` (`id`, `user_id`, `title`, `text`, `media_id`, `category_id`, `created_at`, `updated_at`) VALUES (100, 100, 'Voluptas velit laudantium deleniti laboriosam minus voluptas.', 'Voluptatem quo sapiente ut temporibus dolor ut aut. Possimus rerum sint reprehenderit sed. Enim rerum recusandae debitis perferendis. Vel voluptates iure recusandae quisquam dolores ut.', 100, 100, '1974-07-06 06:52:51', '2009-10-15 05:31:48');
INSERT INTO `posts` (`id`, `user_id`, `title`, `text`, `media_id`, `category_id`, `created_at`, `updated_at`) VALUES (101, 1, 'Rerum consectetur doloribus adipisci omnis sed itaque pariatur sunt.', 'Molestiae distinctio pariatur molestiae alias sequi. Est pariatur consequatur ut ut. Asperiores est dolorem vero ex doloremque sit. Non sapiente facere nobis accusantium nulla.', 101, 101, '1972-02-25 07:43:08', '1989-07-16 16:06:17');
INSERT INTO `posts` (`id`, `user_id`, `title`, `text`, `media_id`, `category_id`, `created_at`, `updated_at`) VALUES (102, 2, 'Voluptatibus accusamus qui quo quia.', 'Architecto placeat unde eveniet eaque. Dolores quisquam ipsum vel perferendis est. Est laboriosam perferendis cumque et quia. Iusto aliquid laboriosam amet qui earum.', 102, 102, '1973-06-16 12:32:25', '1971-01-18 00:31:19');
INSERT INTO `posts` (`id`, `user_id`, `title`, `text`, `media_id`, `category_id`, `created_at`, `updated_at`) VALUES (103, 3, 'Cumque esse accusamus magnam.', 'Architecto ducimus sit odit expedita quia impedit nulla. Ad cum aspernatur debitis aliquid et. Ipsam aut laborum et. Aut laudantium nobis ut voluptatum quo itaque.', 103, 103, '1980-02-22 16:31:50', '2011-04-16 01:30:03');
INSERT INTO `posts` (`id`, `user_id`, `title`, `text`, `media_id`, `category_id`, `created_at`, `updated_at`) VALUES (104, 4, 'Aspernatur consequatur cum placeat nihil ipsa consectetur repellendus error.', 'Velit quas nesciunt rerum necessitatibus nostrum ab. Quasi et cumque omnis fugit est doloremque et.', 104, 104, '1995-02-06 22:58:08', '1989-04-24 12:54:27');
INSERT INTO `posts` (`id`, `user_id`, `title`, `text`, `media_id`, `category_id`, `created_at`, `updated_at`) VALUES (105, 5, 'Amet tempora quas placeat ut explicabo ex exercitationem.', 'Saepe eos assumenda aliquid nam nesciunt rerum tempora. Similique eos quidem esse et eius ex rem.', 105, 105, '1988-02-29 11:36:19', '1992-04-24 06:35:54');
INSERT INTO `posts` (`id`, `user_id`, `title`, `text`, `media_id`, `category_id`, `created_at`, `updated_at`) VALUES (106, 6, 'Esse molestias sunt voluptas eaque et.', 'Quia quos omnis atque doloribus sunt. Assumenda similique numquam aliquid necessitatibus tenetur. Vero et dolor eum similique.', 106, 106, '1988-01-14 14:15:58', '2000-04-28 19:50:19');
INSERT INTO `posts` (`id`, `user_id`, `title`, `text`, `media_id`, `category_id`, `created_at`, `updated_at`) VALUES (107, 7, 'Dolor provident rerum dolore numquam optio.', 'Ex hic fugiat quia eos suscipit sit. Ad placeat voluptas est fugit et et. Unde porro eos quisquam in vel.', 107, 107, '2012-04-25 00:28:52', '1992-06-19 17:29:23');
INSERT INTO `posts` (`id`, `user_id`, `title`, `text`, `media_id`, `category_id`, `created_at`, `updated_at`) VALUES (108, 8, 'Praesentium veniam facilis dolore illum.', 'Veniam pariatur a commodi eum atque. Aliquid harum quo sunt ullam. Dolore aliquid voluptatem explicabo alias nobis nostrum. Ipsam dignissimos tenetur veniam.', 108, 108, '1970-02-08 12:48:04', '2001-10-14 14:23:18');
INSERT INTO `posts` (`id`, `user_id`, `title`, `text`, `media_id`, `category_id`, `created_at`, `updated_at`) VALUES (109, 9, 'Eveniet sequi quod totam aut optio sapiente.', 'Doloribus vel eligendi consectetur. Voluptatum nobis libero et voluptatum. Esse voluptatum ut in veritatis.', 109, 109, '2012-01-04 03:35:10', '1976-06-20 06:19:14');
INSERT INTO `posts` (`id`, `user_id`, `title`, `text`, `media_id`, `category_id`, `created_at`, `updated_at`) VALUES (110, 10, 'Ab voluptas et delectus expedita.', 'Deserunt occaecati nulla ducimus dolores. Dolor impedit suscipit id esse. Aperiam cum reprehenderit excepturi sint omnis nesciunt.', 110, 110, '1987-05-04 22:38:42', '2017-06-03 09:59:52');
INSERT INTO `posts` (`id`, `user_id`, `title`, `text`, `media_id`, `category_id`, `created_at`, `updated_at`) VALUES (111, 11, 'Eum iste cumque doloremque omnis autem.', 'Dolorem ut molestiae nihil voluptatem et facilis atque et. Ut minus eligendi deserunt. Explicabo harum sed quasi iusto ipsum magni deleniti aspernatur.', 111, 111, '1980-08-07 08:04:00', '2004-06-27 06:58:15');
INSERT INTO `posts` (`id`, `user_id`, `title`, `text`, `media_id`, `category_id`, `created_at`, `updated_at`) VALUES (112, 12, 'Est ipsam et dolor dicta quod qui dolorem.', 'Dolore voluptas harum est nihil. Vero odit in dolores dolorem et. Voluptas aliquam iusto ad accusantium dignissimos totam earum.', 112, 112, '1988-08-25 00:17:03', '1991-07-25 15:30:20');
INSERT INTO `posts` (`id`, `user_id`, `title`, `text`, `media_id`, `category_id`, `created_at`, `updated_at`) VALUES (113, 13, 'Ducimus ea ullam dolores aliquam repellat autem.', 'Id ratione eveniet debitis maiores nihil. Similique nulla autem iusto sit veritatis est unde omnis. Vel consequatur dolor provident odit. Maxime nihil totam et ut vel.', 113, 113, '1990-08-21 14:49:55', '1995-11-16 21:10:32');
INSERT INTO `posts` (`id`, `user_id`, `title`, `text`, `media_id`, `category_id`, `created_at`, `updated_at`) VALUES (114, 14, 'Doloribus velit at consectetur sit aut aut.', 'Soluta iure perspiciatis sit fuga incidunt unde culpa quos. Nobis natus est sed sint qui. Consequatur et ut delectus et. Rerum harum velit non dignissimos.', 114, 114, '1976-05-17 14:52:26', '2004-04-18 05:37:00');
INSERT INTO `posts` (`id`, `user_id`, `title`, `text`, `media_id`, `category_id`, `created_at`, `updated_at`) VALUES (115, 15, 'Dolorem iste iusto labore occaecati.', 'Ut consequatur aperiam qui voluptatem cumque iste. Blanditiis officia voluptatum et quia. Veritatis nemo recusandae quo sed.', 115, 115, '2014-12-05 13:48:13', '1990-03-17 04:09:19');
INSERT INTO `posts` (`id`, `user_id`, `title`, `text`, `media_id`, `category_id`, `created_at`, `updated_at`) VALUES (116, 16, 'Placeat saepe ea unde iste numquam repudiandae impedit.', 'Et aliquid occaecati et optio magni deserunt est. Omnis omnis et esse atque. Pariatur perferendis excepturi earum repellendus optio omnis repellendus.', 116, 116, '2017-03-21 23:43:58', '2015-12-30 18:31:53');
INSERT INTO `posts` (`id`, `user_id`, `title`, `text`, `media_id`, `category_id`, `created_at`, `updated_at`) VALUES (117, 17, 'Et rerum cupiditate omnis et laboriosam repudiandae quas dolore.', 'Fugiat impedit quo et deleniti culpa amet. Tempore quia qui nemo assumenda aperiam exercitationem. Et ipsum expedita animi enim itaque dolorem.', 117, 117, '1996-02-23 05:37:38', '1995-06-03 06:33:53');
INSERT INTO `posts` (`id`, `user_id`, `title`, `text`, `media_id`, `category_id`, `created_at`, `updated_at`) VALUES (118, 18, 'Sit sequi magnam nostrum.', 'Fugiat quasi vero dolorum nostrum ut vitae ut. Autem dolor deleniti enim expedita assumenda odio. Aut velit repellat laboriosam sint. Laborum rerum adipisci officia laboriosam delectus autem.', 118, 118, '2009-08-19 13:23:10', '1981-05-14 11:17:50');
INSERT INTO `posts` (`id`, `user_id`, `title`, `text`, `media_id`, `category_id`, `created_at`, `updated_at`) VALUES (119, 19, 'Et omnis aperiam ut quo.', 'Sit earum quia laborum repellendus inventore. Sint excepturi maiores totam assumenda. Odit reprehenderit dignissimos molestiae modi.', 119, 119, '1972-04-29 16:07:50', '1971-05-31 12:13:54');
INSERT INTO `posts` (`id`, `user_id`, `title`, `text`, `media_id`, `category_id`, `created_at`, `updated_at`) VALUES (120, 20, 'Et incidunt saepe repellat et quisquam tempore.', 'Qui voluptates magnam et velit cupiditate ad. Sed et eveniet culpa enim eum praesentium.', 120, 120, '2008-08-28 00:05:26', '1971-01-29 15:29:07');
INSERT INTO `posts` (`id`, `user_id`, `title`, `text`, `media_id`, `category_id`, `created_at`, `updated_at`) VALUES (121, 21, 'Qui nesciunt vitae illum repudiandae adipisci.', 'Blanditiis ut minima iusto molestiae. Rerum eum officiis voluptatem qui. Est rerum voluptas molestias sunt praesentium cumque vitae.', 121, 121, '1990-01-04 16:20:20', '1989-09-08 02:40:27');
INSERT INTO `posts` (`id`, `user_id`, `title`, `text`, `media_id`, `category_id`, `created_at`, `updated_at`) VALUES (122, 22, 'Debitis voluptas impedit nemo quae.', 'Eum repudiandae odio iure non dolores corrupti qui nobis. Exercitationem quia quasi id doloremque non cumque sed. Vitae harum fugit ipsa.', 122, 122, '1978-07-18 15:10:32', '2015-12-02 21:07:29');
INSERT INTO `posts` (`id`, `user_id`, `title`, `text`, `media_id`, `category_id`, `created_at`, `updated_at`) VALUES (123, 23, 'Dolor qui possimus voluptatum consequuntur distinctio velit porro.', 'Ullam quia quidem voluptates et aliquid consequatur. Quibusdam aut fuga sed corrupti aut iusto. Nobis est quia repellat sapiente.', 123, 123, '2001-04-28 20:39:24', '2002-11-04 22:39:29');
INSERT INTO `posts` (`id`, `user_id`, `title`, `text`, `media_id`, `category_id`, `created_at`, `updated_at`) VALUES (124, 24, 'Vel quasi ea maxime sit esse.', 'Et quae esse assumenda qui. Quibusdam et modi eos distinctio dolorum expedita. Earum numquam aliquam temporibus quam a repellat quia veniam. Incidunt quidem inventore sapiente ducimus deleniti ipsam.', 124, 124, '1978-03-07 06:28:54', '1993-10-26 03:09:26');
INSERT INTO `posts` (`id`, `user_id`, `title`, `text`, `media_id`, `category_id`, `created_at`, `updated_at`) VALUES (125, 25, 'Commodi eos soluta omnis iusto esse.', 'Quidem dolor dolor excepturi suscipit. Omnis quis et ipsum quibusdam qui fugiat rem nihil.', 125, 125, '1974-12-11 22:35:34', '2008-07-21 03:37:09');
INSERT INTO `posts` (`id`, `user_id`, `title`, `text`, `media_id`, `category_id`, `created_at`, `updated_at`) VALUES (126, 26, 'Vitae rerum tempore corporis.', 'Nostrum fugiat quia eum quas velit doloremque. Aut autem quia et libero corporis recusandae et. At velit nemo recusandae odio. Aliquam optio eveniet ut necessitatibus illo saepe vitae.', 126, 126, '2012-09-07 12:29:06', '1998-05-01 09:13:14');
INSERT INTO `posts` (`id`, `user_id`, `title`, `text`, `media_id`, `category_id`, `created_at`, `updated_at`) VALUES (127, 27, 'Explicabo quis illo distinctio nobis laborum.', 'Suscipit fugit consequatur dolores. Et sapiente non ad qui consectetur.', 127, 127, '2014-05-02 21:40:50', '1972-08-05 00:44:23');
INSERT INTO `posts` (`id`, `user_id`, `title`, `text`, `media_id`, `category_id`, `created_at`, `updated_at`) VALUES (128, 28, 'Non maxime distinctio et quia eos.', 'Et est corrupti numquam aliquam. Et ut sit modi consequatur. Facilis ut itaque reprehenderit illum rerum nesciunt vel.', 128, 128, '2002-10-19 21:32:32', '2008-06-25 12:41:29');
INSERT INTO `posts` (`id`, `user_id`, `title`, `text`, `media_id`, `category_id`, `created_at`, `updated_at`) VALUES (129, 29, 'Delectus ad perferendis impedit delectus earum debitis.', 'Omnis ex in mollitia animi quae. Sint impedit et totam quos. Id reiciendis dolores est sequi neque a sequi. Qui corrupti et voluptas provident nemo.', 129, 129, '2005-06-24 16:20:33', '2004-12-15 11:44:36');
INSERT INTO `posts` (`id`, `user_id`, `title`, `text`, `media_id`, `category_id`, `created_at`, `updated_at`) VALUES (130, 30, 'Quia totam reiciendis dolorem.', 'Dolor praesentium et harum consequuntur dolores tempora saepe. Sit exercitationem omnis suscipit assumenda. Quia quia eos cupiditate laborum odio quis ut iure.', 130, 130, '1978-10-27 01:59:28', '1985-11-17 11:57:36');
INSERT INTO `posts` (`id`, `user_id`, `title`, `text`, `media_id`, `category_id`, `created_at`, `updated_at`) VALUES (131, 31, 'Dignissimos nam beatae consequuntur voluptate.', 'Eum vero eius earum autem amet quibusdam. Quos voluptatum eum consequatur hic. Dolor est quae dolorum explicabo et quas ullam sint.', 131, 131, '2009-09-04 09:16:57', '1981-01-13 21:24:03');
INSERT INTO `posts` (`id`, `user_id`, `title`, `text`, `media_id`, `category_id`, `created_at`, `updated_at`) VALUES (132, 32, 'Facere dolorem doloribus suscipit voluptatem nihil excepturi ea ex.', 'Sint porro officia repellendus cum qui ad omnis. Qui voluptatem nulla perspiciatis rerum. Rerum officia facere exercitationem nihil. Minima et dolorem saepe nam aut corrupti.', 132, 132, '1972-06-26 13:22:19', '1994-08-10 17:23:21');
INSERT INTO `posts` (`id`, `user_id`, `title`, `text`, `media_id`, `category_id`, `created_at`, `updated_at`) VALUES (133, 33, 'Nihil in explicabo fuga.', 'Impedit voluptatem laboriosam ipsum quas et itaque. Veritatis enim tenetur commodi accusamus. Aut sapiente eum consequatur repudiandae est.', 133, 133, '1978-12-13 05:18:11', '1975-06-12 10:57:31');
INSERT INTO `posts` (`id`, `user_id`, `title`, `text`, `media_id`, `category_id`, `created_at`, `updated_at`) VALUES (134, 34, 'Repellendus fugiat id sunt tempora libero.', 'Et sunt illo vel dolores aut tempora a dolores. Aut id sed voluptatem et aut laborum.\nOdio eos non autem in deleniti accusantium. Fuga non dolores velit cumque mollitia ut.', 134, 134, '1989-04-22 04:31:02', '2011-05-27 05:30:11');
INSERT INTO `posts` (`id`, `user_id`, `title`, `text`, `media_id`, `category_id`, `created_at`, `updated_at`) VALUES (135, 35, 'Voluptate sunt quidem ducimus possimus.', 'Sint est voluptatem veritatis autem eius cum incidunt. Exercitationem dolorem sequi ipsa blanditiis est. Earum sed similique veritatis expedita ipsam.', 135, 135, '1992-03-31 13:55:23', '2010-03-08 08:48:43');
INSERT INTO `posts` (`id`, `user_id`, `title`, `text`, `media_id`, `category_id`, `created_at`, `updated_at`) VALUES (136, 36, 'Hic dicta quo est id.', 'Fuga est sint nisi unde rem facere at. Rerum voluptas perspiciatis et fugiat quo reprehenderit atque. Nobis nesciunt omnis dolore nostrum. Molestiae qui esse necessitatibus tempora velit.', 136, 136, '1987-03-10 18:07:00', '2005-01-19 15:45:06');
INSERT INTO `posts` (`id`, `user_id`, `title`, `text`, `media_id`, `category_id`, `created_at`, `updated_at`) VALUES (137, 37, 'Non eos qui accusamus perspiciatis voluptate.', 'Fuga aut quia neque recusandae iste. Sed sequi vero autem dolorem reiciendis atque quo. Et ut repellendus at ut illum.', 137, 137, '1974-03-21 15:42:49', '2018-10-14 19:24:18');
INSERT INTO `posts` (`id`, `user_id`, `title`, `text`, `media_id`, `category_id`, `created_at`, `updated_at`) VALUES (138, 38, 'Non quos omnis eos temporibus quia cumque dolores.', 'Accusantium et officiis voluptas et provident. Ullam optio placeat quam iure. Voluptatem provident ut veniam rerum nulla qui.', 138, 138, '1981-07-16 07:11:02', '1981-01-02 21:35:26');
INSERT INTO `posts` (`id`, `user_id`, `title`, `text`, `media_id`, `category_id`, `created_at`, `updated_at`) VALUES (139, 39, 'Omnis repudiandae nihil alias.', 'Sint modi debitis perspiciatis non pariatur. Perspiciatis iste omnis autem aliquam aut et. Cumque eos illum cumque consequuntur.', 139, 139, '1973-10-27 11:39:01', '1994-12-29 23:09:00');
INSERT INTO `posts` (`id`, `user_id`, `title`, `text`, `media_id`, `category_id`, `created_at`, `updated_at`) VALUES (140, 40, 'Et laborum et ex neque expedita consequatur.', 'Ea dolore non eos et voluptatem et non. Ullam tempore est et deleniti dolores laboriosam maiores. Vero voluptas atque et id modi qui rerum totam.', 140, 140, '1987-09-14 05:08:18', '1977-12-18 23:40:19');
INSERT INTO `posts` (`id`, `user_id`, `title`, `text`, `media_id`, `category_id`, `created_at`, `updated_at`) VALUES (141, 41, 'Delectus exercitationem dolorum pariatur.', 'Velit quas repellat sapiente et beatae a voluptatem dolor. Saepe ex recusandae consequatur molestias. Sit nihil autem sint saepe. Et molestiae et tempora perspiciatis odit nam.', 141, 141, '1988-03-23 16:51:24', '2013-04-08 00:34:02');
INSERT INTO `posts` (`id`, `user_id`, `title`, `text`, `media_id`, `category_id`, `created_at`, `updated_at`) VALUES (142, 42, 'Voluptates ut quo totam velit est minima.', 'Error eius asperiores non maxime mollitia. Ex dolor quia ut nisi autem assumenda sint. Officiis et quia sed magnam aut. Ut cum et doloremque dolorum quas ut.', 142, 142, '1972-10-18 10:33:44', '1992-04-20 21:05:20');
INSERT INTO `posts` (`id`, `user_id`, `title`, `text`, `media_id`, `category_id`, `created_at`, `updated_at`) VALUES (143, 43, 'Fugit mollitia rem aut eos libero dicta.', 'In qui sunt qui tempora. Amet eos veritatis aut qui. Culpa voluptatem eaque voluptates sit beatae sapiente.', 143, 143, '1992-07-19 20:46:34', '1985-05-02 05:54:56');
INSERT INTO `posts` (`id`, `user_id`, `title`, `text`, `media_id`, `category_id`, `created_at`, `updated_at`) VALUES (144, 44, 'Alias quisquam adipisci facilis magnam sunt accusantium corporis.', 'Libero officiis id sit maiores. Iusto expedita magni porro. Non et error vel et. Qui autem autem non modi corrupti.', 144, 144, '1972-02-12 20:01:00', '1980-02-19 08:51:38');
INSERT INTO `posts` (`id`, `user_id`, `title`, `text`, `media_id`, `category_id`, `created_at`, `updated_at`) VALUES (145, 45, 'Molestiae in eius et.', 'Tempora iste dolorum deleniti quaerat vel. Eum beatae voluptatum consequatur rerum. Aut vel harum incidunt eligendi. Voluptas eos dolorum quaerat blanditiis. Qui distinctio est quis.', 145, 145, '1998-11-01 12:20:21', '1979-02-11 20:56:13');
INSERT INTO `posts` (`id`, `user_id`, `title`, `text`, `media_id`, `category_id`, `created_at`, `updated_at`) VALUES (146, 46, 'Beatae est sit quibusdam consequuntur sed.', 'Provident sequi quisquam vitae eius reprehenderit enim. Nostrum doloribus et esse itaque vel et. Aut aut vel ullam fugiat. Ut et ut aut quo ab error.', 146, 146, '1994-05-31 09:53:34', '1970-06-15 23:02:21');
INSERT INTO `posts` (`id`, `user_id`, `title`, `text`, `media_id`, `category_id`, `created_at`, `updated_at`) VALUES (147, 47, 'Numquam ut sunt asperiores dolor ex fugit dignissimos.', 'Eum porro sapiente placeat iure. Mollitia suscipit eius ex eius sit voluptates veritatis dicta. Reiciendis cumque autem placeat non dicta ut. Exercitationem in eaque laudantium dicta repellat modi.', 147, 147, '1989-03-31 06:53:59', '2002-08-22 00:19:12');
INSERT INTO `posts` (`id`, `user_id`, `title`, `text`, `media_id`, `category_id`, `created_at`, `updated_at`) VALUES (148, 48, 'Labore quo magni non reprehenderit tempore molestiae fugit beatae.', 'Harum nulla ut quisquam deleniti architecto nihil. Voluptatem nemo ut veniam fuga explicabo asperiores quae. Sequi reiciendis eos sapiente hic eos saepe. Velit quia hic et tempore error dolores.', 148, 148, '2001-02-01 19:55:25', '1985-08-31 15:46:33');
INSERT INTO `posts` (`id`, `user_id`, `title`, `text`, `media_id`, `category_id`, `created_at`, `updated_at`) VALUES (149, 49, 'Voluptatem voluptatem optio aut quaerat excepturi quia.', 'Ut pariatur dolores repellat rerum facilis at aliquid et. Itaque saepe et earum voluptatem. Voluptates sequi accusantium molestiae laboriosam. Dolores expedita alias qui magnam non iste sequi.', 149, 149, '1983-09-29 04:10:53', '2008-04-11 04:48:03');
INSERT INTO `posts` (`id`, `user_id`, `title`, `text`, `media_id`, `category_id`, `created_at`, `updated_at`) VALUES (150, 50, 'Impedit veniam ut et rerum.', 'Hic quos asperiores accusantium corrupti nihil id nemo. Sed esse consequatur iure cum.', 150, 150, '2017-09-10 12:50:42', '1986-08-23 20:14:50');
INSERT INTO `posts` (`id`, `user_id`, `title`, `text`, `media_id`, `category_id`, `created_at`, `updated_at`) VALUES (151, 51, 'Totam quia labore quisquam praesentium optio.', 'Rerum eveniet omnis laborum. Et et sequi nesciunt ut. Et exercitationem est praesentium vero quia veritatis aspernatur. Soluta eos sed rerum.', 151, 151, '2016-06-13 09:28:20', '1999-11-19 12:27:54');
INSERT INTO `posts` (`id`, `user_id`, `title`, `text`, `media_id`, `category_id`, `created_at`, `updated_at`) VALUES (152, 52, 'Nisi cumque quis recusandae velit in eligendi.', 'Labore eaque id voluptas distinctio sit. Omnis voluptas rerum eligendi ut libero alias qui. Voluptas libero occaecati eligendi et dolor. Harum qui non aut id totam veritatis.', 152, 152, '1997-10-11 04:45:17', '2009-08-22 00:36:24');
INSERT INTO `posts` (`id`, `user_id`, `title`, `text`, `media_id`, `category_id`, `created_at`, `updated_at`) VALUES (153, 53, 'Expedita esse id iure nesciunt.', 'Veniam aut quia unde minima saepe dolores explicabo. Non est nisi et facilis cum velit quaerat. Voluptatem error dolor assumenda laudantium dignissimos doloremque.', 153, 153, '1978-07-15 09:03:46', '1981-01-13 05:48:08');
INSERT INTO `posts` (`id`, `user_id`, `title`, `text`, `media_id`, `category_id`, `created_at`, `updated_at`) VALUES (154, 54, 'Eligendi sunt voluptas dicta corporis exercitationem perspiciatis.', 'Sed sunt quam id voluptate alias ratione sunt qui. Et dolore voluptatem ipsum voluptas. Nisi molestias non minima voluptate cumque tempora quia debitis.', 154, 154, '2002-02-13 14:09:29', '1991-10-27 08:10:01');
INSERT INTO `posts` (`id`, `user_id`, `title`, `text`, `media_id`, `category_id`, `created_at`, `updated_at`) VALUES (155, 55, 'Et et sunt quod id repellat qui aut.', 'Velit consectetur et enim dolores aut in. Quis laboriosam ipsam quod qui. Similique placeat quia repellat et ipsum.', 155, 155, '1974-05-06 15:28:43', '1986-07-26 10:06:04');
INSERT INTO `posts` (`id`, `user_id`, `title`, `text`, `media_id`, `category_id`, `created_at`, `updated_at`) VALUES (156, 56, 'Et corrupti labore voluptatibus cum est tempore nulla rerum.', 'Natus velit aut repudiandae minima. Et repellendus quaerat corrupti. Incidunt dolores non quo unde tempora hic velit.', 156, 156, '2011-04-01 01:56:45', '2014-06-25 10:59:45');
INSERT INTO `posts` (`id`, `user_id`, `title`, `text`, `media_id`, `category_id`, `created_at`, `updated_at`) VALUES (157, 57, 'Id nihil libero enim.', 'Qui dolores nihil expedita excepturi. Quidem aut itaque provident eveniet. Ab id molestiae in dignissimos molestiae et qui repellat. Corporis sit quia ex voluptates quo architecto id.', 157, 157, '1974-01-04 05:01:03', '2008-04-06 11:39:04');
INSERT INTO `posts` (`id`, `user_id`, `title`, `text`, `media_id`, `category_id`, `created_at`, `updated_at`) VALUES (158, 58, 'Qui dolor ad et maxime neque.', 'Natus qui est qui laboriosam suscipit omnis. Quia magni nobis eius soluta repellendus. Doloremque temporibus at odio a. Hic soluta amet quos natus fugit officia.', 158, 158, '1970-05-31 10:37:12', '1973-02-25 23:17:04');
INSERT INTO `posts` (`id`, `user_id`, `title`, `text`, `media_id`, `category_id`, `created_at`, `updated_at`) VALUES (159, 59, 'Et sed unde et dolores omnis.', 'Quis et autem enim commodi. Labore quo ea veritatis ut in excepturi doloribus hic. Quia modi voluptatum optio quasi voluptatem occaecati voluptatem. Eaque animi sed molestias eos vel sint.', 159, 159, '1997-05-16 17:55:01', '2007-11-27 03:03:59');
INSERT INTO `posts` (`id`, `user_id`, `title`, `text`, `media_id`, `category_id`, `created_at`, `updated_at`) VALUES (160, 60, 'Nam nihil ipsum sit sapiente.', 'Qui optio vel est assumenda. Eos reprehenderit perspiciatis aliquid quod. Aut vitae molestiae nemo voluptates aliquam.', 160, 160, '2002-02-15 02:11:43', '1994-05-10 20:43:32');
INSERT INTO `posts` (`id`, `user_id`, `title`, `text`, `media_id`, `category_id`, `created_at`, `updated_at`) VALUES (161, 61, 'Et est quia impedit rem.', 'Quo asperiores dolor voluptatem ea. Consequatur ut sit optio beatae vel quos. Explicabo a doloribus dolorum nam aperiam eum cum.', 161, 161, '1993-03-20 09:43:30', '2016-03-25 04:29:35');
INSERT INTO `posts` (`id`, `user_id`, `title`, `text`, `media_id`, `category_id`, `created_at`, `updated_at`) VALUES (162, 62, 'Tenetur et hic inventore officia earum tenetur maxime dolor.', 'Magni adipisci sed sed est unde nam. Ad esse earum sit quia et voluptas. Magnam enim quos eum esse ratione. Voluptatum iste id perspiciatis iure vitae reprehenderit labore.', 162, 162, '1971-01-22 09:00:49', '2002-11-27 04:51:54');
INSERT INTO `posts` (`id`, `user_id`, `title`, `text`, `media_id`, `category_id`, `created_at`, `updated_at`) VALUES (163, 63, 'Voluptatem reprehenderit porro numquam sed neque.', 'Voluptatum aut maiores eum atque. Blanditiis rerum vel voluptate quisquam. Ad pariatur assumenda consequuntur possimus eum laboriosam qui.', 163, 163, '1984-02-24 11:21:36', '1976-10-04 23:09:47');
INSERT INTO `posts` (`id`, `user_id`, `title`, `text`, `media_id`, `category_id`, `created_at`, `updated_at`) VALUES (164, 64, 'Nihil deserunt eaque et.', 'Necessitatibus incidunt aspernatur harum et et consequatur. Quas molestiae sit alias blanditiis. Necessitatibus vel tempora iure rerum eos numquam libero. Non ipsam quaerat repellat ad ab enim.', 164, 164, '1989-08-21 19:32:01', '1986-07-09 14:26:53');
INSERT INTO `posts` (`id`, `user_id`, `title`, `text`, `media_id`, `category_id`, `created_at`, `updated_at`) VALUES (165, 65, 'Consequatur autem rerum repellendus fuga sit labore est.', 'Voluptatem aut et libero laudantium enim in. Sed minus aliquam commodi quod tenetur sunt nihil sint. Molestias fugiat vitae ipsa quae tempore adipisci.', 165, 165, '1994-09-10 14:38:25', '1994-05-14 16:32:56');
INSERT INTO `posts` (`id`, `user_id`, `title`, `text`, `media_id`, `category_id`, `created_at`, `updated_at`) VALUES (166, 66, 'Voluptate voluptas saepe laborum nam et est laudantium.', 'Neque est omnis iusto voluptatem illo. Repudiandae dolor ipsa qui. Ea nostrum consequatur natus illo incidunt assumenda est. Necessitatibus incidunt laborum eligendi et quas est quisquam.', 166, 166, '2013-11-28 05:31:10', '1982-10-12 03:30:24');
INSERT INTO `posts` (`id`, `user_id`, `title`, `text`, `media_id`, `category_id`, `created_at`, `updated_at`) VALUES (167, 67, 'In vel ut iste quibusdam qui labore debitis.', 'Sequi qui qui possimus illo aut vel. Ut totam quos voluptatem debitis qui quia vero est. Fugiat a rem praesentium est aut corrupti quis nam. Quisquam ipsa iste nesciunt quo.', 167, 167, '2007-03-21 04:44:20', '1991-12-25 18:53:32');
INSERT INTO `posts` (`id`, `user_id`, `title`, `text`, `media_id`, `category_id`, `created_at`, `updated_at`) VALUES (168, 68, 'Sed nisi incidunt ratione.', 'Consequatur consequatur repellat sunt ut sit rerum. Vel et aut et dignissimos. Magnam omnis repellat reiciendis a aliquam architecto ullam cumque. Quam maiores itaque minima.', 168, 168, '1991-05-12 05:00:12', '2017-05-24 20:55:22');
INSERT INTO `posts` (`id`, `user_id`, `title`, `text`, `media_id`, `category_id`, `created_at`, `updated_at`) VALUES (169, 69, 'Et tenetur enim est.', 'Nobis dolores placeat architecto sed. Non nisi pariatur est in quo reiciendis quis. Expedita et quas officiis amet. Consequatur labore rem qui aliquid eos mollitia.', 169, 169, '2003-09-04 04:51:07', '2009-12-15 03:07:50');
INSERT INTO `posts` (`id`, `user_id`, `title`, `text`, `media_id`, `category_id`, `created_at`, `updated_at`) VALUES (170, 70, 'Porro qui molestiae ad magni numquam cumque quasi.', 'Non dignissimos nisi maiores dolores dicta. Vitae officiis praesentium laborum animi et. Hic pariatur soluta voluptatem sit. Voluptatem a rerum officia esse.', 170, 170, '2016-08-04 03:31:16', '2015-02-03 04:26:16');
INSERT INTO `posts` (`id`, `user_id`, `title`, `text`, `media_id`, `category_id`, `created_at`, `updated_at`) VALUES (171, 71, 'Odio enim facere quia non quo qui quo.', 'Nihil et soluta sed aut a est aspernatur illum. Molestiae ad ut earum exercitationem quis repudiandae. Voluptatibus non et incidunt id enim ut. Et sunt non enim hic aut sequi placeat.', 171, 171, '1976-04-23 19:30:53', '2002-02-17 11:51:09');
INSERT INTO `posts` (`id`, `user_id`, `title`, `text`, `media_id`, `category_id`, `created_at`, `updated_at`) VALUES (172, 72, 'Dignissimos sunt sit vel laboriosam tempora dolorem deserunt consectetur.', 'Quia tenetur tempora voluptatem aut iure. Id ab ut tempora officiis.\nNon dicta nulla aut sunt quis consequatur illo. Cupiditate eius dolor quod. Eligendi cum id molestiae nisi beatae facere.', 172, 172, '2015-09-26 22:35:05', '1970-12-31 02:28:05');
INSERT INTO `posts` (`id`, `user_id`, `title`, `text`, `media_id`, `category_id`, `created_at`, `updated_at`) VALUES (173, 73, 'Facilis ad unde labore aliquam dolor suscipit vitae.', 'Ea illum maxime molestiae et. A consequuntur aut et placeat quasi neque. Non tenetur illo ut ut sit et velit. Ad ut est cum suscipit.', 173, 173, '2009-03-10 01:58:03', '1995-02-20 06:02:31');
INSERT INTO `posts` (`id`, `user_id`, `title`, `text`, `media_id`, `category_id`, `created_at`, `updated_at`) VALUES (174, 74, 'Quo nemo provident similique qui facilis velit numquam quae.', 'Veniam fuga rerum beatae. Sequi deserunt in aut rerum sunt non. Eos modi quia neque est occaecati quam ea. At voluptate soluta quo ipsa sint.', 174, 174, '2018-02-10 16:34:42', '1991-03-16 21:43:31');
INSERT INTO `posts` (`id`, `user_id`, `title`, `text`, `media_id`, `category_id`, `created_at`, `updated_at`) VALUES (175, 75, 'Neque dolorem et non.', 'Eum ab ea omnis maxime. Cum laboriosam pariatur quo qui aut et. Dolore maxime ipsam dolorem suscipit.', 175, 175, '1990-06-16 20:48:12', '1971-06-09 07:58:47');
INSERT INTO `posts` (`id`, `user_id`, `title`, `text`, `media_id`, `category_id`, `created_at`, `updated_at`) VALUES (176, 76, 'Quas incidunt quis atque laborum maiores.', 'Animi est aliquam doloremque assumenda. Quo dolores sit dolorem qui quis eos sint. Et harum doloribus minus rerum. Modi natus est ad sit sit recusandae illum.', 176, 176, '1986-01-09 00:22:08', '2007-03-29 13:25:05');
INSERT INTO `posts` (`id`, `user_id`, `title`, `text`, `media_id`, `category_id`, `created_at`, `updated_at`) VALUES (177, 77, 'Adipisci nemo eos veritatis dolor consequatur eius omnis.', 'Minima quibusdam placeat ut est nulla odit tempora. In magni numquam animi. Aperiam expedita qui id officia magnam. Mollitia molestiae labore sint accusamus enim ea.', 177, 177, '2017-02-24 13:53:38', '2004-12-22 09:04:17');
INSERT INTO `posts` (`id`, `user_id`, `title`, `text`, `media_id`, `category_id`, `created_at`, `updated_at`) VALUES (178, 78, 'Error doloribus ut aut omnis maxime molestiae molestias.', 'Omnis ducimus cum sit nihil. Qui voluptatibus enim et itaque praesentium reprehenderit iure. Quis debitis amet pariatur sint amet veritatis autem. Sit quisquam quam ab quos harum reprehenderit et.', 178, 178, '1977-12-04 15:53:16', '2004-03-22 16:11:49');
INSERT INTO `posts` (`id`, `user_id`, `title`, `text`, `media_id`, `category_id`, `created_at`, `updated_at`) VALUES (179, 79, 'Ut adipisci aut aspernatur blanditiis doloribus.', 'Ipsum debitis sequi adipisci. Sit quia cum est voluptatem ex ipsam sunt. Omnis aut dolores et blanditiis possimus assumenda eaque.', 179, 179, '2003-10-22 18:37:08', '1974-10-22 08:14:15');
INSERT INTO `posts` (`id`, `user_id`, `title`, `text`, `media_id`, `category_id`, `created_at`, `updated_at`) VALUES (180, 80, 'Amet dolore harum velit sunt fugit consectetur reiciendis tenetur.', 'Magni quo neque modi eos autem dolorem. Nesciunt magni est voluptatum magnam. Ut amet cumque recusandae non accusamus distinctio ea voluptas.', 180, 180, '1998-09-25 10:39:02', '1975-10-05 06:44:25');
INSERT INTO `posts` (`id`, `user_id`, `title`, `text`, `media_id`, `category_id`, `created_at`, `updated_at`) VALUES (181, 81, 'Eum id doloribus excepturi rerum et dicta.', 'Sunt modi eius fugit autem quas officiis dolore. Consequatur sit et sunt animi atque reiciendis. Fugiat nihil nostrum aut minus. Accusamus qui necessitatibus quo dicta.', 181, 181, '2001-04-29 10:34:59', '2010-03-29 12:06:41');
INSERT INTO `posts` (`id`, `user_id`, `title`, `text`, `media_id`, `category_id`, `created_at`, `updated_at`) VALUES (182, 82, 'Occaecati eligendi ut et nesciunt.', 'Et aliquid non quam. Itaque sint ipsa ut facilis. Et nobis repudiandae nihil pariatur sapiente explicabo. Repudiandae itaque doloribus atque architecto. Rerum in asperiores rem eveniet.', 182, 182, '1999-04-25 22:07:38', '1992-10-11 00:46:05');
INSERT INTO `posts` (`id`, `user_id`, `title`, `text`, `media_id`, `category_id`, `created_at`, `updated_at`) VALUES (183, 83, 'Quisquam et fugiat consectetur qui dicta.', 'Occaecati enim et dolores beatae suscipit temporibus. Nihil ut velit quo blanditiis aliquam expedita. Quia aut mollitia vitae. Dolor a voluptatem ipsa.', 183, 183, '1974-05-01 06:43:12', '2018-10-30 01:39:08');
INSERT INTO `posts` (`id`, `user_id`, `title`, `text`, `media_id`, `category_id`, `created_at`, `updated_at`) VALUES (184, 84, 'Et dolor nihil ut dignissimos rem.', 'Eveniet nemo est facilis non consequatur qui et. Dolor architecto est enim eos. Autem velit omnis nihil sequi expedita sed aliquid ducimus.', 184, 184, '1991-10-13 07:17:29', '1988-10-03 10:06:58');
INSERT INTO `posts` (`id`, `user_id`, `title`, `text`, `media_id`, `category_id`, `created_at`, `updated_at`) VALUES (185, 85, 'Ab nobis natus nemo culpa.', 'Velit minus et laboriosam consequuntur aliquid. Et saepe eveniet sit non ut. Quia quod voluptatem quis quaerat perferendis rerum necessitatibus. Voluptatem quod placeat sint et praesentium.', 185, 185, '1994-03-21 17:36:06', '1999-08-02 09:54:43');
INSERT INTO `posts` (`id`, `user_id`, `title`, `text`, `media_id`, `category_id`, `created_at`, `updated_at`) VALUES (186, 86, 'Mollitia est eos sint quos perspiciatis in.', 'Fugit et suscipit facilis adipisci id consequatur dolor omnis. Cumque sunt beatae qui hic sit sed. Qui laboriosam quidem dolor.', 186, 186, '1972-11-19 02:12:45', '1989-09-13 11:04:12');
INSERT INTO `posts` (`id`, `user_id`, `title`, `text`, `media_id`, `category_id`, `created_at`, `updated_at`) VALUES (187, 87, 'Et qui autem voluptatem aut voluptatem vero.', 'Delectus ut aut consequatur sequi neque. Quis magnam est amet aperiam dolores temporibus. Nisi non repellendus magnam vel dolorum non.', 187, 187, '2009-06-14 16:57:35', '2002-05-17 04:34:07');
INSERT INTO `posts` (`id`, `user_id`, `title`, `text`, `media_id`, `category_id`, `created_at`, `updated_at`) VALUES (188, 88, 'Rem libero voluptate et temporibus nihil qui.', 'Facere in dignissimos non et ullam nam autem. Nemo vel animi aut voluptatem non maiores. Eaque eos quia velit sint.', 188, 188, '1973-09-11 07:35:55', '2011-03-17 01:25:54');
INSERT INTO `posts` (`id`, `user_id`, `title`, `text`, `media_id`, `category_id`, `created_at`, `updated_at`) VALUES (189, 89, 'At nemo porro rerum sint reiciendis.', 'Dolorem sint id nisi ad laudantium eius veniam. Cupiditate voluptas id incidunt aut. Autem dolorem est quia enim et possimus.', 189, 189, '2013-08-24 10:45:24', '1990-03-19 19:51:11');
INSERT INTO `posts` (`id`, `user_id`, `title`, `text`, `media_id`, `category_id`, `created_at`, `updated_at`) VALUES (190, 90, 'Voluptatem quod aut rerum consequatur quia quo.', 'Qui amet quasi at quae earum. Repellat quisquam quo perspiciatis. Magni iure corporis necessitatibus iusto qui.', 190, 190, '1990-02-12 11:05:54', '2007-01-12 13:35:32');
INSERT INTO `posts` (`id`, `user_id`, `title`, `text`, `media_id`, `category_id`, `created_at`, `updated_at`) VALUES (191, 91, 'Quisquam modi nam accusantium illum.', 'Fuga veniam laudantium qui fugiat. Sunt est harum autem doloribus error ex. Vel sed harum molestiae pariatur quasi earum.', 191, 191, '1994-03-30 19:35:45', '1993-12-27 17:26:18');
INSERT INTO `posts` (`id`, `user_id`, `title`, `text`, `media_id`, `category_id`, `created_at`, `updated_at`) VALUES (192, 92, 'Quia voluptates perspiciatis repellat asperiores iste soluta quod.', 'Sed quia et magni in voluptatem ut sapiente. Alias autem accusantium omnis labore. Sed id illum officia in sint. Modi atque alias provident temporibus ut facilis unde.', 192, 192, '1997-08-10 13:24:19', '1991-05-13 13:30:24');
INSERT INTO `posts` (`id`, `user_id`, `title`, `text`, `media_id`, `category_id`, `created_at`, `updated_at`) VALUES (193, 93, 'Omnis voluptatum neque suscipit repellendus ab.', 'Aliquid asperiores facilis dignissimos et maiores accusamus. Ipsum aspernatur architecto ab a praesentium. Qui dolor et qui est autem eum dignissimos.', 193, 193, '1975-06-14 21:39:20', '1992-08-28 22:49:29');
INSERT INTO `posts` (`id`, `user_id`, `title`, `text`, `media_id`, `category_id`, `created_at`, `updated_at`) VALUES (194, 94, 'Dolore autem blanditiis sunt.', 'Libero et non a et. Eos veniam harum quasi consequuntur. Vitae rerum sapiente occaecati necessitatibus illum magni voluptas sequi.', 194, 194, '1971-06-27 15:05:53', '2017-03-14 09:43:37');
INSERT INTO `posts` (`id`, `user_id`, `title`, `text`, `media_id`, `category_id`, `created_at`, `updated_at`) VALUES (195, 95, 'Sapiente libero quis sint et aut accusamus iste.', 'Placeat rerum voluptatum pariatur in temporibus laborum. Vel voluptatem aliquid a pariatur excepturi blanditiis qui.', 195, 195, '2000-09-23 15:50:04', '2005-12-26 21:29:25');
INSERT INTO `posts` (`id`, `user_id`, `title`, `text`, `media_id`, `category_id`, `created_at`, `updated_at`) VALUES (196, 96, 'Doloribus ut sunt ipsam tempora eum laboriosam.', 'Dolor ipsam quod dolorem consectetur incidunt aut excepturi. Non laboriosam dolores quia accusantium rem accusantium earum. Vel unde cum ad nihil aut vero.', 196, 196, '2014-10-21 09:57:24', '1978-01-24 02:42:10');
INSERT INTO `posts` (`id`, `user_id`, `title`, `text`, `media_id`, `category_id`, `created_at`, `updated_at`) VALUES (197, 97, 'Nam nostrum dolorum labore a quia nobis.', 'Fugiat laborum dolorem harum consequatur repellat nihil. Quidem laborum placeat expedita et doloribus velit. Suscipit iusto saepe qui eum laborum nihil qui veritatis. Non illo est dolor alias labore.', 197, 197, '1976-02-29 11:16:19', '2009-01-06 01:28:16');
INSERT INTO `posts` (`id`, `user_id`, `title`, `text`, `media_id`, `category_id`, `created_at`, `updated_at`) VALUES (198, 98, 'Accusantium vitae dolor voluptates similique.', 'Hic assumenda ad labore earum ea qui provident. At eaque fugiat a illum. Unde eligendi quos magnam aut.', 198, 198, '2018-02-27 12:19:16', '2010-04-25 09:25:51');
INSERT INTO `posts` (`id`, `user_id`, `title`, `text`, `media_id`, `category_id`, `created_at`, `updated_at`) VALUES (199, 99, 'Nihil reiciendis et ad quaerat consequatur at.', 'Architecto expedita commodi vel sed illum. Dolores et veritatis est quia. Eveniet a quibusdam in neque.', 199, 199, '1991-07-19 02:13:21', '1990-12-23 11:00:05');
INSERT INTO `posts` (`id`, `user_id`, `title`, `text`, `media_id`, `category_id`, `created_at`, `updated_at`) VALUES (200, 100, 'Maxime id soluta eaque ut.', 'Doloribus labore laboriosam cum et culpa libero. Fuga ut quas cum amet harum adipisci est. Eius a voluptatem voluptates temporibus quia rerum.', 200, 200, '2001-11-16 10:19:07', '1989-04-15 22:29:42');


#
# TABLE STRUCTURE FOR: products
#

DROP TABLE IF EXISTS `products`;

CREATE TABLE `products` (
  `id` int(10) unsigned NOT NULL AUTO_INCREMENT,
  `name` varchar(255) COLLATE utf8_unicode_ci DEFAULT NULL COMMENT 'Название',
  `description` text COLLATE utf8_unicode_ci DEFAULT NULL COMMENT 'Описание',
  `price` decimal(11,2) DEFAULT NULL COMMENT 'Цена',
  `catalog_id` int(10) unsigned DEFAULT NULL,
  `created_at` datetime DEFAULT current_timestamp(),
  `updated_at` datetime DEFAULT current_timestamp() ON UPDATE current_timestamp(),
  PRIMARY KEY (`id`),
  KEY `index_of_catalog_id` (`catalog_id`),
  KEY `name` (`name`,`price`),
  CONSTRAINT `products_ibfk_1` FOREIGN KEY (`catalog_id`) REFERENCES `catalogs` (`id`)
) ENGINE=InnoDB AUTO_INCREMENT=201 DEFAULT CHARSET=utf8 COLLATE=utf8_unicode_ci COMMENT='Товарные позиции проекта';

INSERT INTO `products` (`id`, `name`, `description`, `price`, `catalog_id`, `created_at`, `updated_at`) VALUES (1, 'et', 'Possimus quae facere totam velit velit repellendus esse. Rerum animi qui totam optio et. Distinctio ad nulla exercitationem unde omnis. Aut qui quibusdam alias similique non nisi voluptatem ut.', '646.81', 1, '1976-06-14 08:56:52', '2008-12-31 21:12:17');
INSERT INTO `products` (`id`, `name`, `description`, `price`, `catalog_id`, `created_at`, `updated_at`) VALUES (2, 'dolores', 'Asperiores culpa aut sit dolorem et. Molestiae quisquam nemo laudantium totam sed aliquid. Esse soluta tempore nemo fugit expedita nisi. Ut consequatur qui ipsum rerum corporis consequuntur et.', '188340576.07', 2, '2011-12-22 04:02:19', '1994-12-14 15:17:32');
INSERT INTO `products` (`id`, `name`, `description`, `price`, `catalog_id`, `created_at`, `updated_at`) VALUES (3, 'illo', 'Aut beatae est unde ipsum non necessitatibus eaque omnis. Et maxime accusamus eligendi ut. Ut est quae corrupti.', '35.10', 3, '1998-06-06 04:42:22', '1991-02-06 09:31:08');
INSERT INTO `products` (`id`, `name`, `description`, `price`, `catalog_id`, `created_at`, `updated_at`) VALUES (4, 'ducimus', 'Et et illo minima itaque omnis aliquam fuga. Ex nisi omnis quidem sed est. Molestiae et neque rerum magni illum qui natus. Dolorem et quod doloremque qui nulla.', '204013825.94', 4, '2010-05-22 19:50:31', '1995-11-26 19:01:33');
INSERT INTO `products` (`id`, `name`, `description`, `price`, `catalog_id`, `created_at`, `updated_at`) VALUES (5, 'veniam', 'Et sit natus totam quis est. Repudiandae beatae adipisci ea. Doloribus vero velit nihil officiis temporibus in voluptatem.', '3796196.30', 5, '1985-01-13 12:57:03', '1973-03-21 16:48:06');
INSERT INTO `products` (`id`, `name`, `description`, `price`, `catalog_id`, `created_at`, `updated_at`) VALUES (6, 'ullam', 'Voluptatum mollitia voluptatem et. Optio rerum voluptas est repellendus eum quia voluptatum. Temporibus at ut possimus vel. Nihil optio eos corporis consequatur eligendi nesciunt occaecati.', '1.57', 6, '1979-02-19 04:54:49', '1993-04-22 21:16:51');
INSERT INTO `products` (`id`, `name`, `description`, `price`, `catalog_id`, `created_at`, `updated_at`) VALUES (7, 'iure', 'A incidunt ipsa voluptatem. Vitae fugiat consequatur pariatur rerum sed corrupti quo.', '5247858.00', 7, '1974-02-07 13:01:36', '2015-07-18 14:06:38');
INSERT INTO `products` (`id`, `name`, `description`, `price`, `catalog_id`, `created_at`, `updated_at`) VALUES (8, 'iste', 'Quia qui optio esse et commodi voluptatem. Et exercitationem quisquam exercitationem dolor quasi.', '93.31', 8, '2017-07-16 00:07:41', '2016-11-22 12:28:52');
INSERT INTO `products` (`id`, `name`, `description`, `price`, `catalog_id`, `created_at`, `updated_at`) VALUES (9, 'in', 'Suscipit est unde voluptatem natus. Et possimus totam quam perspiciatis eos ad. Quaerat nobis tempore aut ratione sit. Quis dolor error dolores laboriosam saepe laboriosam harum hic.', '3.91', 9, '2016-05-21 05:13:53', '1976-06-05 19:26:34');
INSERT INTO `products` (`id`, `name`, `description`, `price`, `catalog_id`, `created_at`, `updated_at`) VALUES (10, 'ab', 'Amet minus officia numquam quaerat dolor dignissimos. Minima aliquid debitis unde iure inventore eos. Cupiditate ut fugiat aperiam voluptate non est.', '2.76', 10, '1972-05-10 00:52:07', '1979-10-06 19:39:04');
INSERT INTO `products` (`id`, `name`, `description`, `price`, `catalog_id`, `created_at`, `updated_at`) VALUES (11, 'reiciendis', 'Et dolorum explicabo consequuntur. Commodi et fugit non consequatur quia non. Quo dolore consequuntur consequatur fugit corrupti voluptas eaque. Minus enim cumque quis dicta fugit perferendis minima dolorem.', '155529681.54', 11, '2001-11-23 16:47:07', '2016-08-25 23:22:52');
INSERT INTO `products` (`id`, `name`, `description`, `price`, `catalog_id`, `created_at`, `updated_at`) VALUES (12, 'labore', 'Quaerat placeat ut perferendis non molestias omnis ducimus voluptatem. Quis iure et eligendi esse quo et voluptatem. Est illo optio ipsa est qui.', '3361.56', 12, '1986-04-15 21:22:19', '2019-10-08 16:39:14');
INSERT INTO `products` (`id`, `name`, `description`, `price`, `catalog_id`, `created_at`, `updated_at`) VALUES (13, 'et', 'Hic esse quod sit illum ut rerum. Ea aliquid aperiam aspernatur et recusandae consequatur. At quis fugiat aut. Assumenda expedita nam quo.', '0.00', 13, '1982-11-23 06:58:30', '2008-09-04 05:30:32');
INSERT INTO `products` (`id`, `name`, `description`, `price`, `catalog_id`, `created_at`, `updated_at`) VALUES (14, 'porro', 'Et quas repellat quidem ut est est voluptatem. Est temporibus sit dolor facere. Officiis quidem optio aut minus alias qui et.', '403320318.40', 14, '1996-03-24 07:16:51', '1978-02-28 08:53:51');
INSERT INTO `products` (`id`, `name`, `description`, `price`, `catalog_id`, `created_at`, `updated_at`) VALUES (15, 'consequuntur', 'Tenetur tenetur consectetur omnis et sapiente. Distinctio minima laboriosam et laboriosam. Tempore consequuntur enim quibusdam exercitationem earum vero ut. Recusandae architecto ipsam saepe. Porro est ad quas labore mollitia necessitatibus.', '4.70', 15, '1980-12-28 20:07:09', '2017-08-19 22:25:53');
INSERT INTO `products` (`id`, `name`, `description`, `price`, `catalog_id`, `created_at`, `updated_at`) VALUES (16, 'atque', 'Numquam quisquam voluptatem velit assumenda. Aliquam atque et nisi iusto soluta officiis. Corrupti consectetur dolor veniam fugiat doloribus vitae. Suscipit debitis et sit fugiat occaecati harum alias qui.', '743899.05', 16, '1970-02-10 19:28:19', '2000-10-30 00:28:08');
INSERT INTO `products` (`id`, `name`, `description`, `price`, `catalog_id`, `created_at`, `updated_at`) VALUES (17, 'sit', 'Sequi porro ratione minima. Nemo repudiandae repudiandae pariatur recusandae modi iusto. Aut quidem qui eveniet natus qui adipisci. Aliquid praesentium ea et voluptatem quod voluptatem nulla.', '21591.00', 17, '2011-05-29 00:30:51', '1989-11-18 21:55:25');
INSERT INTO `products` (`id`, `name`, `description`, `price`, `catalog_id`, `created_at`, `updated_at`) VALUES (18, 'consectetur', 'Sequi molestiae quidem et. Rem veritatis non temporibus est est dolores. Tenetur soluta in vel. Eos dolore quia voluptatem et.', '43260206.77', 18, '1988-02-05 18:44:33', '2002-11-22 02:26:52');
INSERT INTO `products` (`id`, `name`, `description`, `price`, `catalog_id`, `created_at`, `updated_at`) VALUES (19, 'eligendi', 'Repellat omnis ducimus ratione quia. Quae quia amet sint tempore. Eius ad sequi rerum aperiam.', '12.00', 19, '2016-09-12 06:11:41', '1999-10-10 08:01:55');
INSERT INTO `products` (`id`, `name`, `description`, `price`, `catalog_id`, `created_at`, `updated_at`) VALUES (20, 'id', 'Saepe placeat voluptatum ipsum rerum. Vero culpa est porro ut tenetur reiciendis. Assumenda praesentium maiores tempore et qui nihil. Aut minima suscipit vel sunt occaecati.', '468592183.48', 20, '1993-04-07 11:43:54', '1978-08-15 20:11:54');
INSERT INTO `products` (`id`, `name`, `description`, `price`, `catalog_id`, `created_at`, `updated_at`) VALUES (21, 'et', 'Ab blanditiis a velit cum est et consectetur. Et dolores atque iure sed omnis et. Sunt consectetur quia quasi molestias.', '514639.31', 21, '1972-02-08 17:14:03', '2014-05-18 09:35:23');
INSERT INTO `products` (`id`, `name`, `description`, `price`, `catalog_id`, `created_at`, `updated_at`) VALUES (22, 'vel', 'Fugiat ipsa sed consequuntur alias nostrum. Aut aliquid fugit dolorem tenetur at quia.', '391476447.57', 22, '1987-03-29 15:29:50', '2003-11-01 06:20:30');
INSERT INTO `products` (`id`, `name`, `description`, `price`, `catalog_id`, `created_at`, `updated_at`) VALUES (23, 'eius', 'Laborum ut officiis deserunt animi ea consequatur. Modi doloribus repellat ut odit perspiciatis culpa quae. Recusandae repellat quia recusandae debitis reprehenderit explicabo aut. Est aliquid unde dolor.', '90293083.27', 23, '2010-11-28 19:44:49', '1999-09-12 09:17:12');
INSERT INTO `products` (`id`, `name`, `description`, `price`, `catalog_id`, `created_at`, `updated_at`) VALUES (24, 'autem', 'At asperiores quis laboriosam debitis consequatur temporibus fuga. Dignissimos et voluptates nulla mollitia. Excepturi voluptas ipsam sit quos molestiae eveniet molestias.', '582218.00', 24, '1983-03-29 08:00:53', '1978-02-24 23:44:05');
INSERT INTO `products` (`id`, `name`, `description`, `price`, `catalog_id`, `created_at`, `updated_at`) VALUES (25, 'temporibus', 'Dicta quo in dolor quo velit nihil. At iste voluptas ut veritatis dolorem occaecati et. Pariatur eum ducimus dolores accusamus voluptate in ut.', '47179688.99', 25, '2019-06-07 22:06:04', '2006-10-18 07:27:00');
INSERT INTO `products` (`id`, `name`, `description`, `price`, `catalog_id`, `created_at`, `updated_at`) VALUES (26, 'voluptas', 'Dignissimos sit dolor eum. Tenetur ipsa vel provident similique voluptas. Dolor beatae est blanditiis fuga quo.', '2185783.30', 26, '1998-11-09 16:46:36', '1993-08-02 08:11:11');
INSERT INTO `products` (`id`, `name`, `description`, `price`, `catalog_id`, `created_at`, `updated_at`) VALUES (27, 'dolor', 'Quis est sapiente eum sit qui. Repellat quasi et et et labore cum qui. Fugit atque et labore inventore voluptas quibusdam rerum. Nisi optio quia molestias ut ut.', '1.21', 27, '2012-09-21 15:01:09', '1973-03-14 07:15:22');
INSERT INTO `products` (`id`, `name`, `description`, `price`, `catalog_id`, `created_at`, `updated_at`) VALUES (28, 'nesciunt', 'Odio quidem eius est est. Culpa error molestiae delectus praesentium enim commodi quidem. Expedita illo et labore eveniet accusantium quibusdam distinctio.', '0.00', 28, '1996-01-08 22:49:35', '1993-07-15 09:30:01');
INSERT INTO `products` (`id`, `name`, `description`, `price`, `catalog_id`, `created_at`, `updated_at`) VALUES (29, 'est', 'Voluptas modi asperiores ea provident mollitia cum. Animi aliquid saepe omnis autem quos odio. Quos et provident dicta dolores.', '9435730.12', 29, '2003-07-02 02:51:25', '2005-03-05 09:17:38');
INSERT INTO `products` (`id`, `name`, `description`, `price`, `catalog_id`, `created_at`, `updated_at`) VALUES (30, 'deleniti', 'Nihil placeat veritatis maxime nobis non. Voluptatum illum nisi earum aperiam id necessitatibus. Dolore quas suscipit consequatur. Veniam doloremque voluptatibus est culpa assumenda sit fugiat.', '742121.10', 30, '1993-12-30 08:10:34', '1994-10-30 05:04:27');
INSERT INTO `products` (`id`, `name`, `description`, `price`, `catalog_id`, `created_at`, `updated_at`) VALUES (31, 'assumenda', 'Quia rerum sit minima eos et esse quia. Dolor corrupti nihil voluptatum quia maiores. Repellat aliquam corrupti unde aliquam quia architecto voluptatem. Laudantium voluptatem nobis soluta voluptatum aliquid aut tempore.', '520.16', 31, '2008-07-02 08:50:02', '1993-11-14 16:48:52');
INSERT INTO `products` (`id`, `name`, `description`, `price`, `catalog_id`, `created_at`, `updated_at`) VALUES (32, 'aut', 'Quas unde odio voluptate non laborum autem autem voluptates. Provident eos iusto expedita in. Necessitatibus laborum deserunt et atque. Architecto perferendis quae vitae ratione et natus quod. Doloribus saepe ratione laborum non in quisquam quisquam.', '1.91', 32, '1999-09-13 09:17:32', '1987-10-09 07:55:55');
INSERT INTO `products` (`id`, `name`, `description`, `price`, `catalog_id`, `created_at`, `updated_at`) VALUES (33, 'sapiente', 'Odit repellendus velit explicabo minima sed et natus. Aut consequuntur tenetur inventore officiis qui porro. Aliquid rerum rem dolor qui voluptatem cum. Mollitia ut quidem culpa error repudiandae ullam.', '2105951.88', 33, '2015-10-03 18:30:12', '1984-05-02 07:02:51');
INSERT INTO `products` (`id`, `name`, `description`, `price`, `catalog_id`, `created_at`, `updated_at`) VALUES (34, 'nisi', 'Suscipit in quaerat nesciunt ipsam vel. Et corrupti veritatis cumque ratione ipsa. Est alias voluptatem ut earum consequatur. Eum omnis voluptas aut rerum qui.', '257.20', 34, '1984-09-01 07:57:17', '1992-01-09 08:00:57');
INSERT INTO `products` (`id`, `name`, `description`, `price`, `catalog_id`, `created_at`, `updated_at`) VALUES (35, 'voluptas', 'Facilis minus molestiae molestiae sit. Quasi sunt tempore praesentium quidem quas aut. Et voluptate ratione voluptatem in. Ea quas earum ipsum est.', '7.52', 35, '2004-08-01 13:34:19', '1998-04-03 03:05:52');
INSERT INTO `products` (`id`, `name`, `description`, `price`, `catalog_id`, `created_at`, `updated_at`) VALUES (36, 'ea', 'Dicta possimus reiciendis accusamus ratione molestiae deserunt. Esse natus placeat repudiandae aperiam. Corrupti sit sint expedita quas reprehenderit doloremque. Maiores labore atque sed odit et ex blanditiis.', '0.00', 36, '1971-10-19 18:31:34', '1990-11-26 17:03:25');
INSERT INTO `products` (`id`, `name`, `description`, `price`, `catalog_id`, `created_at`, `updated_at`) VALUES (37, 'iure', 'Amet est tempore maiores assumenda aut est. Officiis et est nesciunt sed accusamus accusamus. Aut ut perferendis voluptatem ratione voluptatem quidem.', '19704727.21', 37, '1999-06-17 04:56:05', '1982-12-24 22:32:12');
INSERT INTO `products` (`id`, `name`, `description`, `price`, `catalog_id`, `created_at`, `updated_at`) VALUES (38, 'vitae', 'Illo quia ea voluptate labore quia rerum. Quia saepe fugiat suscipit consequuntur facere autem. Voluptatum tenetur laudantium sit vitae velit assumenda.', '0.00', 38, '1970-10-13 18:51:18', '1986-09-07 01:08:26');
INSERT INTO `products` (`id`, `name`, `description`, `price`, `catalog_id`, `created_at`, `updated_at`) VALUES (39, 'suscipit', 'In eius illum voluptatem numquam velit non. Voluptatem architecto et culpa quibusdam eligendi. Nihil incidunt esse omnis aliquid eos. Dolor aut voluptas nesciunt incidunt repellendus molestias.', '116.59', 39, '2012-04-03 16:18:53', '2017-11-04 08:06:31');
INSERT INTO `products` (`id`, `name`, `description`, `price`, `catalog_id`, `created_at`, `updated_at`) VALUES (40, 'culpa', 'Aliquid amet qui provident totam. Asperiores eius eos dolorem eos praesentium in voluptatibus. Aut nostrum qui ipsam dolorem. Ducimus rerum atque aliquam quia.', '2925272.95', 40, '2006-01-15 06:18:20', '1985-09-15 15:28:46');
INSERT INTO `products` (`id`, `name`, `description`, `price`, `catalog_id`, `created_at`, `updated_at`) VALUES (41, 'et', 'Dicta harum fugiat libero ab provident architecto ullam cum. Illo minus et in modi at qui. Molestiae aut quis non numquam aut est nihil. Quisquam eum aut odio tempore harum. Maiores cum quo sed voluptas sed placeat.', '183434020.15', 41, '1992-07-24 17:26:08', '2017-01-13 08:53:16');
INSERT INTO `products` (`id`, `name`, `description`, `price`, `catalog_id`, `created_at`, `updated_at`) VALUES (42, 'distinctio', 'Earum incidunt corporis excepturi eum eos. Rerum rerum dolorem aliquam suscipit. Vero sed dolorem praesentium quod itaque error.', '204870388.89', 42, '2011-10-17 01:24:15', '1977-02-12 15:40:04');
INSERT INTO `products` (`id`, `name`, `description`, `price`, `catalog_id`, `created_at`, `updated_at`) VALUES (43, 'ut', 'Quibusdam excepturi itaque autem qui repellat dolores. Consequatur dolor ipsum ut minus illum. Sunt odit dolorum iusto nesciunt quo consequatur.', '1.63', 43, '1972-12-06 13:03:50', '2012-06-07 15:24:53');
INSERT INTO `products` (`id`, `name`, `description`, `price`, `catalog_id`, `created_at`, `updated_at`) VALUES (44, 'explicabo', 'Et temporibus quis odio et. Ea distinctio quam sed inventore deserunt numquam. Voluptas nam perspiciatis est hic voluptas et.', '311400.03', 44, '1994-09-13 21:18:21', '1997-06-05 14:36:05');
INSERT INTO `products` (`id`, `name`, `description`, `price`, `catalog_id`, `created_at`, `updated_at`) VALUES (45, 'et', 'Dolores et molestiae sed id qui adipisci nulla distinctio. Possimus velit aliquid excepturi adipisci quod rerum eaque. Molestiae quis aliquid quod fuga non.', '61.30', 45, '1972-10-10 10:42:18', '1987-04-01 01:32:36');
INSERT INTO `products` (`id`, `name`, `description`, `price`, `catalog_id`, `created_at`, `updated_at`) VALUES (46, 'et', 'Culpa voluptates sint qui. Dicta aut facere provident nostrum omnis dolorem iure fugiat. Rerum labore eos ut. Explicabo nemo accusamus qui.', '2.66', 46, '2008-09-23 10:13:27', '2014-12-11 13:43:49');
INSERT INTO `products` (`id`, `name`, `description`, `price`, `catalog_id`, `created_at`, `updated_at`) VALUES (47, 'autem', 'Nisi numquam velit eos minus. Tempora rem dignissimos ut nisi. A debitis sint repudiandae.', '10454.68', 47, '1998-06-22 05:41:17', '1990-09-23 07:59:30');
INSERT INTO `products` (`id`, `name`, `description`, `price`, `catalog_id`, `created_at`, `updated_at`) VALUES (48, 'laborum', 'Eos quas et totam vero officia. Dolorum sit nulla sint est praesentium. Quae cum iusto quod nisi ipsum. Quia omnis hic voluptas omnis impedit aliquam.', '853.72', 48, '1994-11-02 21:52:55', '2018-08-18 03:42:37');
INSERT INTO `products` (`id`, `name`, `description`, `price`, `catalog_id`, `created_at`, `updated_at`) VALUES (49, 'officiis', 'In aperiam et omnis iusto sed. Rerum eveniet est amet eligendi aut. Natus odio maiores sunt veniam. Quia id autem sunt et consequatur.', '0.00', 49, '1973-10-08 06:34:24', '2012-04-23 10:07:00');
INSERT INTO `products` (`id`, `name`, `description`, `price`, `catalog_id`, `created_at`, `updated_at`) VALUES (50, 'repellat', 'Et quaerat est harum cum quia quasi. Non ducimus modi vel magni sit. Quo facilis necessitatibus necessitatibus aut eum voluptates.', '1203234.98', 50, '1991-09-18 01:01:40', '1980-12-05 06:25:09');
INSERT INTO `products` (`id`, `name`, `description`, `price`, `catalog_id`, `created_at`, `updated_at`) VALUES (51, 'eveniet', 'Ut quisquam sunt at velit dolorem impedit quaerat. Porro voluptas et assumenda cumque iste a. Minus modi et dolor voluptatem.', '17191.87', 1, '1997-12-23 10:51:50', '2004-06-07 05:39:16');
INSERT INTO `products` (`id`, `name`, `description`, `price`, `catalog_id`, `created_at`, `updated_at`) VALUES (52, 'unde', 'Dolores quam omnis est eligendi pariatur unde quae. Beatae fugiat voluptatibus quasi sint voluptatibus cumque. Eaque quas quo adipisci aut non.', '0.00', 2, '1985-12-08 15:13:55', '1990-10-17 03:29:22');
INSERT INTO `products` (`id`, `name`, `description`, `price`, `catalog_id`, `created_at`, `updated_at`) VALUES (53, 'dolorem', 'Labore illo officia earum aperiam accusantium et. Iusto sunt enim distinctio facilis.', '21090102.37', 3, '2014-09-16 12:54:37', '1997-10-08 00:02:28');
INSERT INTO `products` (`id`, `name`, `description`, `price`, `catalog_id`, `created_at`, `updated_at`) VALUES (54, 'occaecati', 'Quo nisi officiis aliquid ullam. Rerum dolore odio eaque vel voluptas iste non. Dolorum iste dolor facere sit maxime.', '2752.41', 4, '2009-04-18 21:56:08', '2005-10-29 01:48:54');
INSERT INTO `products` (`id`, `name`, `description`, `price`, `catalog_id`, `created_at`, `updated_at`) VALUES (55, 'dolore', 'Voluptates rem enim at accusantium asperiores modi cumque aperiam. Eaque reiciendis quo nemo ipsam inventore dolorem iste sunt. Rerum corrupti qui autem occaecati aut labore dolor.', '8175.00', 5, '1978-03-13 18:18:41', '2006-02-21 20:06:02');
INSERT INTO `products` (`id`, `name`, `description`, `price`, `catalog_id`, `created_at`, `updated_at`) VALUES (56, 'excepturi', 'Autem eius magni dolore ipsum. Et hic sunt odit voluptate rem expedita. Voluptatem et quia nam aliquid quos delectus consequatur. Soluta id repellendus et illum temporibus enim.', '7805568.12', 6, '1993-06-18 10:41:00', '1989-08-24 10:14:43');
INSERT INTO `products` (`id`, `name`, `description`, `price`, `catalog_id`, `created_at`, `updated_at`) VALUES (57, 'qui', 'Accusamus vel minima similique non cum et. Quis ut consequuntur eum nihil. Asperiores impedit et non odio. Reiciendis corporis nemo voluptatem voluptas et quis.', '26.53', 7, '1989-04-20 20:04:55', '1976-02-11 18:48:42');
INSERT INTO `products` (`id`, `name`, `description`, `price`, `catalog_id`, `created_at`, `updated_at`) VALUES (58, 'repellendus', 'Aliquam neque nobis dolore magni eum unde ea minima. Ut fuga labore et officia. Atque ipsum ex tempora.', '3912299.10', 8, '2015-07-21 21:12:28', '1972-05-11 22:00:48');
INSERT INTO `products` (`id`, `name`, `description`, `price`, `catalog_id`, `created_at`, `updated_at`) VALUES (59, 'molestiae', 'Doloribus nesciunt ullam hic ducimus magni vero rerum. Ut ut laboriosam aliquid iusto. Quibusdam quo quia sed dolore.', '378.30', 9, '1996-10-16 13:41:10', '2007-04-17 01:25:38');
INSERT INTO `products` (`id`, `name`, `description`, `price`, `catalog_id`, `created_at`, `updated_at`) VALUES (60, 'aut', 'Laborum aut et odit eum tempora ut nemo. Magni autem deleniti quod at dolorum. Ab quia recusandae sunt quasi et.', '852.02', 10, '1982-05-10 21:38:54', '2003-05-09 02:10:28');
INSERT INTO `products` (`id`, `name`, `description`, `price`, `catalog_id`, `created_at`, `updated_at`) VALUES (61, 'enim', 'Dolorum et et et quasi. Libero delectus occaecati reiciendis velit. Et temporibus rerum rerum nobis aliquid dolores et. Aliquid molestiae voluptatibus et eos ab odit. Est necessitatibus sed molestiae adipisci.', '50372983.17', 11, '1982-09-30 08:45:32', '1972-01-10 19:07:36');
INSERT INTO `products` (`id`, `name`, `description`, `price`, `catalog_id`, `created_at`, `updated_at`) VALUES (62, 'est', 'Accusamus ut debitis sunt. Qui voluptatem consequatur dolores. Velit eos rem doloribus ipsa minima.', '6879816.00', 12, '2005-12-05 16:57:24', '1991-03-31 17:28:42');
INSERT INTO `products` (`id`, `name`, `description`, `price`, `catalog_id`, `created_at`, `updated_at`) VALUES (63, 'beatae', 'Veritatis et sunt sequi blanditiis. Omnis ut omnis nesciunt commodi maiores voluptatem sint.', '38.42', 13, '2007-06-21 12:07:57', '2010-02-28 19:02:35');
INSERT INTO `products` (`id`, `name`, `description`, `price`, `catalog_id`, `created_at`, `updated_at`) VALUES (64, 'amet', 'Hic voluptatem excepturi sit. Nostrum sit consectetur nam ipsa ipsam eos molestias. Veritatis quod repellat blanditiis officia natus porro.', '2374.90', 14, '2011-08-27 23:13:37', '2010-02-16 10:46:52');
INSERT INTO `products` (`id`, `name`, `description`, `price`, `catalog_id`, `created_at`, `updated_at`) VALUES (65, 'autem', 'Dicta ad quo necessitatibus sapiente maiores voluptate. Libero est harum impedit aperiam. Quam harum quam officiis voluptates facere in. Laudantium recusandae et autem pariatur aperiam.', '3470305.34', 15, '1995-06-11 02:46:37', '1979-09-08 04:02:05');
INSERT INTO `products` (`id`, `name`, `description`, `price`, `catalog_id`, `created_at`, `updated_at`) VALUES (66, 'exercitationem', 'Cumque cupiditate voluptate modi nulla maxime vel est. Eos minus nam illo tempore et sequi ullam. Odio animi non laboriosam quasi qui.', '1161801.59', 16, '1973-09-15 02:58:16', '2004-03-20 20:22:23');
INSERT INTO `products` (`id`, `name`, `description`, `price`, `catalog_id`, `created_at`, `updated_at`) VALUES (67, 'assumenda', 'Illum eaque ea et. Dolorem non aut commodi corrupti eos maiores. Aspernatur excepturi maiores quo labore quo optio eius.', '1268528.68', 17, '1986-06-14 15:11:12', '2000-01-02 05:53:23');
INSERT INTO `products` (`id`, `name`, `description`, `price`, `catalog_id`, `created_at`, `updated_at`) VALUES (68, 'est', 'Mollitia vero saepe quo corrupti. Harum non iure deleniti fugiat dicta. Molestiae velit consequuntur illo voluptas.', '1034176.35', 18, '2014-05-07 17:14:11', '2019-09-22 14:00:28');
INSERT INTO `products` (`id`, `name`, `description`, `price`, `catalog_id`, `created_at`, `updated_at`) VALUES (69, 'voluptates', 'Eaque error et aut deleniti reprehenderit et. Nisi qui facilis nisi explicabo rerum placeat unde. Molestiae repellendus quia omnis omnis similique eveniet non. Magni reprehenderit autem non numquam.', '231749372.22', 19, '2019-08-16 06:56:55', '1987-09-01 06:00:10');
INSERT INTO `products` (`id`, `name`, `description`, `price`, `catalog_id`, `created_at`, `updated_at`) VALUES (70, 'ea', 'Consectetur dolorem cum quo qui. Natus ipsam et dignissimos laudantium est et ipsum. Deleniti perferendis error sunt cum dolorem provident commodi.', '0.00', 20, '1996-12-03 23:31:30', '1997-06-26 20:32:55');
INSERT INTO `products` (`id`, `name`, `description`, `price`, `catalog_id`, `created_at`, `updated_at`) VALUES (71, 'est', 'Et exercitationem et et repellat illum. Omnis dolor autem dolor amet a enim. Repudiandae ut tempora expedita provident eos. Doloremque officiis odio sunt voluptatem et.', '1761.00', 21, '1995-01-11 15:09:14', '1974-03-03 09:38:21');
INSERT INTO `products` (`id`, `name`, `description`, `price`, `catalog_id`, `created_at`, `updated_at`) VALUES (72, 'voluptatem', 'Porro quia molestiae qui dignissimos consequatur illum aut. Perspiciatis cum ab et id. Voluptatem consequuntur cum perspiciatis aliquid optio et. Temporibus excepturi rerum voluptatem ut ea voluptas.', '4806593.92', 22, '1975-07-07 17:33:17', '1983-09-14 03:54:12');
INSERT INTO `products` (`id`, `name`, `description`, `price`, `catalog_id`, `created_at`, `updated_at`) VALUES (73, 'corrupti', 'Tempora facilis harum libero id earum error. Quo quia aut sit consequatur ut nam rerum. Omnis at nesciunt natus ipsa qui quibusdam saepe. Dolor illum accusantium earum ducimus voluptatibus.', '0.00', 23, '1976-11-18 09:35:15', '1973-11-26 16:16:21');
INSERT INTO `products` (`id`, `name`, `description`, `price`, `catalog_id`, `created_at`, `updated_at`) VALUES (74, 'quidem', 'Aspernatur omnis voluptate numquam et blanditiis. Molestiae sint commodi impedit ipsum rerum culpa. Assumenda debitis quia qui porro ea. Dolorem sit ut est. Perspiciatis ut amet quod quaerat.', '5031272.80', 24, '1972-11-02 05:58:44', '2018-05-29 18:04:42');
INSERT INTO `products` (`id`, `name`, `description`, `price`, `catalog_id`, `created_at`, `updated_at`) VALUES (75, 'autem', 'Quam veniam pariatur iure explicabo voluptatibus. Tenetur tempora quas inventore. Repellendus libero occaecati quo illo optio necessitatibus inventore.', '787985484.32', 25, '2008-02-02 12:11:38', '1989-06-13 16:39:49');
INSERT INTO `products` (`id`, `name`, `description`, `price`, `catalog_id`, `created_at`, `updated_at`) VALUES (76, 'quis', 'Reprehenderit ex eligendi rerum provident dolor praesentium et esse. Nulla saepe molestiae quaerat odit. Delectus aut quae voluptatem expedita aut repudiandae. Aliquid autem saepe dolore rerum et qui.', '8838.36', 26, '1979-01-17 18:11:08', '1987-11-09 07:35:35');
INSERT INTO `products` (`id`, `name`, `description`, `price`, `catalog_id`, `created_at`, `updated_at`) VALUES (77, 'sit', 'Non sunt distinctio odio ut enim dolores optio. Eos quis laboriosam ducimus soluta ex sit voluptates. Autem maiores ipsum illum possimus ex quo a doloribus. Nemo velit in nihil natus.', '3.94', 27, '1971-03-29 22:53:44', '1985-11-11 10:49:56');
INSERT INTO `products` (`id`, `name`, `description`, `price`, `catalog_id`, `created_at`, `updated_at`) VALUES (78, 'tempore', 'Omnis est incidunt quae assumenda sit. Distinctio debitis impedit inventore ratione mollitia. Enim dignissimos consequuntur modi voluptates. Architecto ea quibusdam delectus ab sit. Magni dicta voluptatem suscipit cum impedit.', '385.90', 28, '2017-02-11 02:31:39', '1986-05-25 18:51:16');
INSERT INTO `products` (`id`, `name`, `description`, `price`, `catalog_id`, `created_at`, `updated_at`) VALUES (79, 'dolorem', 'Quidem alias cum quos placeat commodi fugiat. Vitae non ipsum non temporibus qui qui. Nihil voluptas qui deserunt fugiat impedit non.', '12155.91', 29, '2014-12-18 13:10:10', '1998-02-03 05:41:51');
INSERT INTO `products` (`id`, `name`, `description`, `price`, `catalog_id`, `created_at`, `updated_at`) VALUES (80, 'temporibus', 'Non enim aliquid qui voluptatibus reprehenderit. Unde ut laudantium architecto harum natus labore. Fugiat modi quis nihil qui omnis est.', '104073027.31', 30, '1980-06-08 10:30:01', '2009-07-11 03:50:22');
INSERT INTO `products` (`id`, `name`, `description`, `price`, `catalog_id`, `created_at`, `updated_at`) VALUES (81, 'odio', 'Cupiditate iste fugiat aut amet laudantium quos odio. Reiciendis totam quia quasi laborum tenetur asperiores. Numquam illum repellendus fuga ut.', '94854954.61', 31, '2016-04-12 08:13:29', '2018-02-14 19:03:00');
INSERT INTO `products` (`id`, `name`, `description`, `price`, `catalog_id`, `created_at`, `updated_at`) VALUES (82, 'repellat', 'Necessitatibus quisquam dolore quo omnis autem cum quaerat. Vero non molestiae et illum. Beatae veniam minima aut sint.', '586607.51', 32, '1988-03-11 23:29:02', '2013-10-08 05:49:01');
INSERT INTO `products` (`id`, `name`, `description`, `price`, `catalog_id`, `created_at`, `updated_at`) VALUES (83, 'quia', 'Ullam magnam rerum commodi dolor doloremque dolorem et. Totam et impedit soluta distinctio est eius officiis. Reprehenderit autem eaque accusantium. Odit voluptatem in tenetur sapiente.', '17.46', 33, '1984-08-29 21:05:44', '2019-10-15 01:57:28');
INSERT INTO `products` (`id`, `name`, `description`, `price`, `catalog_id`, `created_at`, `updated_at`) VALUES (84, 'facere', 'Et veniam officiis aut quidem. Autem rem laboriosam sed voluptatem praesentium maxime enim. Rerum quo maxime voluptatem dolore cupiditate consectetur aliquid.', '195985.77', 34, '1982-07-05 21:29:27', '2007-02-09 17:30:11');
INSERT INTO `products` (`id`, `name`, `description`, `price`, `catalog_id`, `created_at`, `updated_at`) VALUES (85, 'laboriosam', 'Blanditiis in veritatis hic. Et cupiditate a enim quae quia aut.', '0.98', 35, '1970-04-29 02:05:43', '1974-08-02 20:33:16');
INSERT INTO `products` (`id`, `name`, `description`, `price`, `catalog_id`, `created_at`, `updated_at`) VALUES (86, 'est', 'Ipsum iusto excepturi natus tempora. Omnis cumque labore id rem. Sit perferendis corporis esse.', '144616.17', 36, '2007-06-01 15:44:42', '1973-02-25 05:09:58');
INSERT INTO `products` (`id`, `name`, `description`, `price`, `catalog_id`, `created_at`, `updated_at`) VALUES (87, 'consequatur', 'Rerum quos enim labore. Nihil omnis deleniti reprehenderit sed voluptas et. Voluptas aut illum suscipit. Fugiat laboriosam ipsum adipisci numquam. Atque eum quis sed sit deserunt quidem doloremque.', '298415589.50', 37, '1999-09-01 04:33:22', '1985-11-05 10:04:47');
INSERT INTO `products` (`id`, `name`, `description`, `price`, `catalog_id`, `created_at`, `updated_at`) VALUES (88, 'aliquam', 'Neque quam vero ullam cumque. Inventore iure molestiae fugiat vel assumenda. Earum perspiciatis rerum reiciendis tenetur ut eaque. Eius tenetur a deleniti quaerat autem vel beatae.', '1847790.00', 38, '1970-05-16 01:17:15', '1980-08-10 15:49:32');
INSERT INTO `products` (`id`, `name`, `description`, `price`, `catalog_id`, `created_at`, `updated_at`) VALUES (89, 'dicta', 'Et omnis iure eum qui eaque ut vero. Expedita nostrum ducimus qui beatae dolore rem molestias. Qui alias non deleniti. Ducimus architecto temporibus consequatur aliquid qui quod.', '222.46', 39, '1989-06-12 05:00:19', '1971-02-16 14:19:25');
INSERT INTO `products` (`id`, `name`, `description`, `price`, `catalog_id`, `created_at`, `updated_at`) VALUES (90, 'expedita', 'Nobis rerum exercitationem aliquam magnam qui ipsa et accusantium. Hic et in ipsa repellat laudantium. Autem est facilis autem vero velit porro. Et nihil et modi accusantium saepe suscipit quia.', '2.14', 40, '2020-01-20 01:30:46', '1997-07-16 00:16:12');
INSERT INTO `products` (`id`, `name`, `description`, `price`, `catalog_id`, `created_at`, `updated_at`) VALUES (91, 'enim', 'Vel sint consectetur incidunt magni ipsa ut. Iure iure dicta in dolorem voluptatem. Voluptas fuga ut id nulla rerum ex est culpa. Et et a ullam est recusandae.', '200162482.22', 41, '1985-05-05 06:52:00', '2001-05-17 21:55:26');
INSERT INTO `products` (`id`, `name`, `description`, `price`, `catalog_id`, `created_at`, `updated_at`) VALUES (92, 'sed', 'Quaerat omnis est itaque iure consequuntur totam. Hic rerum sit magni qui et aut id perferendis. Rerum consectetur officia odio dolor recusandae optio. Totam dignissimos cumque repudiandae.', '3.72', 42, '1974-12-06 23:14:21', '2016-10-09 17:21:10');
INSERT INTO `products` (`id`, `name`, `description`, `price`, `catalog_id`, `created_at`, `updated_at`) VALUES (93, 'aperiam', 'Inventore vero voluptas veritatis deserunt provident nostrum veritatis. Est ducimus repellat assumenda enim ut tempora et. Omnis ipsam culpa maiores impedit. Repellendus tempora suscipit doloremque velit.', '429065.00', 43, '1991-10-04 16:25:27', '1970-04-08 21:15:48');
INSERT INTO `products` (`id`, `name`, `description`, `price`, `catalog_id`, `created_at`, `updated_at`) VALUES (94, 'quam', 'Facere sed quidem quae est. Qui omnis necessitatibus ab vero omnis et molestias quidem. Totam et a placeat eos doloremque odit totam.', '478.05', 44, '1974-08-08 19:08:39', '1996-11-14 23:53:38');
INSERT INTO `products` (`id`, `name`, `description`, `price`, `catalog_id`, `created_at`, `updated_at`) VALUES (95, 'beatae', 'Tempore repellat quia aperiam dicta. Aliquam qui voluptas consequatur magni.', '38.97', 45, '1994-02-13 16:58:35', '1975-03-20 22:54:15');
INSERT INTO `products` (`id`, `name`, `description`, `price`, `catalog_id`, `created_at`, `updated_at`) VALUES (96, 'id', 'Ab deleniti velit dicta excepturi quisquam voluptatem vero. Id aut et sunt expedita officia. Non molestiae rem quaerat ut magni.', '167.35', 46, '1971-12-15 17:56:50', '2001-11-07 11:11:57');
INSERT INTO `products` (`id`, `name`, `description`, `price`, `catalog_id`, `created_at`, `updated_at`) VALUES (97, 'non', 'Enim magni suscipit voluptatibus blanditiis ut voluptatum. Earum aut nisi sed ut. Blanditiis optio cum ipsum autem sint similique. Eos dolores nisi nulla consectetur assumenda.', '380.34', 47, '1996-10-08 04:21:00', '1990-11-23 19:50:36');
INSERT INTO `products` (`id`, `name`, `description`, `price`, `catalog_id`, `created_at`, `updated_at`) VALUES (98, 'earum', 'Ex harum praesentium perspiciatis blanditiis hic aliquam ut. Similique corrupti et sequi nihil odio qui alias. Non ea temporibus occaecati aut. Incidunt est aut autem ipsa temporibus necessitatibus ipsam.', '1798.60', 48, '1978-11-21 08:14:02', '2005-01-11 08:06:23');
INSERT INTO `products` (`id`, `name`, `description`, `price`, `catalog_id`, `created_at`, `updated_at`) VALUES (99, 'possimus', 'Quo id sint quaerat harum natus quidem. Et aut et non ut. Sit pariatur non possimus placeat qui.', '16653493.80', 49, '1978-01-27 02:16:15', '2008-04-13 11:46:42');
INSERT INTO `products` (`id`, `name`, `description`, `price`, `catalog_id`, `created_at`, `updated_at`) VALUES (100, 'omnis', 'Pariatur enim occaecati maxime quas. Blanditiis assumenda alias et ipsam nemo. Est explicabo amet totam vero quasi.', '0.00', 50, '1991-05-15 20:44:08', '2002-12-29 04:23:30');
INSERT INTO `products` (`id`, `name`, `description`, `price`, `catalog_id`, `created_at`, `updated_at`) VALUES (101, 'eligendi', 'Doloremque hic iste iure iste delectus. Eum nesciunt facere nisi tempore rerum in voluptatum. Porro veritatis dolores eligendi. Exercitationem mollitia est aut aut rerum placeat.', '1769.53', 1, '1986-11-28 00:55:48', '1985-08-11 10:37:40');
INSERT INTO `products` (`id`, `name`, `description`, `price`, `catalog_id`, `created_at`, `updated_at`) VALUES (102, 'in', 'Enim qui est magnam enim. Cumque eum autem delectus et voluptates molestias id sed. Soluta aut ipsa nisi exercitationem ut.', '22163.40', 2, '2009-07-06 10:09:19', '2008-07-16 16:39:47');
INSERT INTO `products` (`id`, `name`, `description`, `price`, `catalog_id`, `created_at`, `updated_at`) VALUES (103, 'nihil', 'Aut modi ut quisquam recusandae. Amet aut doloremque dolore quod natus asperiores ut. Ipsa laborum corrupti alias saepe quae id.', '1075850.05', 3, '1982-01-02 16:42:24', '2017-04-25 15:10:45');
INSERT INTO `products` (`id`, `name`, `description`, `price`, `catalog_id`, `created_at`, `updated_at`) VALUES (104, 'quos', 'Voluptates animi laudantium voluptate dolores. Soluta quis voluptas deserunt accusantium voluptatibus.', '106257.90', 4, '2019-02-01 09:42:52', '2003-05-08 04:00:47');
INSERT INTO `products` (`id`, `name`, `description`, `price`, `catalog_id`, `created_at`, `updated_at`) VALUES (105, 'molestiae', 'Molestiae ea amet omnis ut beatae. Quis sapiente deserunt itaque reprehenderit ut. Dicta quo perspiciatis maiores iure.', '1024108.79', 5, '2007-06-25 15:52:41', '1970-07-14 17:04:08');
INSERT INTO `products` (`id`, `name`, `description`, `price`, `catalog_id`, `created_at`, `updated_at`) VALUES (106, 'nostrum', 'Non minus quidem perferendis quas veritatis optio. Autem nostrum quo ut est aut aspernatur.', '4673381.46', 6, '1978-03-14 11:55:33', '1980-04-03 18:51:00');
INSERT INTO `products` (`id`, `name`, `description`, `price`, `catalog_id`, `created_at`, `updated_at`) VALUES (107, 'qui', 'Ut debitis dolores deserunt et. Accusamus aut temporibus voluptas earum id harum reiciendis. Dicta sed dignissimos tempore ratione. Quidem placeat et quae quasi nulla aut minima adipisci.', '99207071.89', 7, '2010-10-30 15:54:31', '1976-09-03 14:22:37');
INSERT INTO `products` (`id`, `name`, `description`, `price`, `catalog_id`, `created_at`, `updated_at`) VALUES (108, 'cumque', 'Aut culpa quaerat accusamus aspernatur porro ut aliquam. Voluptatem qui recusandae quaerat odit veritatis ex. Fuga exercitationem cumque assumenda sit vel perferendis necessitatibus.', '0.00', 8, '2006-08-30 07:23:14', '1974-07-01 17:30:42');
INSERT INTO `products` (`id`, `name`, `description`, `price`, `catalog_id`, `created_at`, `updated_at`) VALUES (109, 'in', 'Distinctio qui laborum aperiam porro qui sit. Ut quibusdam corrupti laborum nam. Deserunt harum ratione enim et corporis ducimus impedit. Dolor ut dolorem voluptas sequi voluptate illum fugiat.', '716151.89', 9, '2017-07-25 02:55:12', '1999-03-24 09:49:49');
INSERT INTO `products` (`id`, `name`, `description`, `price`, `catalog_id`, `created_at`, `updated_at`) VALUES (110, 'aut', 'Ducimus ullam nostrum quo. Iste dicta repellendus itaque molestiae nihil delectus aut. Consequatur aliquam magnam qui. Labore dolore non voluptatem in voluptas maiores aspernatur accusantium.', '2104.40', 10, '2012-12-28 10:25:44', '1988-03-30 13:23:01');
INSERT INTO `products` (`id`, `name`, `description`, `price`, `catalog_id`, `created_at`, `updated_at`) VALUES (111, 'vel', 'Quas deserunt dolor praesentium voluptates hic voluptatem eius. Architecto sapiente nihil quas facilis. Voluptatem accusantium cumque esse at vitae est.', '37.17', 11, '1996-01-23 21:46:02', '1986-02-22 13:17:07');
INSERT INTO `products` (`id`, `name`, `description`, `price`, `catalog_id`, `created_at`, `updated_at`) VALUES (112, 'rerum', 'Rerum sequi assumenda illum dolores. Harum cumque sequi eius et aut dolore.', '4.22', 12, '2007-05-18 17:20:14', '1990-05-04 17:47:00');
INSERT INTO `products` (`id`, `name`, `description`, `price`, `catalog_id`, `created_at`, `updated_at`) VALUES (113, 'itaque', 'Qui sint ratione at voluptatem sit ut non. Quas quis velit rerum suscipit id. Commodi corrupti temporibus vero rerum vitae ullam temporibus. Est aut architecto ut velit fuga adipisci.', '2198.96', 13, '1988-09-01 09:34:04', '1994-12-28 21:42:51');
INSERT INTO `products` (`id`, `name`, `description`, `price`, `catalog_id`, `created_at`, `updated_at`) VALUES (114, 'libero', 'Ipsum debitis dolore nostrum optio. At corporis rerum quisquam dolor. Dignissimos sed officia expedita ipsam laudantium doloremque repellendus. Facilis numquam magni esse consequuntur voluptatem voluptas.', '1192300.70', 14, '2015-05-09 00:45:56', '2006-12-02 02:10:10');
INSERT INTO `products` (`id`, `name`, `description`, `price`, `catalog_id`, `created_at`, `updated_at`) VALUES (115, 'eos', 'Sequi omnis suscipit dolorem. Voluptatem voluptas iure totam modi. Aut et quam delectus quasi.', '62689430.22', 15, '1983-05-05 15:34:58', '1988-08-05 20:37:47');
INSERT INTO `products` (`id`, `name`, `description`, `price`, `catalog_id`, `created_at`, `updated_at`) VALUES (116, 'eos', 'Delectus sunt neque sed est et sed omnis. Minima repudiandae eligendi debitis maxime quos natus. Nemo vel eligendi aliquid beatae quasi.', '24455167.00', 16, '1970-05-08 08:45:23', '1991-07-20 02:01:02');
INSERT INTO `products` (`id`, `name`, `description`, `price`, `catalog_id`, `created_at`, `updated_at`) VALUES (117, 'eius', 'Eaque non facilis rem quibusdam magni iure. Enim cupiditate ea modi sapiente ipsum. Id consequatur praesentium unde omnis enim quis occaecati. Recusandae quis quisquam non est qui omnis.', '0.00', 17, '2012-05-13 02:26:23', '1988-04-30 14:53:47');
INSERT INTO `products` (`id`, `name`, `description`, `price`, `catalog_id`, `created_at`, `updated_at`) VALUES (118, 'ut', 'Facilis aliquam dicta iusto est aut qui amet hic. Aut nostrum sapiente dolores dolorem non. Ut molestias nostrum laudantium et rerum.', '24177.56', 18, '1970-04-26 15:37:24', '2004-05-24 12:47:18');
INSERT INTO `products` (`id`, `name`, `description`, `price`, `catalog_id`, `created_at`, `updated_at`) VALUES (119, 'quidem', 'Velit ipsum molestias voluptatem quasi ut ut. Et at fugiat praesentium. Tempore eos dolorem tempora qui velit veniam eos. Illum corrupti fugiat molestiae minima eos qui amet. Aut molestiae illo et eligendi excepturi iusto eos.', '343.86', 19, '1993-07-20 11:14:18', '1988-04-15 10:16:17');
INSERT INTO `products` (`id`, `name`, `description`, `price`, `catalog_id`, `created_at`, `updated_at`) VALUES (120, 'porro', 'Et necessitatibus voluptas libero blanditiis debitis ducimus molestiae. Odio eius similique mollitia consectetur nam molestias debitis.', '153244.55', 20, '1976-01-28 10:55:11', '1978-03-30 10:30:51');
INSERT INTO `products` (`id`, `name`, `description`, `price`, `catalog_id`, `created_at`, `updated_at`) VALUES (121, 'velit', 'Qui minima autem maiores nesciunt. Nihil dolor voluptas expedita quidem fuga unde.', '0.44', 21, '1975-06-30 19:20:47', '1995-04-01 08:57:54');
INSERT INTO `products` (`id`, `name`, `description`, `price`, `catalog_id`, `created_at`, `updated_at`) VALUES (122, 'ipsum', 'Iste accusamus laborum voluptatem maxime. Reiciendis quae excepturi nihil ex odit aut illo. Nesciunt culpa explicabo officiis iure voluptatem. Minus quibusdam velit culpa maxime.', '9539.70', 22, '1977-05-16 08:35:57', '2014-04-17 15:51:12');
INSERT INTO `products` (`id`, `name`, `description`, `price`, `catalog_id`, `created_at`, `updated_at`) VALUES (123, 'dignissimos', 'Provident et ut non est placeat mollitia et. Laudantium nihil deserunt ea praesentium minus et rerum. Recusandae illum quis deleniti sapiente odio iste quo.', '13786728.25', 23, '1991-03-13 16:25:48', '1978-01-22 07:51:41');
INSERT INTO `products` (`id`, `name`, `description`, `price`, `catalog_id`, `created_at`, `updated_at`) VALUES (124, 'modi', 'Laborum eligendi pariatur molestiae officia nihil earum saepe unde. Sed suscipit voluptate et at assumenda. Non a expedita accusamus sed. Sunt et earum hic labore quas.', '476.73', 24, '2002-05-16 14:35:32', '1995-01-09 18:54:22');
INSERT INTO `products` (`id`, `name`, `description`, `price`, `catalog_id`, `created_at`, `updated_at`) VALUES (125, 'officiis', 'Corrupti sit molestias recusandae temporibus ratione. Error debitis maiores molestiae quibusdam harum animi. Magnam earum sint voluptates aut possimus tempore deleniti. Harum dolore magnam magni suscipit eos.', '21.74', 25, '1979-09-07 18:45:46', '2017-01-23 03:33:00');
INSERT INTO `products` (`id`, `name`, `description`, `price`, `catalog_id`, `created_at`, `updated_at`) VALUES (126, 'possimus', 'Delectus molestiae ex qui placeat et eos accusantium voluptas. Iusto aspernatur ut sed ut ut. Totam sint et velit voluptas.', '60236.40', 26, '1992-07-05 03:42:51', '1993-01-03 23:32:42');
INSERT INTO `products` (`id`, `name`, `description`, `price`, `catalog_id`, `created_at`, `updated_at`) VALUES (127, 'eaque', 'Deserunt nihil tempore omnis eius qui pariatur eveniet. Velit optio sunt rerum occaecati accusamus voluptas non. Voluptas non numquam et ut quia autem.', '5441.54', 27, '1976-05-31 13:27:38', '2002-08-14 13:33:43');
INSERT INTO `products` (`id`, `name`, `description`, `price`, `catalog_id`, `created_at`, `updated_at`) VALUES (128, 'id', 'Nemo omnis odio illo. Adipisci aperiam id mollitia rerum consequatur sequi. Consequatur reprehenderit dignissimos qui labore debitis.', '7397.80', 28, '1985-07-09 05:31:15', '2006-12-22 13:43:37');
INSERT INTO `products` (`id`, `name`, `description`, `price`, `catalog_id`, `created_at`, `updated_at`) VALUES (129, 'tempore', 'Dolorum tempore nulla recusandae tenetur nulla nobis. Aliquid dicta voluptas voluptatem maiores porro voluptas. Quia assumenda quas non ipsam.', '2.51', 29, '1989-11-10 23:30:40', '1973-12-21 12:18:02');
INSERT INTO `products` (`id`, `name`, `description`, `price`, `catalog_id`, `created_at`, `updated_at`) VALUES (130, 'nesciunt', 'Eveniet quas impedit occaecati voluptas delectus veritatis. Magni voluptatem doloremque voluptas quis dolore qui rerum corporis. Provident dolorem in ut labore nisi quasi voluptatibus nobis. Necessitatibus quos voluptatem asperiores nihil reiciendis quia in.', '899944006.50', 30, '2020-01-19 17:03:32', '1983-01-09 02:14:34');
INSERT INTO `products` (`id`, `name`, `description`, `price`, `catalog_id`, `created_at`, `updated_at`) VALUES (131, 'ut', 'Cumque in blanditiis illum rem commodi. Magni ut nulla placeat et aut itaque et debitis. Est laborum ex enim accusamus. Iusto nihil et id nihil natus perspiciatis magnam.', '54103.72', 31, '2019-10-07 00:18:50', '1997-06-13 13:06:15');
INSERT INTO `products` (`id`, `name`, `description`, `price`, `catalog_id`, `created_at`, `updated_at`) VALUES (132, 'omnis', 'Voluptatem voluptate consequuntur maiores. Tempora minus vitae explicabo corrupti dolorum.', '94288.00', 32, '2016-02-09 12:03:28', '1978-01-13 06:14:25');
INSERT INTO `products` (`id`, `name`, `description`, `price`, `catalog_id`, `created_at`, `updated_at`) VALUES (133, 'ducimus', 'Suscipit laborum tempora vel repudiandae. Modi incidunt temporibus aut porro. Et aut earum aut recusandae et reiciendis reprehenderit accusantium. Asperiores placeat et et suscipit.', '18.57', 33, '1974-11-05 18:22:03', '2014-07-18 14:01:05');
INSERT INTO `products` (`id`, `name`, `description`, `price`, `catalog_id`, `created_at`, `updated_at`) VALUES (134, 'perferendis', 'Iusto voluptatem ut laudantium praesentium dolorum veniam. Eaque reprehenderit rerum nihil sapiente. In tempore reiciendis error nisi qui officiis reprehenderit.', '135613.65', 34, '1973-09-20 08:31:28', '1984-03-22 23:10:04');
INSERT INTO `products` (`id`, `name`, `description`, `price`, `catalog_id`, `created_at`, `updated_at`) VALUES (135, 'voluptatem', 'Nam aut pariatur voluptates et labore. Aperiam sint animi qui corrupti qui mollitia.', '1301.32', 35, '1988-02-08 14:45:11', '1980-12-18 01:40:03');
INSERT INTO `products` (`id`, `name`, `description`, `price`, `catalog_id`, `created_at`, `updated_at`) VALUES (136, 'odit', 'Quas ad nesciunt architecto minus velit enim. Nesciunt quia deleniti et aspernatur saepe nihil quia.', '6.72', 36, '2012-12-22 12:06:41', '1973-03-10 20:33:40');
INSERT INTO `products` (`id`, `name`, `description`, `price`, `catalog_id`, `created_at`, `updated_at`) VALUES (137, 'voluptatem', 'Architecto dolorem ipsam enim et quos eius. Nesciunt sit neque aut. Velit sit dicta assumenda enim aut. A quaerat tempore assumenda natus et quod atque.', '7189.00', 37, '1973-12-09 04:43:58', '1976-05-15 04:39:22');
INSERT INTO `products` (`id`, `name`, `description`, `price`, `catalog_id`, `created_at`, `updated_at`) VALUES (138, 'voluptas', 'Quas voluptas ut tempora quis eligendi. Molestiae excepturi et natus unde aut.', '47793396.90', 38, '1983-09-23 04:23:45', '1972-04-19 05:27:24');
INSERT INTO `products` (`id`, `name`, `description`, `price`, `catalog_id`, `created_at`, `updated_at`) VALUES (139, 'soluta', 'Sed reprehenderit soluta voluptatem perferendis atque. Saepe qui qui et mollitia est. Dolores enim ullam modi voluptatum eligendi eos voluptas.', '31413735.15', 39, '1999-11-09 07:16:13', '2013-11-03 21:02:01');
INSERT INTO `products` (`id`, `name`, `description`, `price`, `catalog_id`, `created_at`, `updated_at`) VALUES (140, 'iste', 'Tenetur eos est molestiae nobis non est. Pariatur ex ipsam animi ipsam dolor sint beatae. Libero numquam ea quia fuga. Et ducimus eum enim deleniti et quis. Qui earum consequuntur commodi aut quisquam harum.', '3.18', 40, '1982-07-31 04:13:18', '2004-07-02 06:07:51');
INSERT INTO `products` (`id`, `name`, `description`, `price`, `catalog_id`, `created_at`, `updated_at`) VALUES (141, 'tenetur', 'Nostrum totam dolor totam consequatur non impedit. Ipsa velit voluptates sapiente aut. Officia sit sint nesciunt in fugiat. Rerum exercitationem labore aut impedit fugiat excepturi culpa qui.', '935155.44', 41, '1974-06-01 14:23:47', '2003-05-24 14:06:03');
INSERT INTO `products` (`id`, `name`, `description`, `price`, `catalog_id`, `created_at`, `updated_at`) VALUES (142, 'eum', 'Neque nihil aut porro earum nostrum dolorum impedit. Quis dolor ipsam repellendus rerum modi et quia dolor.', '51249781.12', 42, '1988-08-08 12:43:16', '1971-06-18 03:26:38');
INSERT INTO `products` (`id`, `name`, `description`, `price`, `catalog_id`, `created_at`, `updated_at`) VALUES (143, 'quas', 'Aspernatur ad neque aperiam qui unde quia et. Et soluta dolor est delectus. Suscipit cupiditate omnis cum quis. Quaerat fuga aliquam natus fugit quod distinctio ab.', '46364857.30', 43, '1971-03-07 04:19:47', '1996-06-19 18:35:49');
INSERT INTO `products` (`id`, `name`, `description`, `price`, `catalog_id`, `created_at`, `updated_at`) VALUES (144, 'doloremque', 'Et aliquid illum molestiae iste nihil corporis officiis consectetur. Beatae sed pariatur error eum.', '5.78', 44, '2007-11-26 11:39:13', '1992-03-02 09:10:55');
INSERT INTO `products` (`id`, `name`, `description`, `price`, `catalog_id`, `created_at`, `updated_at`) VALUES (145, 'rerum', 'Corrupti similique et cum optio quo. Sapiente corporis et omnis nulla vel animi minima. Dolore non aliquam rerum distinctio nemo aliquid. Qui eos recusandae commodi suscipit facere perspiciatis.', '1073.00', 45, '1994-07-27 12:16:14', '1986-10-24 21:36:04');
INSERT INTO `products` (`id`, `name`, `description`, `price`, `catalog_id`, `created_at`, `updated_at`) VALUES (146, 'dolore', 'Aut deserunt ut omnis molestiae. Libero id pariatur quasi. Qui laborum veniam officiis rerum quam atque est. Eos maiores et omnis eaque deleniti.', '33.68', 46, '1998-11-15 20:05:45', '2005-03-29 07:17:31');
INSERT INTO `products` (`id`, `name`, `description`, `price`, `catalog_id`, `created_at`, `updated_at`) VALUES (147, 'possimus', 'Possimus iste porro beatae eos. Sunt qui aut libero tenetur. Eum occaecati facere accusantium sit doloremque. Et itaque quidem voluptatibus. Atque eveniet est molestias vero qui qui eos.', '3767.78', 47, '2006-11-03 14:24:28', '1981-07-25 07:10:38');
INSERT INTO `products` (`id`, `name`, `description`, `price`, `catalog_id`, `created_at`, `updated_at`) VALUES (148, 'ut', 'Qui voluptatem qui facere quae rerum ut et aut. Aut explicabo minus consequatur animi consequatur quis perferendis.', '2.90', 48, '2011-12-11 01:46:50', '2005-06-17 08:07:57');
INSERT INTO `products` (`id`, `name`, `description`, `price`, `catalog_id`, `created_at`, `updated_at`) VALUES (149, 'sed', 'Beatae eius consequatur aut. Ab culpa commodi unde suscipit aut. Modi dolore sit in in.', '28593750.00', 49, '2002-09-02 04:27:33', '1981-06-25 02:32:16');
INSERT INTO `products` (`id`, `name`, `description`, `price`, `catalog_id`, `created_at`, `updated_at`) VALUES (150, 'voluptatem', 'Dolor enim saepe adipisci voluptate. Recusandae blanditiis cumque asperiores quos vel. Perspiciatis qui vel et et libero ratione ratione minus.', '15.25', 50, '1987-12-01 07:30:11', '1992-06-07 08:58:24');
INSERT INTO `products` (`id`, `name`, `description`, `price`, `catalog_id`, `created_at`, `updated_at`) VALUES (151, 'consequuntur', 'Molestias laudantium sit eaque et. Et ut voluptates necessitatibus. Temporibus et ipsum repudiandae excepturi dicta. Quia voluptatem reprehenderit aperiam deleniti et.', '0.00', 1, '2014-07-29 23:45:26', '2002-05-15 20:25:40');
INSERT INTO `products` (`id`, `name`, `description`, `price`, `catalog_id`, `created_at`, `updated_at`) VALUES (152, 'sunt', 'Ut quia officiis dicta et repudiandae. Itaque dolores aut in omnis in. Dolore unde velit voluptas qui dolores quos. Et dolor rerum rerum dignissimos vel.', '202297027.78', 2, '2004-01-20 17:09:05', '2009-01-01 10:24:43');
INSERT INTO `products` (`id`, `name`, `description`, `price`, `catalog_id`, `created_at`, `updated_at`) VALUES (153, 'sed', 'Perferendis qui illo voluptatem numquam eligendi. Ut molestiae similique laborum pariatur sequi. Non nisi impedit consequatur rerum cum nihil error. Rem et minima voluptatum non qui placeat. Veritatis non occaecati iste fugit non vel rerum.', '38.90', 3, '2016-02-04 20:42:17', '2018-04-25 19:50:18');
INSERT INTO `products` (`id`, `name`, `description`, `price`, `catalog_id`, `created_at`, `updated_at`) VALUES (154, 'rerum', 'Beatae ab aperiam quia ad consequuntur. Reiciendis illum odit ullam sunt odit nemo. Quis maiores quis odio minima velit voluptas. Praesentium ratione odio et et autem vel. Est et et voluptates voluptas repellendus.', '5600.50', 4, '2006-05-11 03:58:32', '1974-04-23 23:10:42');
INSERT INTO `products` (`id`, `name`, `description`, `price`, `catalog_id`, `created_at`, `updated_at`) VALUES (155, 'ipsum', 'Inventore saepe vel consequatur eum quia accusantium provident. Harum sit natus eaque nobis ut molestiae. Illum velit quod quibusdam aut et tenetur sit. Error nesciunt impedit hic repudiandae dolor.', '1.90', 5, '2014-08-03 11:53:52', '2004-05-14 10:35:34');
INSERT INTO `products` (`id`, `name`, `description`, `price`, `catalog_id`, `created_at`, `updated_at`) VALUES (156, 'cum', 'Minima nisi magni ut aliquam vel dolor. Assumenda atque nesciunt in. Doloribus eum at est numquam. Vero doloribus facilis quisquam dolores nesciunt reprehenderit unde tempora. Et excepturi deserunt est.', '5133.70', 6, '1971-10-16 16:40:03', '1985-07-17 18:54:08');
INSERT INTO `products` (`id`, `name`, `description`, `price`, `catalog_id`, `created_at`, `updated_at`) VALUES (157, 'dolorem', 'Suscipit ipsum voluptate sapiente excepturi. Id ipsam deserunt optio eius reiciendis non ut. Quis sapiente voluptas excepturi sit. Accusamus ducimus aut et iste nihil.', '1601095.63', 7, '2002-05-25 22:13:39', '1981-09-26 04:28:10');
INSERT INTO `products` (`id`, `name`, `description`, `price`, `catalog_id`, `created_at`, `updated_at`) VALUES (158, 'saepe', 'Error voluptas perspiciatis cum nulla et quas cum. Rerum sint culpa tempore sit corrupti neque. Consequatur dolores omnis autem. Sit sit impedit necessitatibus.', '395634939.20', 8, '2015-05-19 05:17:44', '1974-02-20 05:57:22');
INSERT INTO `products` (`id`, `name`, `description`, `price`, `catalog_id`, `created_at`, `updated_at`) VALUES (159, 'nihil', 'Quis quos rem id voluptate. Fugit eum aut eos voluptatem atque aut totam. Accusamus quis quaerat dolore voluptatem amet corporis.', '46.64', 9, '2019-01-07 06:40:05', '2015-05-16 00:47:39');
INSERT INTO `products` (`id`, `name`, `description`, `price`, `catalog_id`, `created_at`, `updated_at`) VALUES (160, 'dolores', 'Rerum neque rerum libero corrupti qui et. Eligendi est voluptatem dolores fugiat nobis illum magnam. Nemo vero voluptatem commodi facilis ad. Laboriosam dolor optio minus vitae harum.', '2275.15', 10, '2000-06-06 04:59:49', '1997-11-14 13:10:46');
INSERT INTO `products` (`id`, `name`, `description`, `price`, `catalog_id`, `created_at`, `updated_at`) VALUES (161, 'provident', 'Id iste sed qui totam. Qui vitae praesentium aliquam quis magni accusamus. Amet aliquid illo nam aut.', '2410618.49', 11, '2013-01-01 11:47:28', '1991-02-01 19:12:26');
INSERT INTO `products` (`id`, `name`, `description`, `price`, `catalog_id`, `created_at`, `updated_at`) VALUES (162, 'ullam', 'Id quo eum voluptatibus et eveniet nihil. Ut minus omnis inventore eum. Nostrum nihil quis ipsa aliquam. Distinctio sed aut neque dolor.', '233609538.49', 12, '2012-08-08 08:00:24', '1993-04-10 17:51:02');
INSERT INTO `products` (`id`, `name`, `description`, `price`, `catalog_id`, `created_at`, `updated_at`) VALUES (163, 'consectetur', 'At voluptatem quos ducimus recusandae dolor aut. Quam ea voluptatem inventore rerum voluptatem sed. Qui velit maxime ut illo.', '61571674.63', 13, '2018-03-28 12:00:12', '2007-01-23 18:54:12');
INSERT INTO `products` (`id`, `name`, `description`, `price`, `catalog_id`, `created_at`, `updated_at`) VALUES (164, 'quo', 'Et alias animi assumenda veniam quas accusamus. Non est repellat tempora voluptatibus aut assumenda earum. Et soluta sit et animi unde accusantium repudiandae. Totam assumenda unde aut inventore.', '2.92', 14, '2004-10-16 05:18:08', '1977-09-01 06:45:48');
INSERT INTO `products` (`id`, `name`, `description`, `price`, `catalog_id`, `created_at`, `updated_at`) VALUES (165, 'mollitia', 'Error illo incidunt laudantium eveniet aut nostrum rem. Eaque consequatur voluptatem doloremque temporibus dolores occaecati nisi consequatur. Minima consequatur autem eaque. Velit molestias temporibus nemo voluptatem aut corporis sit.', '24064175.33', 15, '1985-05-23 16:58:38', '1992-07-25 06:59:31');
INSERT INTO `products` (`id`, `name`, `description`, `price`, `catalog_id`, `created_at`, `updated_at`) VALUES (166, 'sit', 'Et ut autem odio sit qui. Incidunt aliquid eveniet veritatis. Repudiandae at qui dolore commodi. Impedit ullam et amet voluptatem quia quod explicabo.', '23982.50', 16, '1994-06-08 05:26:12', '2004-05-14 00:04:34');
INSERT INTO `products` (`id`, `name`, `description`, `price`, `catalog_id`, `created_at`, `updated_at`) VALUES (167, 'perspiciatis', 'Laudantium provident omnis tempore incidunt aperiam. Sint quasi ea sequi eaque.', '32461.38', 17, '1985-12-25 19:29:53', '1998-11-25 23:24:02');
INSERT INTO `products` (`id`, `name`, `description`, `price`, `catalog_id`, `created_at`, `updated_at`) VALUES (168, 'fuga', 'Optio repellat nihil officia. Aut corrupti atque possimus nihil facere impedit. Voluptatem molestiae nesciunt quisquam. Voluptas harum ex aspernatur sapiente quis.', '744.86', 18, '1988-04-29 13:42:28', '1983-04-15 22:14:49');
INSERT INTO `products` (`id`, `name`, `description`, `price`, `catalog_id`, `created_at`, `updated_at`) VALUES (169, 'ut', 'Corporis corporis expedita et cupiditate id quasi. Voluptatem voluptatum fugit incidunt in dolorem non. Ea et architecto ut perferendis cum doloremque est. Cumque aspernatur laborum et consequatur totam quasi quam.', '2.98', 19, '2000-11-24 18:05:19', '2016-05-11 04:54:26');
INSERT INTO `products` (`id`, `name`, `description`, `price`, `catalog_id`, `created_at`, `updated_at`) VALUES (170, 'nostrum', 'Voluptas officia nesciunt corporis. Nostrum eveniet quae qui error asperiores tenetur. Et ipsa ullam nemo delectus magni.', '1.69', 20, '1970-03-10 23:57:25', '2006-08-27 20:12:09');
INSERT INTO `products` (`id`, `name`, `description`, `price`, `catalog_id`, `created_at`, `updated_at`) VALUES (171, 'optio', 'Voluptatum quis aut non rerum reiciendis quia quod. Consequatur dolorem dicta cum laboriosam non aut. Quasi nesciunt sed ut eos aut.', '73520197.94', 21, '1992-12-23 06:59:00', '1973-01-30 18:57:18');
INSERT INTO `products` (`id`, `name`, `description`, `price`, `catalog_id`, `created_at`, `updated_at`) VALUES (172, 'amet', 'Rem voluptate voluptatem maxime sequi eaque. Quam dolor qui repellendus aperiam. Voluptatem quia voluptate consequatur voluptate.', '24950524.07', 22, '1977-10-22 07:33:22', '1981-10-30 20:05:40');
INSERT INTO `products` (`id`, `name`, `description`, `price`, `catalog_id`, `created_at`, `updated_at`) VALUES (173, 'molestiae', 'Eos nemo quasi unde odit nihil sed. Quod incidunt quo sed quam animi cupiditate ea. Iusto autem et recusandae exercitationem laborum inventore.', '158.00', 23, '1988-02-24 06:33:15', '1979-10-11 09:51:25');
INSERT INTO `products` (`id`, `name`, `description`, `price`, `catalog_id`, `created_at`, `updated_at`) VALUES (174, 'magnam', 'Ab inventore exercitationem laboriosam est sed. Nihil vel ratione expedita itaque aspernatur. Fuga quo earum quos. Dolores assumenda enim voluptates ipsam illum est iusto.', '3506055.11', 24, '1991-02-19 14:44:58', '1981-01-17 14:28:58');
INSERT INTO `products` (`id`, `name`, `description`, `price`, `catalog_id`, `created_at`, `updated_at`) VALUES (175, 'totam', 'Et eos nihil voluptas. Voluptas aut commodi est recusandae. Blanditiis voluptas non laborum eum consequuntur officiis sunt molestiae. Qui facilis tenetur architecto molestias nulla.', '14.50', 25, '2007-03-29 15:12:05', '1993-12-09 05:36:33');
INSERT INTO `products` (`id`, `name`, `description`, `price`, `catalog_id`, `created_at`, `updated_at`) VALUES (176, 'molestiae', 'Minima illum vel placeat dignissimos ducimus iure. Quis repellendus molestiae non numquam illum. Accusamus nam beatae dolore minima. Consequatur ipsam accusamus accusantium est corrupti aut voluptate. Repellat magnam voluptatum qui vel quia ea libero similique.', '72736.13', 26, '2016-08-09 11:40:15', '2006-02-12 07:58:54');
INSERT INTO `products` (`id`, `name`, `description`, `price`, `catalog_id`, `created_at`, `updated_at`) VALUES (177, 'esse', 'Quis labore est qui pariatur nam similique qui aut. Corrupti quod id est aliquam molestiae sit saepe.', '8052.47', 27, '2005-05-21 19:29:23', '2000-09-02 08:24:47');
INSERT INTO `products` (`id`, `name`, `description`, `price`, `catalog_id`, `created_at`, `updated_at`) VALUES (178, 'et', 'Possimus saepe nostrum ea quia. Nostrum neque numquam voluptatibus. Tenetur ipsam aut quaerat odio dignissimos.', '64.00', 28, '1995-11-27 23:35:59', '1974-10-04 14:27:03');
INSERT INTO `products` (`id`, `name`, `description`, `price`, `catalog_id`, `created_at`, `updated_at`) VALUES (179, 'quam', 'Perspiciatis et explicabo fugiat numquam non aut. Vel omnis non aut ut. Dolorem nobis quia eaque laudantium enim molestias laborum.', '45.25', 29, '2016-07-27 06:10:34', '2010-07-10 06:52:56');
INSERT INTO `products` (`id`, `name`, `description`, `price`, `catalog_id`, `created_at`, `updated_at`) VALUES (180, 'et', 'Aperiam consectetur ut facilis at. Minus laborum unde sunt possimus. Alias dolore molestias adipisci aliquam.', '845.85', 30, '2002-07-28 04:20:33', '1973-07-28 23:11:58');
INSERT INTO `products` (`id`, `name`, `description`, `price`, `catalog_id`, `created_at`, `updated_at`) VALUES (181, 'et', 'Laudantium perspiciatis natus quas error. Et beatae non ipsa ab. Consectetur sed et ea aspernatur sit sunt quia.', '807299.03', 31, '1985-12-20 01:45:30', '1993-08-18 13:21:12');
INSERT INTO `products` (`id`, `name`, `description`, `price`, `catalog_id`, `created_at`, `updated_at`) VALUES (182, 'aut', 'Ratione maiores reprehenderit libero occaecati ut. Id laboriosam consequuntur unde voluptatem ut quas. Ratione qui porro eos qui corporis deserunt ipsum.', '585566.76', 32, '2000-06-02 18:50:02', '2003-09-22 06:33:26');
INSERT INTO `products` (`id`, `name`, `description`, `price`, `catalog_id`, `created_at`, `updated_at`) VALUES (183, 'nobis', 'Rerum explicabo ipsam nisi ad eligendi. A quasi repellat illum fugiat iure tenetur necessitatibus. In ea qui ex quam adipisci modi dolorum. Dolore dolore nobis iure voluptatem autem explicabo molestiae.', '256.66', 33, '1984-05-06 01:59:36', '1978-02-16 19:51:00');
INSERT INTO `products` (`id`, `name`, `description`, `price`, `catalog_id`, `created_at`, `updated_at`) VALUES (184, 'sunt', 'Saepe consectetur delectus assumenda totam reprehenderit qui vero. Quia ut exercitationem sapiente et saepe perspiciatis distinctio. Quae tenetur repudiandae sint similique. Molestiae sed maiores saepe eum animi.', '15219.27', 34, '1983-12-07 23:54:28', '1990-05-31 12:53:41');
INSERT INTO `products` (`id`, `name`, `description`, `price`, `catalog_id`, `created_at`, `updated_at`) VALUES (185, 'ducimus', 'Inventore quaerat pariatur dignissimos accusamus. Corporis esse cupiditate incidunt nam qui exercitationem dolor. Quidem autem quibusdam dolor impedit et magnam nihil delectus.', '3032.90', 35, '1975-02-02 00:52:11', '2005-01-10 07:52:41');
INSERT INTO `products` (`id`, `name`, `description`, `price`, `catalog_id`, `created_at`, `updated_at`) VALUES (186, 'repudiandae', 'Accusamus rerum est dolor sit. Ut aut cupiditate asperiores maxime. Quis in et dolores velit. Ut soluta debitis voluptates odit corrupti.', '17870.48', 36, '1983-09-03 04:36:25', '1981-08-27 02:47:22');
INSERT INTO `products` (`id`, `name`, `description`, `price`, `catalog_id`, `created_at`, `updated_at`) VALUES (187, 'excepturi', 'Illo qui non minima modi est magni inventore. Corporis aut hic consequuntur quia qui hic dolorem. Autem fugiat qui blanditiis commodi aperiam eum. Aut enim culpa sunt occaecati.', '963.68', 37, '1992-05-04 19:45:24', '1975-07-18 02:32:59');
INSERT INTO `products` (`id`, `name`, `description`, `price`, `catalog_id`, `created_at`, `updated_at`) VALUES (188, 'pariatur', 'Non quia velit quis commodi quas cupiditate in. Ducimus non illum sunt modi ut. In qui sapiente culpa deleniti velit occaecati facilis deleniti. Necessitatibus voluptatem est consequatur voluptatibus eum rerum.', '6.88', 38, '1984-11-12 00:23:06', '2002-10-02 00:12:01');
INSERT INTO `products` (`id`, `name`, `description`, `price`, `catalog_id`, `created_at`, `updated_at`) VALUES (189, 'nisi', 'Est ducimus officiis eligendi dicta temporibus voluptatem. Esse eius voluptatem ut praesentium illum. Voluptatum in debitis dolor perferendis maxime harum natus. Officiis itaque qui magnam cumque laboriosam.', '9013.64', 39, '1972-02-16 09:07:06', '2008-09-01 00:33:35');
INSERT INTO `products` (`id`, `name`, `description`, `price`, `catalog_id`, `created_at`, `updated_at`) VALUES (190, 'praesentium', 'Architecto odit eius maxime neque. Officiis est architecto accusantium autem perferendis natus qui. Perferendis incidunt repudiandae ratione ut pariatur porro deserunt. Repellendus fugit eligendi soluta nemo et.', '379.00', 40, '1981-01-31 09:13:43', '1998-05-17 04:40:44');
INSERT INTO `products` (`id`, `name`, `description`, `price`, `catalog_id`, `created_at`, `updated_at`) VALUES (191, 'occaecati', 'Quia ab accusamus sed sit aliquam nam est. Cupiditate aut libero adipisci. Corrupti dolorem quibusdam molestiae eos dolorem. Ipsa totam ad distinctio qui unde similique ut.', '4025823.60', 41, '1997-11-29 01:15:39', '2019-10-01 19:14:25');
INSERT INTO `products` (`id`, `name`, `description`, `price`, `catalog_id`, `created_at`, `updated_at`) VALUES (192, 'inventore', 'Voluptatem itaque molestias magnam nam. Sed amet aliquam qui possimus quis libero. Architecto consequatur sed voluptate ipsam dignissimos. Qui sint error rerum.', '46349590.20', 42, '1997-08-07 06:26:55', '1971-11-16 15:39:10');
INSERT INTO `products` (`id`, `name`, `description`, `price`, `catalog_id`, `created_at`, `updated_at`) VALUES (193, 'omnis', 'Quaerat dolore saepe quidem harum minus et. Laboriosam atque similique voluptatibus dolores ut. Nemo accusamus cumque distinctio.', '580355.27', 43, '1981-08-01 16:32:00', '2017-12-05 16:47:03');
INSERT INTO `products` (`id`, `name`, `description`, `price`, `catalog_id`, `created_at`, `updated_at`) VALUES (194, 'illum', 'Voluptate ut voluptatibus porro ab sed. Explicabo consequatur rem nihil. Maiores modi voluptatum voluptatum quo et. Et est quia molestiae hic adipisci.', '1288.94', 44, '1974-08-31 23:46:52', '2009-12-18 05:42:17');
INSERT INTO `products` (`id`, `name`, `description`, `price`, `catalog_id`, `created_at`, `updated_at`) VALUES (195, 'et', 'Voluptatem voluptas et sit autem. Dicta voluptatum aut aut laborum omnis molestiae dolorem. Voluptas voluptate nam beatae nostrum et excepturi. Qui nisi qui tenetur hic. Expedita est nesciunt provident voluptatem molestias pariatur.', '9.50', 45, '1974-04-16 15:45:31', '1979-10-14 20:16:46');
INSERT INTO `products` (`id`, `name`, `description`, `price`, `catalog_id`, `created_at`, `updated_at`) VALUES (196, 'sint', 'Quod nam enim error quasi. Quos illum ut ut inventore magnam. Deserunt laudantium tempore consequatur voluptas. Rerum id ad deleniti quae et temporibus.', '615.48', 46, '2018-07-31 12:53:16', '1983-10-04 22:27:31');
INSERT INTO `products` (`id`, `name`, `description`, `price`, `catalog_id`, `created_at`, `updated_at`) VALUES (197, 'quia', 'Ipsam voluptas minus omnis animi quia. Autem omnis et cum inventore. Ratione enim eos error nulla.', '4.32', 47, '2000-03-13 18:07:39', '1981-03-10 23:15:29');
INSERT INTO `products` (`id`, `name`, `description`, `price`, `catalog_id`, `created_at`, `updated_at`) VALUES (198, 'illum', 'Repellendus praesentium consequuntur quia nihil occaecati. Natus perferendis veritatis perspiciatis culpa facere et debitis.', '7.00', 48, '1982-09-23 06:52:05', '2013-07-23 16:47:16');
INSERT INTO `products` (`id`, `name`, `description`, `price`, `catalog_id`, `created_at`, `updated_at`) VALUES (199, 'nihil', 'Rerum asperiores nemo eos corrupti non vel corporis. Maiores ullam consectetur explicabo optio sint consectetur iusto. Deserunt qui dolorem consequatur autem modi autem.', '48.09', 49, '2016-12-16 15:09:50', '2002-12-31 15:16:52');
INSERT INTO `products` (`id`, `name`, `description`, `price`, `catalog_id`, `created_at`, `updated_at`) VALUES (200, 'rerum', 'Tenetur ut error et mollitia. Impedit et sunt rerum rerum ea error. Neque eum dignissimos natus.', '307639.60', 50, '2002-01-02 18:22:50', '1978-05-18 14:06:32');


#
# TABLE STRUCTURE FOR: profiles
#

DROP TABLE IF EXISTS `profiles`;

CREATE TABLE `profiles` (
  `user_id` int(10) unsigned NOT NULL,
  `sex` char(1) COLLATE utf8_unicode_ci NOT NULL,
  `birthday` date DEFAULT NULL,
  `hometown` varchar(100) COLLATE utf8_unicode_ci DEFAULT NULL,
  `photo_id` int(10) unsigned NOT NULL,
  PRIMARY KEY (`user_id`),
  CONSTRAINT `profiles_ibfk_1` FOREIGN KEY (`user_id`) REFERENCES `users` (`id`) ON UPDATE CASCADE
) ENGINE=InnoDB DEFAULT CHARSET=utf8 COLLATE=utf8_unicode_ci;

INSERT INTO `profiles` (`user_id`, `sex`, `birthday`, `hometown`, `photo_id`) VALUES (1, 'f', '2001-07-27', 'Lake', 46);
INSERT INTO `profiles` (`user_id`, `sex`, `birthday`, `hometown`, `photo_id`) VALUES (2, 'm', '2014-02-16', 'South', 51);
INSERT INTO `profiles` (`user_id`, `sex`, `birthday`, `hometown`, `photo_id`) VALUES (3, 'f', '2012-02-27', 'Port', 55);
INSERT INTO `profiles` (`user_id`, `sex`, `birthday`, `hometown`, `photo_id`) VALUES (4, 'm', '1990-07-18', 'New', 15);
INSERT INTO `profiles` (`user_id`, `sex`, `birthday`, `hometown`, `photo_id`) VALUES (5, 'f', '1995-11-09', 'North', 43);
INSERT INTO `profiles` (`user_id`, `sex`, `birthday`, `hometown`, `photo_id`) VALUES (6, 'm', '1980-09-19', 'New', 86);
INSERT INTO `profiles` (`user_id`, `sex`, `birthday`, `hometown`, `photo_id`) VALUES (7, 'f', '1981-01-08', 'New', 18);
INSERT INTO `profiles` (`user_id`, `sex`, `birthday`, `hometown`, `photo_id`) VALUES (8, 'f', '1985-11-10', 'Lake', 57);
INSERT INTO `profiles` (`user_id`, `sex`, `birthday`, `hometown`, `photo_id`) VALUES (9, 'm', '2013-07-01', 'North', 14);
INSERT INTO `profiles` (`user_id`, `sex`, `birthday`, `hometown`, `photo_id`) VALUES (10, 'm', '1982-10-08', 'South', 48);
INSERT INTO `profiles` (`user_id`, `sex`, `birthday`, `hometown`, `photo_id`) VALUES (11, 'f', '1977-05-04', 'North', 22);
INSERT INTO `profiles` (`user_id`, `sex`, `birthday`, `hometown`, `photo_id`) VALUES (12, 'm', '2009-02-11', 'West', 80);
INSERT INTO `profiles` (`user_id`, `sex`, `birthday`, `hometown`, `photo_id`) VALUES (13, 'f', '1997-12-25', 'West', 38);
INSERT INTO `profiles` (`user_id`, `sex`, `birthday`, `hometown`, `photo_id`) VALUES (14, 'f', '2005-04-25', 'New', 33);
INSERT INTO `profiles` (`user_id`, `sex`, `birthday`, `hometown`, `photo_id`) VALUES (15, 'f', '2000-04-21', 'Lake', 96);
INSERT INTO `profiles` (`user_id`, `sex`, `birthday`, `hometown`, `photo_id`) VALUES (16, 'm', '1978-12-10', 'East', 26);
INSERT INTO `profiles` (`user_id`, `sex`, `birthday`, `hometown`, `photo_id`) VALUES (17, 'f', '2017-12-18', 'East', 66);
INSERT INTO `profiles` (`user_id`, `sex`, `birthday`, `hometown`, `photo_id`) VALUES (18, 'm', '2016-10-27', 'North', 29);
INSERT INTO `profiles` (`user_id`, `sex`, `birthday`, `hometown`, `photo_id`) VALUES (19, 'm', '2008-04-20', 'East', 50);
INSERT INTO `profiles` (`user_id`, `sex`, `birthday`, `hometown`, `photo_id`) VALUES (20, 'm', '1978-07-20', 'Port', 67);
INSERT INTO `profiles` (`user_id`, `sex`, `birthday`, `hometown`, `photo_id`) VALUES (21, 'm', '2018-07-18', 'New', 69);
INSERT INTO `profiles` (`user_id`, `sex`, `birthday`, `hometown`, `photo_id`) VALUES (22, 'm', '2017-10-14', 'East', 41);
INSERT INTO `profiles` (`user_id`, `sex`, `birthday`, `hometown`, `photo_id`) VALUES (23, 'f', '2004-03-15', 'New', 9);
INSERT INTO `profiles` (`user_id`, `sex`, `birthday`, `hometown`, `photo_id`) VALUES (24, 'f', '1975-03-20', 'West', 93);
INSERT INTO `profiles` (`user_id`, `sex`, `birthday`, `hometown`, `photo_id`) VALUES (25, 'm', '2006-09-02', 'East', 74);
INSERT INTO `profiles` (`user_id`, `sex`, `birthday`, `hometown`, `photo_id`) VALUES (26, 'm', '2000-08-20', 'West', 70);
INSERT INTO `profiles` (`user_id`, `sex`, `birthday`, `hometown`, `photo_id`) VALUES (27, 'f', '2005-08-10', 'West', 89);
INSERT INTO `profiles` (`user_id`, `sex`, `birthday`, `hometown`, `photo_id`) VALUES (28, 'm', '2007-05-04', 'Lake', 11);
INSERT INTO `profiles` (`user_id`, `sex`, `birthday`, `hometown`, `photo_id`) VALUES (29, 'm', '1997-05-16', 'East', 98);
INSERT INTO `profiles` (`user_id`, `sex`, `birthday`, `hometown`, `photo_id`) VALUES (30, 'm', '1970-01-26', 'New', 47);
INSERT INTO `profiles` (`user_id`, `sex`, `birthday`, `hometown`, `photo_id`) VALUES (31, 'f', '2006-10-03', 'North', 71);
INSERT INTO `profiles` (`user_id`, `sex`, `birthday`, `hometown`, `photo_id`) VALUES (32, 'm', '2004-06-22', 'Lake', 7);
INSERT INTO `profiles` (`user_id`, `sex`, `birthday`, `hometown`, `photo_id`) VALUES (33, 'f', '1971-04-04', 'South', 44);
INSERT INTO `profiles` (`user_id`, `sex`, `birthday`, `hometown`, `photo_id`) VALUES (34, 'm', '1994-07-06', 'Port', 37);
INSERT INTO `profiles` (`user_id`, `sex`, `birthday`, `hometown`, `photo_id`) VALUES (35, 'f', '2002-12-20', 'South', 78);
INSERT INTO `profiles` (`user_id`, `sex`, `birthday`, `hometown`, `photo_id`) VALUES (36, 'm', '2019-11-08', 'South', 21);
INSERT INTO `profiles` (`user_id`, `sex`, `birthday`, `hometown`, `photo_id`) VALUES (37, 'f', '1997-02-26', 'West', 17);
INSERT INTO `profiles` (`user_id`, `sex`, `birthday`, `hometown`, `photo_id`) VALUES (38, 'f', '1979-04-20', 'West', 65);
INSERT INTO `profiles` (`user_id`, `sex`, `birthday`, `hometown`, `photo_id`) VALUES (39, 'm', '2012-06-18', 'Lake', 6);
INSERT INTO `profiles` (`user_id`, `sex`, `birthday`, `hometown`, `photo_id`) VALUES (40, 'm', '2019-03-12', 'Lake', 52);
INSERT INTO `profiles` (`user_id`, `sex`, `birthday`, `hometown`, `photo_id`) VALUES (41, 'f', '2017-08-17', 'South', 3);
INSERT INTO `profiles` (`user_id`, `sex`, `birthday`, `hometown`, `photo_id`) VALUES (42, 'm', '2009-06-17', 'West', 32);
INSERT INTO `profiles` (`user_id`, `sex`, `birthday`, `hometown`, `photo_id`) VALUES (43, 'f', '1975-12-20', 'New', 12);
INSERT INTO `profiles` (`user_id`, `sex`, `birthday`, `hometown`, `photo_id`) VALUES (44, 'f', '2018-11-04', 'Lake', 88);
INSERT INTO `profiles` (`user_id`, `sex`, `birthday`, `hometown`, `photo_id`) VALUES (45, 'm', '2017-09-04', 'West', 73);
INSERT INTO `profiles` (`user_id`, `sex`, `birthday`, `hometown`, `photo_id`) VALUES (46, 'f', '1984-12-02', 'Lake', 61);
INSERT INTO `profiles` (`user_id`, `sex`, `birthday`, `hometown`, `photo_id`) VALUES (47, 'f', '1996-09-17', 'New', 53);
INSERT INTO `profiles` (`user_id`, `sex`, `birthday`, `hometown`, `photo_id`) VALUES (48, 'm', '2011-03-29', 'East', 23);
INSERT INTO `profiles` (`user_id`, `sex`, `birthday`, `hometown`, `photo_id`) VALUES (49, 'f', '2014-05-02', 'North', 34);
INSERT INTO `profiles` (`user_id`, `sex`, `birthday`, `hometown`, `photo_id`) VALUES (50, 'f', '1991-12-04', 'Port', 81);
INSERT INTO `profiles` (`user_id`, `sex`, `birthday`, `hometown`, `photo_id`) VALUES (51, 'f', '2015-09-27', 'Lake', 97);
INSERT INTO `profiles` (`user_id`, `sex`, `birthday`, `hometown`, `photo_id`) VALUES (52, 'm', '1979-03-07', 'West', 64);
INSERT INTO `profiles` (`user_id`, `sex`, `birthday`, `hometown`, `photo_id`) VALUES (53, 'f', '1993-03-05', 'New', 28);
INSERT INTO `profiles` (`user_id`, `sex`, `birthday`, `hometown`, `photo_id`) VALUES (54, 'f', '2017-06-01', 'East', 25);
INSERT INTO `profiles` (`user_id`, `sex`, `birthday`, `hometown`, `photo_id`) VALUES (55, 'f', '1985-11-06', 'Port', 76);
INSERT INTO `profiles` (`user_id`, `sex`, `birthday`, `hometown`, `photo_id`) VALUES (56, 'f', '2013-07-04', 'West', 72);
INSERT INTO `profiles` (`user_id`, `sex`, `birthday`, `hometown`, `photo_id`) VALUES (57, 'f', '1971-06-07', 'North', 90);
INSERT INTO `profiles` (`user_id`, `sex`, `birthday`, `hometown`, `photo_id`) VALUES (58, 'm', '1995-08-09', 'New', 68);
INSERT INTO `profiles` (`user_id`, `sex`, `birthday`, `hometown`, `photo_id`) VALUES (59, 'f', '2002-09-03', 'New', 1);
INSERT INTO `profiles` (`user_id`, `sex`, `birthday`, `hometown`, `photo_id`) VALUES (60, 'm', '1991-01-17', 'North', 54);
INSERT INTO `profiles` (`user_id`, `sex`, `birthday`, `hometown`, `photo_id`) VALUES (61, 'f', '1970-06-12', 'New', 4);
INSERT INTO `profiles` (`user_id`, `sex`, `birthday`, `hometown`, `photo_id`) VALUES (62, 'm', '2008-11-10', 'South', 16);
INSERT INTO `profiles` (`user_id`, `sex`, `birthday`, `hometown`, `photo_id`) VALUES (63, 'f', '2000-03-31', 'East', 13);
INSERT INTO `profiles` (`user_id`, `sex`, `birthday`, `hometown`, `photo_id`) VALUES (64, 'm', '1974-03-17', 'East', 24);
INSERT INTO `profiles` (`user_id`, `sex`, `birthday`, `hometown`, `photo_id`) VALUES (65, 'f', '2013-01-08', 'South', 58);
INSERT INTO `profiles` (`user_id`, `sex`, `birthday`, `hometown`, `photo_id`) VALUES (66, 'f', '1973-05-17', 'South', 8);
INSERT INTO `profiles` (`user_id`, `sex`, `birthday`, `hometown`, `photo_id`) VALUES (67, 'f', '2004-02-11', 'South', 84);
INSERT INTO `profiles` (`user_id`, `sex`, `birthday`, `hometown`, `photo_id`) VALUES (68, 'f', '1970-09-06', 'Port', 82);
INSERT INTO `profiles` (`user_id`, `sex`, `birthday`, `hometown`, `photo_id`) VALUES (69, 'f', '1988-10-24', 'North', 100);
INSERT INTO `profiles` (`user_id`, `sex`, `birthday`, `hometown`, `photo_id`) VALUES (70, 'f', '1978-09-21', 'East', 56);
INSERT INTO `profiles` (`user_id`, `sex`, `birthday`, `hometown`, `photo_id`) VALUES (71, 'm', '1983-03-15', 'East', 30);
INSERT INTO `profiles` (`user_id`, `sex`, `birthday`, `hometown`, `photo_id`) VALUES (72, 'm', '2010-09-09', 'South', 92);
INSERT INTO `profiles` (`user_id`, `sex`, `birthday`, `hometown`, `photo_id`) VALUES (73, 'm', '2015-03-06', 'West', 62);
INSERT INTO `profiles` (`user_id`, `sex`, `birthday`, `hometown`, `photo_id`) VALUES (74, 'm', '1971-08-15', 'South', 27);
INSERT INTO `profiles` (`user_id`, `sex`, `birthday`, `hometown`, `photo_id`) VALUES (75, 'm', '1981-08-25', 'Lake', 19);
INSERT INTO `profiles` (`user_id`, `sex`, `birthday`, `hometown`, `photo_id`) VALUES (76, 'f', '2002-05-21', 'West', 87);
INSERT INTO `profiles` (`user_id`, `sex`, `birthday`, `hometown`, `photo_id`) VALUES (77, 'm', '1989-12-07', 'North', 2);
INSERT INTO `profiles` (`user_id`, `sex`, `birthday`, `hometown`, `photo_id`) VALUES (78, 'f', '1984-10-14', 'North', 95);
INSERT INTO `profiles` (`user_id`, `sex`, `birthday`, `hometown`, `photo_id`) VALUES (79, 'f', '2000-08-13', 'North', 79);
INSERT INTO `profiles` (`user_id`, `sex`, `birthday`, `hometown`, `photo_id`) VALUES (80, 'm', '2014-09-28', 'Port', 94);
INSERT INTO `profiles` (`user_id`, `sex`, `birthday`, `hometown`, `photo_id`) VALUES (81, 'f', '2005-10-03', 'North', 5);
INSERT INTO `profiles` (`user_id`, `sex`, `birthday`, `hometown`, `photo_id`) VALUES (82, 'm', '1992-01-20', 'New', 39);
INSERT INTO `profiles` (`user_id`, `sex`, `birthday`, `hometown`, `photo_id`) VALUES (83, 'm', '1984-08-26', 'Lake', 10);
INSERT INTO `profiles` (`user_id`, `sex`, `birthday`, `hometown`, `photo_id`) VALUES (84, 'f', '1977-11-27', 'North', 83);
INSERT INTO `profiles` (`user_id`, `sex`, `birthday`, `hometown`, `photo_id`) VALUES (85, 'f', '1996-08-20', 'Lake', 77);
INSERT INTO `profiles` (`user_id`, `sex`, `birthday`, `hometown`, `photo_id`) VALUES (86, 'f', '1972-01-12', 'South', 45);
INSERT INTO `profiles` (`user_id`, `sex`, `birthday`, `hometown`, `photo_id`) VALUES (87, 'f', '1990-06-30', 'North', 85);
INSERT INTO `profiles` (`user_id`, `sex`, `birthday`, `hometown`, `photo_id`) VALUES (88, 'm', '1993-12-07', 'East', 40);
INSERT INTO `profiles` (`user_id`, `sex`, `birthday`, `hometown`, `photo_id`) VALUES (89, 'f', '1997-11-13', 'Lake', 63);
INSERT INTO `profiles` (`user_id`, `sex`, `birthday`, `hometown`, `photo_id`) VALUES (90, 'm', '1991-10-28', 'Lake', 20);
INSERT INTO `profiles` (`user_id`, `sex`, `birthday`, `hometown`, `photo_id`) VALUES (91, 'm', '1971-12-16', 'South', 99);
INSERT INTO `profiles` (`user_id`, `sex`, `birthday`, `hometown`, `photo_id`) VALUES (92, 'm', '2015-06-16', 'New', 91);
INSERT INTO `profiles` (`user_id`, `sex`, `birthday`, `hometown`, `photo_id`) VALUES (93, 'm', '1995-05-16', 'South', 75);
INSERT INTO `profiles` (`user_id`, `sex`, `birthday`, `hometown`, `photo_id`) VALUES (94, 'm', '1980-07-13', 'New', 31);
INSERT INTO `profiles` (`user_id`, `sex`, `birthday`, `hometown`, `photo_id`) VALUES (95, 'f', '1980-03-10', 'Lake', 35);
INSERT INTO `profiles` (`user_id`, `sex`, `birthday`, `hometown`, `photo_id`) VALUES (96, 'f', '1984-08-13', 'East', 60);
INSERT INTO `profiles` (`user_id`, `sex`, `birthday`, `hometown`, `photo_id`) VALUES (97, 'm', '1992-01-27', 'East', 42);
INSERT INTO `profiles` (`user_id`, `sex`, `birthday`, `hometown`, `photo_id`) VALUES (98, 'f', '1984-04-18', 'West', 36);
INSERT INTO `profiles` (`user_id`, `sex`, `birthday`, `hometown`, `photo_id`) VALUES (99, 'f', '1983-11-25', 'Port', 49);
INSERT INTO `profiles` (`user_id`, `sex`, `birthday`, `hometown`, `photo_id`) VALUES (100, 'f', '2002-11-23', 'New', 59);


#
# TABLE STRUCTURE FOR: project_roles
#

DROP TABLE IF EXISTS `project_roles`;

CREATE TABLE `project_roles` (
  `id` int(10) unsigned NOT NULL AUTO_INCREMENT,
  `name` varchar(255) COLLATE utf8_unicode_ci NOT NULL,
  PRIMARY KEY (`id`),
  UNIQUE KEY `name` (`name`)
) ENGINE=InnoDB AUTO_INCREMENT=7 DEFAULT CHARSET=utf8 COLLATE=utf8_unicode_ci;

INSERT INTO `project_roles` (`id`, `name`) VALUES (2, 'accusantium');
INSERT INTO `project_roles` (`id`, `name`) VALUES (3, 'atque');
INSERT INTO `project_roles` (`id`, `name`) VALUES (1, 'ex');
INSERT INTO `project_roles` (`id`, `name`) VALUES (6, 'officia');
INSERT INTO `project_roles` (`id`, `name`) VALUES (4, 'saepe');
INSERT INTO `project_roles` (`id`, `name`) VALUES (5, 'soluta');


#
# TABLE STRUCTURE FOR: projects
#

DROP TABLE IF EXISTS `projects`;

CREATE TABLE `projects` (
  `id` int(10) unsigned NOT NULL AUTO_INCREMENT,
  `name` varchar(150) COLLATE utf8_unicode_ci NOT NULL,
  PRIMARY KEY (`id`),
  UNIQUE KEY `name` (`name`),
  KEY `name_2` (`name`)
) ENGINE=InnoDB AUTO_INCREMENT=101 DEFAULT CHARSET=utf8 COLLATE=utf8_unicode_ci;

INSERT INTO `projects` (`id`, `name`) VALUES (92, 'ab');
INSERT INTO `projects` (`id`, `name`) VALUES (30, 'accusamus');
INSERT INTO `projects` (`id`, `name`) VALUES (24, 'accusantium');
INSERT INTO `projects` (`id`, `name`) VALUES (84, 'adipisci');
INSERT INTO `projects` (`id`, `name`) VALUES (60, 'alias');
INSERT INTO `projects` (`id`, `name`) VALUES (87, 'aliquam');
INSERT INTO `projects` (`id`, `name`) VALUES (82, 'aliquid');
INSERT INTO `projects` (`id`, `name`) VALUES (35, 'aperiam');
INSERT INTO `projects` (`id`, `name`) VALUES (41, 'aspernatur');
INSERT INTO `projects` (`id`, `name`) VALUES (77, 'assumenda');
INSERT INTO `projects` (`id`, `name`) VALUES (63, 'at');
INSERT INTO `projects` (`id`, `name`) VALUES (44, 'aut');
INSERT INTO `projects` (`id`, `name`) VALUES (67, 'beatae');
INSERT INTO `projects` (`id`, `name`) VALUES (99, 'blanditiis');
INSERT INTO `projects` (`id`, `name`) VALUES (5, 'consectetur');
INSERT INTO `projects` (`id`, `name`) VALUES (97, 'consequatur');
INSERT INTO `projects` (`id`, `name`) VALUES (32, 'consequuntur');
INSERT INTO `projects` (`id`, `name`) VALUES (37, 'corporis');
INSERT INTO `projects` (`id`, `name`) VALUES (81, 'corrupti');
INSERT INTO `projects` (`id`, `name`) VALUES (93, 'cum');
INSERT INTO `projects` (`id`, `name`) VALUES (33, 'cumque');
INSERT INTO `projects` (`id`, `name`) VALUES (65, 'cupiditate');
INSERT INTO `projects` (`id`, `name`) VALUES (8, 'distinctio');
INSERT INTO `projects` (`id`, `name`) VALUES (25, 'dolore');
INSERT INTO `projects` (`id`, `name`) VALUES (78, 'dolores');
INSERT INTO `projects` (`id`, `name`) VALUES (91, 'doloribus');
INSERT INTO `projects` (`id`, `name`) VALUES (22, 'error');
INSERT INTO `projects` (`id`, `name`) VALUES (50, 'esse');
INSERT INTO `projects` (`id`, `name`) VALUES (2, 'est');
INSERT INTO `projects` (`id`, `name`) VALUES (38, 'et');
INSERT INTO `projects` (`id`, `name`) VALUES (23, 'eum');
INSERT INTO `projects` (`id`, `name`) VALUES (13, 'expedita');
INSERT INTO `projects` (`id`, `name`) VALUES (40, 'fugiat');
INSERT INTO `projects` (`id`, `name`) VALUES (17, 'hic');
INSERT INTO `projects` (`id`, `name`) VALUES (56, 'id');
INSERT INTO `projects` (`id`, `name`) VALUES (36, 'illo');
INSERT INTO `projects` (`id`, `name`) VALUES (85, 'illum');
INSERT INTO `projects` (`id`, `name`) VALUES (19, 'impedit');
INSERT INTO `projects` (`id`, `name`) VALUES (76, 'incidunt');
INSERT INTO `projects` (`id`, `name`) VALUES (88, 'ipsa');
INSERT INTO `projects` (`id`, `name`) VALUES (83, 'ipsum');
INSERT INTO `projects` (`id`, `name`) VALUES (80, 'iste');
INSERT INTO `projects` (`id`, `name`) VALUES (14, 'iure');
INSERT INTO `projects` (`id`, `name`) VALUES (54, 'iusto');
INSERT INTO `projects` (`id`, `name`) VALUES (59, 'laboriosam');
INSERT INTO `projects` (`id`, `name`) VALUES (21, 'laborum');
INSERT INTO `projects` (`id`, `name`) VALUES (46, 'libero');
INSERT INTO `projects` (`id`, `name`) VALUES (100, 'magni');
INSERT INTO `projects` (`id`, `name`) VALUES (34, 'maiores');
INSERT INTO `projects` (`id`, `name`) VALUES (90, 'maxime');
INSERT INTO `projects` (`id`, `name`) VALUES (73, 'minima');
INSERT INTO `projects` (`id`, `name`) VALUES (95, 'minus');
INSERT INTO `projects` (`id`, `name`) VALUES (94, 'modi');
INSERT INTO `projects` (`id`, `name`) VALUES (10, 'nemo');
INSERT INTO `projects` (`id`, `name`) VALUES (62, 'nesciunt');
INSERT INTO `projects` (`id`, `name`) VALUES (48, 'nisi');
INSERT INTO `projects` (`id`, `name`) VALUES (89, 'non');
INSERT INTO `projects` (`id`, `name`) VALUES (68, 'occaecati');
INSERT INTO `projects` (`id`, `name`) VALUES (75, 'odio');
INSERT INTO `projects` (`id`, `name`) VALUES (12, 'officiis');
INSERT INTO `projects` (`id`, `name`) VALUES (27, 'omnis');
INSERT INTO `projects` (`id`, `name`) VALUES (39, 'optio');
INSERT INTO `projects` (`id`, `name`) VALUES (72, 'placeat');
INSERT INTO `projects` (`id`, `name`) VALUES (29, 'porro');
INSERT INTO `projects` (`id`, `name`) VALUES (86, 'praesentium');
INSERT INTO `projects` (`id`, `name`) VALUES (61, 'quae');
INSERT INTO `projects` (`id`, `name`) VALUES (74, 'quam');
INSERT INTO `projects` (`id`, `name`) VALUES (47, 'quas');
INSERT INTO `projects` (`id`, `name`) VALUES (11, 'qui');
INSERT INTO `projects` (`id`, `name`) VALUES (31, 'quia');
INSERT INTO `projects` (`id`, `name`) VALUES (15, 'quibusdam');
INSERT INTO `projects` (`id`, `name`) VALUES (64, 'quis');
INSERT INTO `projects` (`id`, `name`) VALUES (1, 'quo');
INSERT INTO `projects` (`id`, `name`) VALUES (66, 'quos');
INSERT INTO `projects` (`id`, `name`) VALUES (4, 'recusandae');
INSERT INTO `projects` (`id`, `name`) VALUES (71, 'rem');
INSERT INTO `projects` (`id`, `name`) VALUES (53, 'repellendus');
INSERT INTO `projects` (`id`, `name`) VALUES (6, 'repudiandae');
INSERT INTO `projects` (`id`, `name`) VALUES (69, 'rerum');
INSERT INTO `projects` (`id`, `name`) VALUES (26, 'saepe');
INSERT INTO `projects` (`id`, `name`) VALUES (45, 'sed');
INSERT INTO `projects` (`id`, `name`) VALUES (98, 'sequi');
INSERT INTO `projects` (`id`, `name`) VALUES (96, 'similique');
INSERT INTO `projects` (`id`, `name`) VALUES (58, 'sint');
INSERT INTO `projects` (`id`, `name`) VALUES (28, 'sit');
INSERT INTO `projects` (`id`, `name`) VALUES (3, 'sunt');
INSERT INTO `projects` (`id`, `name`) VALUES (20, 'tempore');
INSERT INTO `projects` (`id`, `name`) VALUES (51, 'temporibus');
INSERT INTO `projects` (`id`, `name`) VALUES (70, 'totam');
INSERT INTO `projects` (`id`, `name`) VALUES (43, 'ut');
INSERT INTO `projects` (`id`, `name`) VALUES (55, 'vel');
INSERT INTO `projects` (`id`, `name`) VALUES (49, 'velit');
INSERT INTO `projects` (`id`, `name`) VALUES (52, 'veniam');
INSERT INTO `projects` (`id`, `name`) VALUES (42, 'veritatis');
INSERT INTO `projects` (`id`, `name`) VALUES (79, 'vitae');
INSERT INTO `projects` (`id`, `name`) VALUES (7, 'voluptas');
INSERT INTO `projects` (`id`, `name`) VALUES (18, 'voluptate');
INSERT INTO `projects` (`id`, `name`) VALUES (57, 'voluptatem');
INSERT INTO `projects` (`id`, `name`) VALUES (16, 'voluptates');
INSERT INTO `projects` (`id`, `name`) VALUES (9, 'voluptatum');


#
# TABLE STRUCTURE FOR: projects_users
#

DROP TABLE IF EXISTS `projects_users`;

CREATE TABLE `projects_users` (
  `project_id` int(10) unsigned NOT NULL,
  `user_id` int(10) unsigned NOT NULL,
  `role_in_project` int(10) unsigned NOT NULL,
  PRIMARY KEY (`project_id`,`user_id`,`role_in_project`),
  KEY `user_id` (`user_id`),
  KEY `role_in_project` (`role_in_project`),
  CONSTRAINT `projects_users_ibfk_1` FOREIGN KEY (`project_id`) REFERENCES `projects` (`id`),
  CONSTRAINT `projects_users_ibfk_2` FOREIGN KEY (`user_id`) REFERENCES `users` (`id`),
  CONSTRAINT `projects_users_ibfk_3` FOREIGN KEY (`role_in_project`) REFERENCES `project_roles` (`id`)
) ENGINE=InnoDB DEFAULT CHARSET=utf8 COLLATE=utf8_unicode_ci;

INSERT INTO `projects_users` (`project_id`, `user_id`, `role_in_project`) VALUES (1, 1, 1);
INSERT INTO `projects_users` (`project_id`, `user_id`, `role_in_project`) VALUES (2, 2, 2);
INSERT INTO `projects_users` (`project_id`, `user_id`, `role_in_project`) VALUES (3, 3, 3);
INSERT INTO `projects_users` (`project_id`, `user_id`, `role_in_project`) VALUES (4, 4, 4);
INSERT INTO `projects_users` (`project_id`, `user_id`, `role_in_project`) VALUES (5, 5, 5);
INSERT INTO `projects_users` (`project_id`, `user_id`, `role_in_project`) VALUES (6, 6, 6);
INSERT INTO `projects_users` (`project_id`, `user_id`, `role_in_project`) VALUES (7, 7, 1);
INSERT INTO `projects_users` (`project_id`, `user_id`, `role_in_project`) VALUES (8, 8, 2);
INSERT INTO `projects_users` (`project_id`, `user_id`, `role_in_project`) VALUES (9, 9, 3);
INSERT INTO `projects_users` (`project_id`, `user_id`, `role_in_project`) VALUES (10, 10, 4);
INSERT INTO `projects_users` (`project_id`, `user_id`, `role_in_project`) VALUES (11, 11, 5);
INSERT INTO `projects_users` (`project_id`, `user_id`, `role_in_project`) VALUES (12, 12, 6);
INSERT INTO `projects_users` (`project_id`, `user_id`, `role_in_project`) VALUES (13, 13, 1);
INSERT INTO `projects_users` (`project_id`, `user_id`, `role_in_project`) VALUES (14, 14, 2);
INSERT INTO `projects_users` (`project_id`, `user_id`, `role_in_project`) VALUES (15, 15, 3);
INSERT INTO `projects_users` (`project_id`, `user_id`, `role_in_project`) VALUES (16, 16, 4);
INSERT INTO `projects_users` (`project_id`, `user_id`, `role_in_project`) VALUES (17, 17, 5);
INSERT INTO `projects_users` (`project_id`, `user_id`, `role_in_project`) VALUES (18, 18, 6);
INSERT INTO `projects_users` (`project_id`, `user_id`, `role_in_project`) VALUES (19, 19, 1);
INSERT INTO `projects_users` (`project_id`, `user_id`, `role_in_project`) VALUES (20, 20, 2);
INSERT INTO `projects_users` (`project_id`, `user_id`, `role_in_project`) VALUES (21, 21, 3);
INSERT INTO `projects_users` (`project_id`, `user_id`, `role_in_project`) VALUES (22, 22, 4);
INSERT INTO `projects_users` (`project_id`, `user_id`, `role_in_project`) VALUES (23, 23, 5);
INSERT INTO `projects_users` (`project_id`, `user_id`, `role_in_project`) VALUES (24, 24, 6);
INSERT INTO `projects_users` (`project_id`, `user_id`, `role_in_project`) VALUES (25, 25, 1);
INSERT INTO `projects_users` (`project_id`, `user_id`, `role_in_project`) VALUES (26, 26, 2);
INSERT INTO `projects_users` (`project_id`, `user_id`, `role_in_project`) VALUES (27, 27, 3);
INSERT INTO `projects_users` (`project_id`, `user_id`, `role_in_project`) VALUES (28, 28, 4);
INSERT INTO `projects_users` (`project_id`, `user_id`, `role_in_project`) VALUES (29, 29, 5);
INSERT INTO `projects_users` (`project_id`, `user_id`, `role_in_project`) VALUES (30, 30, 6);
INSERT INTO `projects_users` (`project_id`, `user_id`, `role_in_project`) VALUES (31, 31, 1);
INSERT INTO `projects_users` (`project_id`, `user_id`, `role_in_project`) VALUES (32, 32, 2);
INSERT INTO `projects_users` (`project_id`, `user_id`, `role_in_project`) VALUES (33, 33, 3);
INSERT INTO `projects_users` (`project_id`, `user_id`, `role_in_project`) VALUES (34, 34, 4);
INSERT INTO `projects_users` (`project_id`, `user_id`, `role_in_project`) VALUES (35, 35, 5);
INSERT INTO `projects_users` (`project_id`, `user_id`, `role_in_project`) VALUES (36, 36, 6);
INSERT INTO `projects_users` (`project_id`, `user_id`, `role_in_project`) VALUES (37, 37, 1);
INSERT INTO `projects_users` (`project_id`, `user_id`, `role_in_project`) VALUES (38, 38, 2);
INSERT INTO `projects_users` (`project_id`, `user_id`, `role_in_project`) VALUES (39, 39, 3);
INSERT INTO `projects_users` (`project_id`, `user_id`, `role_in_project`) VALUES (40, 40, 4);
INSERT INTO `projects_users` (`project_id`, `user_id`, `role_in_project`) VALUES (41, 41, 5);
INSERT INTO `projects_users` (`project_id`, `user_id`, `role_in_project`) VALUES (42, 42, 6);
INSERT INTO `projects_users` (`project_id`, `user_id`, `role_in_project`) VALUES (43, 43, 1);
INSERT INTO `projects_users` (`project_id`, `user_id`, `role_in_project`) VALUES (44, 44, 2);
INSERT INTO `projects_users` (`project_id`, `user_id`, `role_in_project`) VALUES (45, 45, 3);
INSERT INTO `projects_users` (`project_id`, `user_id`, `role_in_project`) VALUES (46, 46, 4);
INSERT INTO `projects_users` (`project_id`, `user_id`, `role_in_project`) VALUES (47, 47, 5);
INSERT INTO `projects_users` (`project_id`, `user_id`, `role_in_project`) VALUES (48, 48, 6);
INSERT INTO `projects_users` (`project_id`, `user_id`, `role_in_project`) VALUES (49, 49, 1);
INSERT INTO `projects_users` (`project_id`, `user_id`, `role_in_project`) VALUES (50, 50, 2);
INSERT INTO `projects_users` (`project_id`, `user_id`, `role_in_project`) VALUES (51, 51, 3);
INSERT INTO `projects_users` (`project_id`, `user_id`, `role_in_project`) VALUES (52, 52, 4);
INSERT INTO `projects_users` (`project_id`, `user_id`, `role_in_project`) VALUES (53, 53, 5);
INSERT INTO `projects_users` (`project_id`, `user_id`, `role_in_project`) VALUES (54, 54, 6);
INSERT INTO `projects_users` (`project_id`, `user_id`, `role_in_project`) VALUES (55, 55, 1);
INSERT INTO `projects_users` (`project_id`, `user_id`, `role_in_project`) VALUES (56, 56, 2);
INSERT INTO `projects_users` (`project_id`, `user_id`, `role_in_project`) VALUES (57, 57, 3);
INSERT INTO `projects_users` (`project_id`, `user_id`, `role_in_project`) VALUES (58, 58, 4);
INSERT INTO `projects_users` (`project_id`, `user_id`, `role_in_project`) VALUES (59, 59, 5);
INSERT INTO `projects_users` (`project_id`, `user_id`, `role_in_project`) VALUES (60, 60, 6);
INSERT INTO `projects_users` (`project_id`, `user_id`, `role_in_project`) VALUES (61, 61, 1);
INSERT INTO `projects_users` (`project_id`, `user_id`, `role_in_project`) VALUES (62, 62, 2);
INSERT INTO `projects_users` (`project_id`, `user_id`, `role_in_project`) VALUES (63, 63, 3);
INSERT INTO `projects_users` (`project_id`, `user_id`, `role_in_project`) VALUES (64, 64, 4);
INSERT INTO `projects_users` (`project_id`, `user_id`, `role_in_project`) VALUES (65, 65, 5);
INSERT INTO `projects_users` (`project_id`, `user_id`, `role_in_project`) VALUES (66, 66, 6);
INSERT INTO `projects_users` (`project_id`, `user_id`, `role_in_project`) VALUES (67, 67, 1);
INSERT INTO `projects_users` (`project_id`, `user_id`, `role_in_project`) VALUES (68, 68, 2);
INSERT INTO `projects_users` (`project_id`, `user_id`, `role_in_project`) VALUES (69, 69, 3);
INSERT INTO `projects_users` (`project_id`, `user_id`, `role_in_project`) VALUES (70, 70, 4);
INSERT INTO `projects_users` (`project_id`, `user_id`, `role_in_project`) VALUES (71, 71, 5);
INSERT INTO `projects_users` (`project_id`, `user_id`, `role_in_project`) VALUES (72, 72, 6);
INSERT INTO `projects_users` (`project_id`, `user_id`, `role_in_project`) VALUES (73, 73, 1);
INSERT INTO `projects_users` (`project_id`, `user_id`, `role_in_project`) VALUES (74, 74, 2);
INSERT INTO `projects_users` (`project_id`, `user_id`, `role_in_project`) VALUES (75, 75, 3);
INSERT INTO `projects_users` (`project_id`, `user_id`, `role_in_project`) VALUES (76, 76, 4);
INSERT INTO `projects_users` (`project_id`, `user_id`, `role_in_project`) VALUES (77, 77, 5);
INSERT INTO `projects_users` (`project_id`, `user_id`, `role_in_project`) VALUES (78, 78, 6);
INSERT INTO `projects_users` (`project_id`, `user_id`, `role_in_project`) VALUES (79, 79, 1);
INSERT INTO `projects_users` (`project_id`, `user_id`, `role_in_project`) VALUES (80, 80, 2);
INSERT INTO `projects_users` (`project_id`, `user_id`, `role_in_project`) VALUES (81, 81, 3);
INSERT INTO `projects_users` (`project_id`, `user_id`, `role_in_project`) VALUES (82, 82, 4);
INSERT INTO `projects_users` (`project_id`, `user_id`, `role_in_project`) VALUES (83, 83, 5);
INSERT INTO `projects_users` (`project_id`, `user_id`, `role_in_project`) VALUES (84, 84, 6);
INSERT INTO `projects_users` (`project_id`, `user_id`, `role_in_project`) VALUES (85, 85, 1);
INSERT INTO `projects_users` (`project_id`, `user_id`, `role_in_project`) VALUES (86, 86, 2);
INSERT INTO `projects_users` (`project_id`, `user_id`, `role_in_project`) VALUES (87, 87, 3);
INSERT INTO `projects_users` (`project_id`, `user_id`, `role_in_project`) VALUES (88, 88, 4);
INSERT INTO `projects_users` (`project_id`, `user_id`, `role_in_project`) VALUES (89, 89, 5);
INSERT INTO `projects_users` (`project_id`, `user_id`, `role_in_project`) VALUES (90, 90, 6);
INSERT INTO `projects_users` (`project_id`, `user_id`, `role_in_project`) VALUES (91, 91, 1);
INSERT INTO `projects_users` (`project_id`, `user_id`, `role_in_project`) VALUES (92, 92, 2);
INSERT INTO `projects_users` (`project_id`, `user_id`, `role_in_project`) VALUES (93, 93, 3);
INSERT INTO `projects_users` (`project_id`, `user_id`, `role_in_project`) VALUES (94, 94, 4);
INSERT INTO `projects_users` (`project_id`, `user_id`, `role_in_project`) VALUES (95, 95, 5);
INSERT INTO `projects_users` (`project_id`, `user_id`, `role_in_project`) VALUES (96, 96, 6);
INSERT INTO `projects_users` (`project_id`, `user_id`, `role_in_project`) VALUES (97, 97, 1);
INSERT INTO `projects_users` (`project_id`, `user_id`, `role_in_project`) VALUES (98, 98, 2);
INSERT INTO `projects_users` (`project_id`, `user_id`, `role_in_project`) VALUES (99, 99, 3);
INSERT INTO `projects_users` (`project_id`, `user_id`, `role_in_project`) VALUES (100, 100, 4);


#
# TABLE STRUCTURE FOR: reviews
#

DROP TABLE IF EXISTS `reviews`;

CREATE TABLE `reviews` (
  `id` int(10) unsigned NOT NULL AUTO_INCREMENT,
  `user_id` int(10) unsigned NOT NULL,
  `project_id` int(10) unsigned NOT NULL,
  `product_id` int(10) unsigned NOT NULL,
  `body` text COLLATE utf8_unicode_ci NOT NULL,
  `created_at` datetime DEFAULT current_timestamp(),
  `updated_at` datetime DEFAULT current_timestamp() ON UPDATE current_timestamp(),
  PRIMARY KEY (`id`),
  KEY `user_id` (`user_id`),
  KEY `project_id` (`project_id`),
  KEY `product_id` (`product_id`),
  CONSTRAINT `reviews_ibfk_1` FOREIGN KEY (`user_id`) REFERENCES `users` (`id`),
  CONSTRAINT `reviews_ibfk_2` FOREIGN KEY (`project_id`) REFERENCES `projects` (`id`),
  CONSTRAINT `reviews_ibfk_3` FOREIGN KEY (`product_id`) REFERENCES `products` (`id`)
) ENGINE=InnoDB AUTO_INCREMENT=101 DEFAULT CHARSET=utf8 COLLATE=utf8_unicode_ci;

INSERT INTO `reviews` (`id`, `user_id`, `project_id`, `product_id`, `body`, `created_at`, `updated_at`) VALUES (1, 1, 1, 1, 'In omnis provident totam ea. Eligendi est tempora iste magni iste consectetur dolores. Quidem magnam facere eum distinctio. Nostrum ipsam qui et et ipsa rerum alias.', '2000-09-18 16:23:51', '1974-06-08 18:15:42');
INSERT INTO `reviews` (`id`, `user_id`, `project_id`, `product_id`, `body`, `created_at`, `updated_at`) VALUES (2, 2, 2, 2, 'Ipsum architecto doloremque laborum saepe et. Voluptatibus est et voluptatem nam delectus. Aut molestiae culpa facilis tenetur.', '1991-06-05 15:57:38', '1983-10-05 02:58:03');
INSERT INTO `reviews` (`id`, `user_id`, `project_id`, `product_id`, `body`, `created_at`, `updated_at`) VALUES (3, 3, 3, 3, 'Est consequatur ratione est aliquid neque occaecati. Id architecto fugit non aliquid. Voluptatem doloremque recusandae blanditiis minima commodi amet est consequatur. Dolorem iste qui fuga.', '1988-07-20 17:18:28', '1976-11-28 06:28:31');
INSERT INTO `reviews` (`id`, `user_id`, `project_id`, `product_id`, `body`, `created_at`, `updated_at`) VALUES (4, 4, 4, 4, 'Quasi necessitatibus ea dolor hic quo qui unde. Excepturi consequatur quasi exercitationem odit sed. Sint nobis enim quae minima nemo. Rerum fugit necessitatibus earum architecto sed culpa. Iure a repellat velit atque unde.', '1979-08-13 04:36:03', '1983-08-01 09:20:20');
INSERT INTO `reviews` (`id`, `user_id`, `project_id`, `product_id`, `body`, `created_at`, `updated_at`) VALUES (5, 5, 5, 5, 'Mollitia quia in sunt. Occaecati amet officiis dolor natus ad voluptate illum. Quaerat impedit soluta earum iusto aut. Facere reprehenderit voluptatem libero.', '1977-07-10 12:42:34', '2009-02-21 03:36:59');
INSERT INTO `reviews` (`id`, `user_id`, `project_id`, `product_id`, `body`, `created_at`, `updated_at`) VALUES (6, 6, 6, 6, 'Eligendi et voluptatem eveniet at aut. Consequatur labore blanditiis qui voluptates. Accusamus omnis voluptate dicta adipisci.', '1990-09-02 20:16:34', '2015-04-21 18:04:15');
INSERT INTO `reviews` (`id`, `user_id`, `project_id`, `product_id`, `body`, `created_at`, `updated_at`) VALUES (7, 7, 7, 7, 'Quo eos vero impedit nesciunt cumque autem deleniti. Sed fuga vitae sed mollitia. Porro et cumque non odio.', '2003-12-31 22:11:15', '1993-03-21 08:42:54');
INSERT INTO `reviews` (`id`, `user_id`, `project_id`, `product_id`, `body`, `created_at`, `updated_at`) VALUES (8, 8, 8, 8, 'Occaecati veniam a autem ut dolorum cum. Nobis provident non officia reiciendis nihil. Quisquam quia et consequuntur sunt ut consequuntur modi. Quo sit ut maiores repudiandae molestiae est.', '1979-08-28 23:47:31', '2012-08-02 17:59:01');
INSERT INTO `reviews` (`id`, `user_id`, `project_id`, `product_id`, `body`, `created_at`, `updated_at`) VALUES (9, 9, 9, 9, 'Excepturi quod corporis dolore in. Autem et voluptatem omnis. Alias rerum occaecati qui illum provident veniam placeat dicta.', '2012-04-03 03:13:18', '1989-08-13 23:05:40');
INSERT INTO `reviews` (`id`, `user_id`, `project_id`, `product_id`, `body`, `created_at`, `updated_at`) VALUES (10, 10, 10, 10, 'Et dicta ut soluta aut reprehenderit cumque modi. Et nemo hic ut ut. Et vero et commodi velit aut odio ducimus et.', '1970-04-26 19:11:22', '1972-07-29 16:58:34');
INSERT INTO `reviews` (`id`, `user_id`, `project_id`, `product_id`, `body`, `created_at`, `updated_at`) VALUES (11, 11, 11, 11, 'Illo quisquam dolore consequatur quaerat omnis incidunt qui. Dolorem delectus qui veritatis laborum. Eum soluta dolore quia dolorum quasi.', '2014-05-06 21:38:51', '1994-11-25 00:06:57');
INSERT INTO `reviews` (`id`, `user_id`, `project_id`, `product_id`, `body`, `created_at`, `updated_at`) VALUES (12, 12, 12, 12, 'Et pariatur autem ut aperiam explicabo error. Dolor est natus officia provident mollitia impedit amet. Aut ullam dolorem adipisci libero id. Perspiciatis repellendus fugit qui.', '1996-08-08 00:07:47', '2002-03-20 11:44:33');
INSERT INTO `reviews` (`id`, `user_id`, `project_id`, `product_id`, `body`, `created_at`, `updated_at`) VALUES (13, 13, 13, 13, 'Non aliquid officia eaque accusamus harum neque. Odio esse facere odit dolorem magnam et. Sit est corporis sunt tempora. Nihil deleniti nemo numquam possimus provident itaque.', '2015-03-28 03:51:56', '1982-11-13 20:33:49');
INSERT INTO `reviews` (`id`, `user_id`, `project_id`, `product_id`, `body`, `created_at`, `updated_at`) VALUES (14, 14, 14, 14, 'Sit quibusdam animi velit ut. Rerum consectetur quam dolorem sit eum maxime. Ut qui ad dignissimos.', '1987-01-21 03:21:25', '1988-09-28 15:24:27');
INSERT INTO `reviews` (`id`, `user_id`, `project_id`, `product_id`, `body`, `created_at`, `updated_at`) VALUES (15, 15, 15, 15, 'Sunt vel ut qui temporibus quod consequuntur. Libero dolore voluptas quia qui sunt est. Voluptatibus iusto consectetur consequatur quas cupiditate voluptas.', '2003-09-28 07:07:31', '2004-07-14 01:00:52');
INSERT INTO `reviews` (`id`, `user_id`, `project_id`, `product_id`, `body`, `created_at`, `updated_at`) VALUES (16, 16, 16, 16, 'Voluptate ratione ut voluptates assumenda. Qui magnam ut quod enim aut at. Magnam odio numquam non vero animi est eligendi. Totam quo eum aut quia. Alias qui repudiandae libero sunt.', '1974-03-11 13:27:34', '1983-05-11 12:52:45');
INSERT INTO `reviews` (`id`, `user_id`, `project_id`, `product_id`, `body`, `created_at`, `updated_at`) VALUES (17, 17, 17, 17, 'Ipsum nihil minus et repudiandae eligendi consectetur. Minus debitis dolor suscipit est totam. Iure voluptatibus cum autem. Quasi minus molestiae molestiae ex.', '2011-03-30 04:50:14', '1995-04-07 09:45:10');
INSERT INTO `reviews` (`id`, `user_id`, `project_id`, `product_id`, `body`, `created_at`, `updated_at`) VALUES (18, 18, 18, 18, 'Sit illo soluta aut dolorem quis id a. Iste facere sed id consequuntur placeat error officia harum. Consequuntur ut reprehenderit maiores omnis quis ut voluptatem.', '2003-10-09 03:30:30', '1989-09-04 05:30:53');
INSERT INTO `reviews` (`id`, `user_id`, `project_id`, `product_id`, `body`, `created_at`, `updated_at`) VALUES (19, 19, 19, 19, 'Totam numquam sit pariatur quia. Quae explicabo harum id exercitationem et. Quis aliquam totam voluptatem illo reprehenderit sed sint.', '1978-01-03 12:40:56', '1993-07-12 19:09:33');
INSERT INTO `reviews` (`id`, `user_id`, `project_id`, `product_id`, `body`, `created_at`, `updated_at`) VALUES (20, 20, 20, 20, 'Qui aperiam accusantium quaerat excepturi. Saepe cupiditate recusandae et officiis nemo corrupti ea. Qui est consequatur maiores quis assumenda ipsa possimus. Cupiditate adipisci aperiam aperiam nisi tempora officia voluptatem vitae.', '2002-07-23 11:50:20', '2011-10-22 04:04:33');
INSERT INTO `reviews` (`id`, `user_id`, `project_id`, `product_id`, `body`, `created_at`, `updated_at`) VALUES (21, 21, 21, 21, 'Et impedit quas nobis. Non illo qui aut enim tempora eum dignissimos.', '1996-04-26 11:00:58', '1997-08-13 14:23:47');
INSERT INTO `reviews` (`id`, `user_id`, `project_id`, `product_id`, `body`, `created_at`, `updated_at`) VALUES (22, 22, 22, 22, 'Deserunt asperiores non sequi doloremque pariatur quibusdam eum. Ipsa quaerat molestias quas sed distinctio vero eos ut. At sit explicabo velit occaecati dolores nisi.', '1980-02-17 22:15:09', '2015-04-30 16:38:21');
INSERT INTO `reviews` (`id`, `user_id`, `project_id`, `product_id`, `body`, `created_at`, `updated_at`) VALUES (23, 23, 23, 23, 'Blanditiis officia ut quam distinctio eveniet eius. Consequatur omnis nulla quod. Consequatur fugit aliquid debitis. Sed quis rerum ut cumque voluptas in dolores quia.', '2002-04-12 09:00:01', '2010-02-27 18:46:34');
INSERT INTO `reviews` (`id`, `user_id`, `project_id`, `product_id`, `body`, `created_at`, `updated_at`) VALUES (24, 24, 24, 24, 'Dolorem non deleniti velit quis assumenda. Sit aspernatur beatae molestiae modi ullam. Non corrupti quibusdam labore quisquam autem non. Est saepe officiis voluptas ratione quo quae et.', '2012-06-11 12:21:15', '1997-04-27 04:20:37');
INSERT INTO `reviews` (`id`, `user_id`, `project_id`, `product_id`, `body`, `created_at`, `updated_at`) VALUES (25, 25, 25, 25, 'Rerum accusamus laudantium quas a blanditiis et quo. Ratione mollitia et minima rem doloribus ut consequatur. Officia eum omnis est aut ut dolore odio. Error vel in sit nisi hic quidem.', '1998-04-01 23:50:53', '1985-02-24 09:13:16');
INSERT INTO `reviews` (`id`, `user_id`, `project_id`, `product_id`, `body`, `created_at`, `updated_at`) VALUES (26, 26, 26, 26, 'Ab nulla quam aliquid maxime impedit ipsum temporibus. Aperiam expedita quis maxime voluptate quasi voluptas ut. Atque voluptas molestiae consequatur sint repudiandae quibusdam repellat. Id ab aliquam maiores sunt.', '1975-07-26 03:14:00', '2012-08-25 19:11:22');
INSERT INTO `reviews` (`id`, `user_id`, `project_id`, `product_id`, `body`, `created_at`, `updated_at`) VALUES (27, 27, 27, 27, 'Magnam officia nesciunt officiis eum architecto. Ullam pariatur cumque sit id consequatur numquam quia. Voluptate nisi commodi rerum et autem. Accusantium dolores sed placeat vitae.', '2007-09-25 16:46:28', '2001-03-13 02:48:04');
INSERT INTO `reviews` (`id`, `user_id`, `project_id`, `product_id`, `body`, `created_at`, `updated_at`) VALUES (28, 28, 28, 28, 'Accusantium nemo fugit consectetur molestiae voluptates autem. Ipsa sit quidem impedit recusandae alias delectus est. Dignissimos aut vel ut.', '1979-01-05 21:46:14', '2005-01-06 13:48:18');
INSERT INTO `reviews` (`id`, `user_id`, `project_id`, `product_id`, `body`, `created_at`, `updated_at`) VALUES (29, 29, 29, 29, 'Est sit eligendi placeat odit iste magni ab. Optio architecto sunt nihil et sed accusantium voluptatem.', '1980-05-30 18:49:31', '1986-03-22 11:19:51');
INSERT INTO `reviews` (`id`, `user_id`, `project_id`, `product_id`, `body`, `created_at`, `updated_at`) VALUES (30, 30, 30, 30, 'Vel quibusdam provident ea placeat qui. Pariatur accusantium in saepe in. Voluptas molestiae ut qui dolores. Porro et dolor qui expedita quia.', '2004-01-25 08:58:31', '2014-11-26 05:38:37');
INSERT INTO `reviews` (`id`, `user_id`, `project_id`, `product_id`, `body`, `created_at`, `updated_at`) VALUES (31, 31, 31, 31, 'Animi aut exercitationem nulla et. Qui quia quas aut eligendi. Amet ut omnis harum et enim dolore.', '1999-04-05 07:47:48', '1996-03-31 04:33:44');
INSERT INTO `reviews` (`id`, `user_id`, `project_id`, `product_id`, `body`, `created_at`, `updated_at`) VALUES (32, 32, 32, 32, 'Corrupti ut molestiae laborum sed asperiores quibusdam. Voluptas explicabo ad saepe sapiente vel. A quibusdam harum sunt rerum. Error error labore quia incidunt minus ipsum. Cum molestiae ipsam laudantium placeat voluptatem.', '2015-04-29 22:51:33', '2019-04-10 11:20:55');
INSERT INTO `reviews` (`id`, `user_id`, `project_id`, `product_id`, `body`, `created_at`, `updated_at`) VALUES (33, 33, 33, 33, 'Quo saepe ea repudiandae at quia. Dolorum architecto enim corrupti veniam nihil molestiae. Nemo ad voluptas provident cumque totam at. Quia est ea distinctio sed illum. Dolorum quod ad accusantium et maiores deserunt.', '1978-05-08 22:02:01', '2005-07-30 08:12:07');
INSERT INTO `reviews` (`id`, `user_id`, `project_id`, `product_id`, `body`, `created_at`, `updated_at`) VALUES (34, 34, 34, 34, 'Expedita exercitationem ut iste qui. Et voluptate cumque dolor architecto quos sit. Quis eius et fugiat enim voluptatem facilis commodi. Ut ducimus debitis rerum exercitationem cum omnis error. Et assumenda ut in officiis nulla.', '1974-10-18 03:52:22', '2008-08-22 13:28:46');
INSERT INTO `reviews` (`id`, `user_id`, `project_id`, `product_id`, `body`, `created_at`, `updated_at`) VALUES (35, 35, 35, 35, 'Nesciunt voluptatibus quae quae cumque sit rerum cupiditate. Voluptatem ut amet totam reprehenderit occaecati. Non reiciendis velit rerum minus et. Omnis aut ipsum aut officiis et recusandae nesciunt animi.', '2007-09-16 16:11:44', '1975-08-29 04:42:27');
INSERT INTO `reviews` (`id`, `user_id`, `project_id`, `product_id`, `body`, `created_at`, `updated_at`) VALUES (36, 36, 36, 36, 'Omnis magnam eum deleniti esse. Voluptas ut voluptatem sit et optio sed at. Autem architecto sunt officiis minima facilis.', '2012-03-17 11:29:40', '1973-12-28 03:27:46');
INSERT INTO `reviews` (`id`, `user_id`, `project_id`, `product_id`, `body`, `created_at`, `updated_at`) VALUES (37, 37, 37, 37, 'Iusto soluta ut eos minus inventore molestiae ut. In nemo nihil est quibusdam. Harum a reiciendis molestias omnis.', '2006-02-15 06:52:19', '1988-08-07 17:58:22');
INSERT INTO `reviews` (`id`, `user_id`, `project_id`, `product_id`, `body`, `created_at`, `updated_at`) VALUES (38, 38, 38, 38, 'Saepe maxime assumenda aut magni id omnis repellendus. Praesentium sed tenetur ad molestiae quo. Dolorum qui quaerat necessitatibus eum doloribus. Est maiores qui et adipisci.', '1991-12-03 15:37:43', '1980-04-04 02:24:52');
INSERT INTO `reviews` (`id`, `user_id`, `project_id`, `product_id`, `body`, `created_at`, `updated_at`) VALUES (39, 39, 39, 39, 'Repellendus qui molestiae optio illum soluta. Adipisci ratione et et impedit deserunt quia sint.', '1993-12-31 02:29:13', '2011-12-22 13:55:42');
INSERT INTO `reviews` (`id`, `user_id`, `project_id`, `product_id`, `body`, `created_at`, `updated_at`) VALUES (40, 40, 40, 40, 'Facere voluptas quis pariatur ea. Rem optio eligendi praesentium non. Odio non velit culpa deserunt ea. Quo sunt excepturi totam possimus illum.', '1991-09-12 20:49:40', '1984-01-28 20:04:06');
INSERT INTO `reviews` (`id`, `user_id`, `project_id`, `product_id`, `body`, `created_at`, `updated_at`) VALUES (41, 41, 41, 41, 'Dolorem sint omnis aperiam. Beatae nihil quis vel nulla est eos velit. Omnis eaque reiciendis autem hic.', '1991-07-24 02:14:16', '2017-01-31 20:43:33');
INSERT INTO `reviews` (`id`, `user_id`, `project_id`, `product_id`, `body`, `created_at`, `updated_at`) VALUES (42, 42, 42, 42, 'Quia voluptas dolorem perspiciatis et quidem. Vitae illo autem temporibus est omnis. Odit iusto molestiae culpa.', '2012-08-20 22:50:44', '1982-01-27 09:43:13');
INSERT INTO `reviews` (`id`, `user_id`, `project_id`, `product_id`, `body`, `created_at`, `updated_at`) VALUES (43, 43, 43, 43, 'Sunt quidem repudiandae et dolorem. Omnis et atque sequi necessitatibus sed reprehenderit voluptas. Dolorem quia blanditiis nihil labore labore consequatur voluptates.', '1982-09-10 21:57:03', '1980-03-22 06:51:38');
INSERT INTO `reviews` (`id`, `user_id`, `project_id`, `product_id`, `body`, `created_at`, `updated_at`) VALUES (44, 44, 44, 44, 'Sed in saepe enim quas labore. Sint dicta asperiores veritatis cumque quibusdam nesciunt sint. Eum rem eveniet dignissimos corrupti. Nostrum voluptatem laborum pariatur quo.', '2014-01-16 14:03:02', '1982-04-18 00:58:43');
INSERT INTO `reviews` (`id`, `user_id`, `project_id`, `product_id`, `body`, `created_at`, `updated_at`) VALUES (45, 45, 45, 45, 'Dolores quo sunt est. Asperiores quia iure ipsam.', '1993-01-25 06:01:04', '2007-08-03 16:38:19');
INSERT INTO `reviews` (`id`, `user_id`, `project_id`, `product_id`, `body`, `created_at`, `updated_at`) VALUES (46, 46, 46, 46, 'Necessitatibus suscipit praesentium dolore quo ut debitis beatae. Assumenda modi voluptatem dolores fugit omnis et sit aut. Eum cumque ut voluptatem error reiciendis dolore deleniti. Quidem quis maxime aperiam necessitatibus nostrum fuga iure.', '1992-10-09 11:37:19', '2012-12-01 05:09:54');
INSERT INTO `reviews` (`id`, `user_id`, `project_id`, `product_id`, `body`, `created_at`, `updated_at`) VALUES (47, 47, 47, 47, 'Eos sit ipsum id voluptas porro unde. Delectus ea dolor quia. Amet quia dignissimos ut et eius quos sit. Fuga ut similique ut eius architecto sed officia.', '1987-04-04 02:54:52', '2014-01-23 05:14:30');
INSERT INTO `reviews` (`id`, `user_id`, `project_id`, `product_id`, `body`, `created_at`, `updated_at`) VALUES (48, 48, 48, 48, 'Eos architecto tempore voluptatem et ut. Sit fuga dolorum repellat commodi laborum omnis. Et vel quia nobis. Quod ab deleniti laboriosam voluptatem voluptatibus.', '2005-12-22 23:25:30', '1984-02-25 20:24:43');
INSERT INTO `reviews` (`id`, `user_id`, `project_id`, `product_id`, `body`, `created_at`, `updated_at`) VALUES (49, 49, 49, 49, 'Possimus molestiae non doloremque et officia aliquid impedit. Sint et illum error quis quae accusamus. Laborum voluptates numquam minus nostrum unde consequatur. Officiis rem eum deleniti quia perspiciatis.', '2013-10-07 18:55:06', '1981-04-30 05:32:52');
INSERT INTO `reviews` (`id`, `user_id`, `project_id`, `product_id`, `body`, `created_at`, `updated_at`) VALUES (50, 50, 50, 50, 'Sint illo consectetur incidunt dolorem omnis ratione modi. Est alias libero cupiditate soluta aut aut libero. Minus laudantium aut saepe. Aut pariatur veniam ullam.', '2009-05-09 20:33:45', '1992-06-18 06:52:54');
INSERT INTO `reviews` (`id`, `user_id`, `project_id`, `product_id`, `body`, `created_at`, `updated_at`) VALUES (51, 51, 51, 51, 'Aut perspiciatis repellendus ab dolorum. Reiciendis id deleniti est repellendus quia. Sunt natus voluptatem numquam qui nihil minus. Dicta exercitationem cum dicta illo.', '2009-09-03 10:43:48', '1980-07-20 10:54:56');
INSERT INTO `reviews` (`id`, `user_id`, `project_id`, `product_id`, `body`, `created_at`, `updated_at`) VALUES (52, 52, 52, 52, 'Sint eaque aut laboriosam. Quia quos doloremque eum earum nobis. Ipsa autem sapiente dolorum quia ex alias. Impedit perspiciatis voluptatem et beatae rerum recusandae mollitia.', '2011-08-16 15:28:25', '2000-02-16 21:50:48');
INSERT INTO `reviews` (`id`, `user_id`, `project_id`, `product_id`, `body`, `created_at`, `updated_at`) VALUES (53, 53, 53, 53, 'Voluptatem qui tempore rerum quia. Omnis ut amet sit quo quaerat corporis magnam. Officia praesentium magni iste temporibus. Adipisci voluptatem quasi ut ipsum sit sit. Dignissimos quis voluptatem odio et aut.', '2005-12-18 16:31:11', '1981-07-08 04:26:50');
INSERT INTO `reviews` (`id`, `user_id`, `project_id`, `product_id`, `body`, `created_at`, `updated_at`) VALUES (54, 54, 54, 54, 'Mollitia doloremque quo odio autem. Veritatis dolore atque sit earum iste nisi quia. Deserunt officia numquam amet in maiores.', '2008-05-18 16:43:26', '2001-05-25 09:55:44');
INSERT INTO `reviews` (`id`, `user_id`, `project_id`, `product_id`, `body`, `created_at`, `updated_at`) VALUES (55, 55, 55, 55, 'Quia et quas adipisci consequatur quia repellendus deserunt. Omnis expedita harum ipsam perferendis ab. Eligendi facere ad eius nostrum cupiditate odit consequatur.', '1995-04-16 14:50:50', '1980-10-16 10:06:18');
INSERT INTO `reviews` (`id`, `user_id`, `project_id`, `product_id`, `body`, `created_at`, `updated_at`) VALUES (56, 56, 56, 56, 'Laborum esse rerum aspernatur omnis accusamus. Iusto quo autem animi dolor tempora dignissimos est. Molestiae magni aspernatur mollitia minima labore.', '1988-08-07 23:52:00', '2011-09-12 06:35:21');
INSERT INTO `reviews` (`id`, `user_id`, `project_id`, `product_id`, `body`, `created_at`, `updated_at`) VALUES (57, 57, 57, 57, 'Earum debitis accusamus qui qui rem et. Et sunt ut corrupti rerum. Cum corporis tenetur labore saepe. Nobis quo ab sed quis sint adipisci quas.', '1983-04-27 11:50:48', '2018-02-23 18:25:53');
INSERT INTO `reviews` (`id`, `user_id`, `project_id`, `product_id`, `body`, `created_at`, `updated_at`) VALUES (58, 58, 58, 58, 'Sed repellat beatae dolores aut natus. Sit doloribus non nulla quia. Sit vitae iure minus voluptatem qui voluptatem. Esse perferendis laboriosam illo iste laboriosam.', '2007-03-11 06:50:36', '2014-04-26 01:05:22');
INSERT INTO `reviews` (`id`, `user_id`, `project_id`, `product_id`, `body`, `created_at`, `updated_at`) VALUES (59, 59, 59, 59, 'Nobis itaque pariatur id consequuntur autem velit et dicta. Perferendis eaque nobis fuga quaerat itaque.', '1997-10-20 22:02:56', '1974-01-10 18:26:00');
INSERT INTO `reviews` (`id`, `user_id`, `project_id`, `product_id`, `body`, `created_at`, `updated_at`) VALUES (60, 60, 60, 60, 'Qui rerum dicta nulla. Iste ut nam corrupti dolorum similique laudantium quisquam laborum. Necessitatibus dolor facilis architecto quam illo magnam perspiciatis.', '1999-03-08 22:59:48', '1992-01-07 04:21:43');
INSERT INTO `reviews` (`id`, `user_id`, `project_id`, `product_id`, `body`, `created_at`, `updated_at`) VALUES (61, 61, 61, 61, 'Sint sit id et. Eum omnis eum dicta est voluptatibus sint molestiae. Exercitationem molestias voluptatem et quidem optio mollitia fugit qui.', '2008-05-05 20:04:24', '1989-09-25 22:41:18');
INSERT INTO `reviews` (`id`, `user_id`, `project_id`, `product_id`, `body`, `created_at`, `updated_at`) VALUES (62, 62, 62, 62, 'Delectus repudiandae quaerat et quidem consequatur temporibus. Voluptatem maiores consectetur impedit sit sint vitae ratione. Ea et voluptas ea quia sed. Qui quasi cum itaque aspernatur quia voluptatum.', '2001-05-23 06:35:21', '2011-12-16 00:29:46');
INSERT INTO `reviews` (`id`, `user_id`, `project_id`, `product_id`, `body`, `created_at`, `updated_at`) VALUES (63, 63, 63, 63, 'Qui est et quia quos. Sint est doloribus ut mollitia maxime. Enim beatae quo laudantium non quisquam officiis quam numquam. Voluptas ut quas illum et.', '1994-05-01 06:44:45', '1998-11-07 19:59:16');
INSERT INTO `reviews` (`id`, `user_id`, `project_id`, `product_id`, `body`, `created_at`, `updated_at`) VALUES (64, 64, 64, 64, 'Minus ut ut vel et qui. Fugit sequi est voluptates illum et facere. Impedit architecto tempore facere magnam.', '2000-08-07 00:33:48', '2000-08-09 04:42:23');
INSERT INTO `reviews` (`id`, `user_id`, `project_id`, `product_id`, `body`, `created_at`, `updated_at`) VALUES (65, 65, 65, 65, 'Libero facere voluptatum est dolores ipsa. Et sunt incidunt esse atque quidem qui quod maxime.', '2007-08-18 23:13:31', '1987-10-18 02:23:08');
INSERT INTO `reviews` (`id`, `user_id`, `project_id`, `product_id`, `body`, `created_at`, `updated_at`) VALUES (66, 66, 66, 66, 'Similique eaque labore perferendis perspiciatis rerum facere vel aut. Corporis tempore odit recusandae. Consequatur officiis aut rerum tempore ut mollitia exercitationem eaque. Quibusdam reiciendis vel molestias nisi aspernatur.', '1983-05-28 22:10:14', '2010-09-19 20:49:52');
INSERT INTO `reviews` (`id`, `user_id`, `project_id`, `product_id`, `body`, `created_at`, `updated_at`) VALUES (67, 67, 67, 67, 'Quidem ut impedit accusamus. Facere et et sint sint sapiente eos rem. Quas optio quos sapiente velit facere quaerat et. Labore aliquam qui non sunt.', '1976-08-25 03:15:37', '2000-01-14 11:54:51');
INSERT INTO `reviews` (`id`, `user_id`, `project_id`, `product_id`, `body`, `created_at`, `updated_at`) VALUES (68, 68, 68, 68, 'Non atque soluta repudiandae assumenda aperiam voluptatem. Sit in sit est non laudantium velit deserunt. Et rerum non temporibus. Officiis occaecati nesciunt ut doloremque cupiditate tempore voluptas laborum.', '2003-04-19 09:33:49', '1973-08-26 12:54:40');
INSERT INTO `reviews` (`id`, `user_id`, `project_id`, `product_id`, `body`, `created_at`, `updated_at`) VALUES (69, 69, 69, 69, 'Laboriosam cum sed id fugiat. Non labore nisi eveniet nostrum accusamus. Ea harum dolore sunt eum. Perferendis voluptate repellat deserunt enim exercitationem. Quo voluptates qui praesentium necessitatibus totam sed.', '1974-11-25 05:32:42', '2017-04-02 22:05:05');
INSERT INTO `reviews` (`id`, `user_id`, `project_id`, `product_id`, `body`, `created_at`, `updated_at`) VALUES (70, 70, 70, 70, 'Non velit reprehenderit illo totam. Saepe in voluptate ut molestiae corporis. Eaque nam voluptatem cum cumque tenetur aut.', '1992-11-10 22:31:23', '2011-06-23 21:06:58');
INSERT INTO `reviews` (`id`, `user_id`, `project_id`, `product_id`, `body`, `created_at`, `updated_at`) VALUES (71, 71, 71, 71, 'Doloremque molestias unde temporibus est minus in ut. Odio at est labore saepe. Et dolor ea dolorem assumenda harum. Odit odit dolorem a autem iste. Quaerat ut molestiae distinctio animi quia.', '1991-01-26 04:51:32', '1991-06-04 06:08:33');
INSERT INTO `reviews` (`id`, `user_id`, `project_id`, `product_id`, `body`, `created_at`, `updated_at`) VALUES (72, 72, 72, 72, 'Libero et numquam iusto quos repellendus. Saepe natus est ipsam qui sed excepturi autem. Ipsum omnis dolorem aperiam libero distinctio. Est aut dolorem autem dolor sit.', '2002-02-25 22:09:55', '1997-07-31 04:00:03');
INSERT INTO `reviews` (`id`, `user_id`, `project_id`, `product_id`, `body`, `created_at`, `updated_at`) VALUES (73, 73, 73, 73, 'Ea laborum ut quia et. Fugit veritatis est et atque nobis quia et. Laudantium illum architecto magnam ipsum iste fuga consectetur illum.', '1974-06-06 11:57:12', '2003-08-16 06:10:15');
INSERT INTO `reviews` (`id`, `user_id`, `project_id`, `product_id`, `body`, `created_at`, `updated_at`) VALUES (74, 74, 74, 74, 'Atque ipsa cum esse consequatur. Similique enim est minima aut facere. Distinctio voluptate incidunt repellendus doloribus. Qui veniam quod quia molestiae.', '2000-05-11 16:50:02', '1970-01-17 11:11:01');
INSERT INTO `reviews` (`id`, `user_id`, `project_id`, `product_id`, `body`, `created_at`, `updated_at`) VALUES (75, 75, 75, 75, 'Voluptas mollitia accusamus nostrum quasi magnam dignissimos nisi. Consectetur aut eligendi qui ullam iure. At aut quaerat aut enim. Qui itaque vitae corporis esse eos quo ullam ut. Rerum aliquid quia veniam placeat eius repellendus eligendi nihil.', '1987-09-24 04:50:01', '2005-03-29 03:27:18');
INSERT INTO `reviews` (`id`, `user_id`, `project_id`, `product_id`, `body`, `created_at`, `updated_at`) VALUES (76, 76, 76, 76, 'Eligendi ex sequi quibusdam quae. Aut ut ex sunt sed illo. Nihil in in omnis adipisci ut.', '2007-03-16 01:28:23', '2013-11-08 09:25:12');
INSERT INTO `reviews` (`id`, `user_id`, `project_id`, `product_id`, `body`, `created_at`, `updated_at`) VALUES (77, 77, 77, 77, 'Reiciendis sit eaque voluptatem sit quos odit. Natus molestiae non facere et illo fugit. Accusantium quae sed dignissimos deserunt voluptatem eaque necessitatibus. Et quae quaerat et totam.', '1986-10-21 12:43:10', '2006-06-19 11:05:49');
INSERT INTO `reviews` (`id`, `user_id`, `project_id`, `product_id`, `body`, `created_at`, `updated_at`) VALUES (78, 78, 78, 78, 'Eos et et architecto rem esse minima. Quasi debitis id voluptates exercitationem vel. Doloremque et rerum aut impedit nostrum. Magni et alias eos vel omnis.', '1999-09-05 17:18:25', '1998-09-23 00:42:52');
INSERT INTO `reviews` (`id`, `user_id`, `project_id`, `product_id`, `body`, `created_at`, `updated_at`) VALUES (79, 79, 79, 79, 'Inventore iste nostrum perferendis rerum iusto excepturi. Et recusandae consequatur rerum iusto vel eaque voluptates inventore. Non aut quos qui iure quo molestiae deleniti.', '1971-09-17 14:11:18', '1980-09-27 19:59:54');
INSERT INTO `reviews` (`id`, `user_id`, `project_id`, `product_id`, `body`, `created_at`, `updated_at`) VALUES (80, 80, 80, 80, 'Voluptas nobis totam quaerat id. Quam optio magni velit perspiciatis amet dicta soluta est. Repudiandae ut facilis et qui.', '2017-07-21 19:07:22', '2006-02-01 09:32:24');
INSERT INTO `reviews` (`id`, `user_id`, `project_id`, `product_id`, `body`, `created_at`, `updated_at`) VALUES (81, 81, 81, 81, 'Minima delectus voluptatem perferendis quod. Quos dolor dicta et placeat. Hic quam suscipit enim unde.', '1977-07-18 04:58:17', '1998-06-04 10:43:33');
INSERT INTO `reviews` (`id`, `user_id`, `project_id`, `product_id`, `body`, `created_at`, `updated_at`) VALUES (82, 82, 82, 82, 'Debitis omnis rerum aut maxime. Cum at molestias saepe nesciunt qui. Iure accusamus pariatur incidunt odit dolorem sint. Omnis consectetur quia incidunt. Omnis incidunt ipsa ad autem aut repellat ducimus.', '1991-01-02 17:24:58', '2002-12-28 22:53:38');
INSERT INTO `reviews` (`id`, `user_id`, `project_id`, `product_id`, `body`, `created_at`, `updated_at`) VALUES (83, 83, 83, 83, 'Et tenetur ratione eum sit ab sed. Cumque quaerat ut non odio. Quos dolor consectetur doloribus corporis ut quisquam labore enim.', '2016-08-17 02:53:42', '1984-08-13 10:48:37');
INSERT INTO `reviews` (`id`, `user_id`, `project_id`, `product_id`, `body`, `created_at`, `updated_at`) VALUES (84, 84, 84, 84, 'Saepe est omnis perspiciatis quas. Necessitatibus odit modi dolorem fugiat non veniam eius. Quam nihil et similique minus.', '2001-02-01 16:00:34', '1985-12-08 22:43:09');
INSERT INTO `reviews` (`id`, `user_id`, `project_id`, `product_id`, `body`, `created_at`, `updated_at`) VALUES (85, 85, 85, 85, 'Est voluptate nam veniam eveniet. Magnam architecto corporis possimus nisi perspiciatis dolor. Ut voluptatem nemo aut sed eius.', '1998-08-17 06:52:24', '1992-12-25 05:30:25');
INSERT INTO `reviews` (`id`, `user_id`, `project_id`, `product_id`, `body`, `created_at`, `updated_at`) VALUES (86, 86, 86, 86, 'Voluptatem corrupti et voluptas fugiat praesentium fugit. Ut voluptas vel enim id sint cum. Laborum et officiis nemo culpa praesentium dolore in inventore.', '1998-04-06 03:21:41', '1972-08-10 01:13:28');
INSERT INTO `reviews` (`id`, `user_id`, `project_id`, `product_id`, `body`, `created_at`, `updated_at`) VALUES (87, 87, 87, 87, 'Sit suscipit rem ullam consectetur iusto harum est. Laudantium et voluptas recusandae eveniet voluptatem id dolore. Pariatur qui molestiae saepe corporis autem quia.', '1996-10-21 11:56:20', '1977-11-30 01:18:57');
INSERT INTO `reviews` (`id`, `user_id`, `project_id`, `product_id`, `body`, `created_at`, `updated_at`) VALUES (88, 88, 88, 88, 'Ea et eos laboriosam assumenda. Voluptatem ut molestiae quisquam ducimus voluptas et incidunt velit. Sit voluptates incidunt sapiente tenetur praesentium aspernatur et.', '1992-04-01 21:02:56', '1997-08-21 02:15:14');
INSERT INTO `reviews` (`id`, `user_id`, `project_id`, `product_id`, `body`, `created_at`, `updated_at`) VALUES (89, 89, 89, 89, 'Asperiores at quas ducimus atque repellendus maiores. Vel omnis nobis consequatur consequatur quia ad. Et ullam doloremque est minus saepe. Ex molestiae ut aperiam reiciendis ratione praesentium voluptas est.', '1985-01-12 23:35:14', '2014-08-08 14:28:34');
INSERT INTO `reviews` (`id`, `user_id`, `project_id`, `product_id`, `body`, `created_at`, `updated_at`) VALUES (90, 90, 90, 90, 'Provident et consequatur sed libero repellendus quia. Corrupti excepturi doloribus sunt voluptas tempora. Maiores qui velit iusto dolor occaecati laboriosam.', '1986-01-05 08:41:34', '1980-05-21 02:40:59');
INSERT INTO `reviews` (`id`, `user_id`, `project_id`, `product_id`, `body`, `created_at`, `updated_at`) VALUES (91, 91, 91, 91, 'Facere molestiae incidunt perferendis quisquam aut quia. Sunt et nostrum facilis culpa non nulla. Quo quaerat et neque nesciunt deserunt quo non. Voluptates fuga cumque sit dolor molestiae.', '1991-12-15 16:01:40', '2001-08-22 07:12:48');
INSERT INTO `reviews` (`id`, `user_id`, `project_id`, `product_id`, `body`, `created_at`, `updated_at`) VALUES (92, 92, 92, 92, 'Officiis voluptatem officiis aut ullam corporis similique. Delectus rem consequuntur quasi ex et. Corrupti et vel odit labore ab.', '1977-12-09 14:04:02', '1989-09-18 07:50:43');
INSERT INTO `reviews` (`id`, `user_id`, `project_id`, `product_id`, `body`, `created_at`, `updated_at`) VALUES (93, 93, 93, 93, 'Qui consequatur illo dolorum eligendi fugit aut. Occaecati tempora perspiciatis sunt ut.', '1991-07-18 03:12:27', '1986-03-23 13:06:47');
INSERT INTO `reviews` (`id`, `user_id`, `project_id`, `product_id`, `body`, `created_at`, `updated_at`) VALUES (94, 94, 94, 94, 'Inventore dignissimos delectus eum ad est eum aut et. Est qui eaque velit sed molestiae. Inventore nesciunt eum voluptatem nulla harum rem asperiores. Rerum id alias similique esse. Autem rerum suscipit facere aperiam non.', '1996-01-05 23:51:36', '1993-11-19 19:27:42');
INSERT INTO `reviews` (`id`, `user_id`, `project_id`, `product_id`, `body`, `created_at`, `updated_at`) VALUES (95, 95, 95, 95, 'Numquam consectetur nihil adipisci quia. Repellendus autem sequi ullam voluptatem occaecati. Tempore ex sit dolor hic inventore officia consequuntur neque.', '1977-06-13 13:42:16', '2003-09-14 09:27:16');
INSERT INTO `reviews` (`id`, `user_id`, `project_id`, `product_id`, `body`, `created_at`, `updated_at`) VALUES (96, 96, 96, 96, 'Pariatur quia et non possimus est eos quis. Sit voluptatem alias ea sed non consequatur esse. Vel corporis tenetur eum rerum nulla voluptas et.', '1997-02-20 14:11:45', '2008-07-01 16:06:41');
INSERT INTO `reviews` (`id`, `user_id`, `project_id`, `product_id`, `body`, `created_at`, `updated_at`) VALUES (97, 97, 97, 97, 'Libero voluptatibus quae quaerat inventore quasi. Aut beatae assumenda cumque ducimus sed unde. Eos autem dolores quia molestiae velit culpa excepturi.', '1987-07-20 06:55:30', '1982-08-18 09:51:49');
INSERT INTO `reviews` (`id`, `user_id`, `project_id`, `product_id`, `body`, `created_at`, `updated_at`) VALUES (98, 98, 98, 98, 'Qui est molestiae consequuntur autem est. Quam iusto et repellat beatae. Sunt non quibusdam est unde cupiditate voluptatum.', '1984-06-02 00:12:43', '1998-11-02 10:43:42');
INSERT INTO `reviews` (`id`, `user_id`, `project_id`, `product_id`, `body`, `created_at`, `updated_at`) VALUES (99, 99, 99, 99, 'Nam quod doloremque praesentium quam illum reprehenderit aut. Vitae velit omnis sed distinctio sit voluptas. Enim provident facere quam. Amet ut modi rerum omnis qui accusamus deserunt libero.', '2004-06-06 15:30:18', '1973-08-25 07:31:21');
INSERT INTO `reviews` (`id`, `user_id`, `project_id`, `product_id`, `body`, `created_at`, `updated_at`) VALUES (100, 100, 100, 100, 'Quam aliquam nisi corporis natus aut et. Et architecto blanditiis deleniti corporis eligendi labore. Qui voluptatibus eum est et ratione. Exercitationem numquam sapiente est numquam temporibus eum est.', '1994-01-05 21:14:03', '1994-11-14 15:19:00');


#
# TABLE STRUCTURE FOR: skill_bonds
#

DROP TABLE IF EXISTS `skill_bonds`;

CREATE TABLE `skill_bonds` (
  `skill_bond_id` int(10) unsigned NOT NULL AUTO_INCREMENT,
  `from_skill` int(10) unsigned DEFAULT NULL,
  `to_skill` int(10) unsigned NOT NULL,
  `created_at` datetime DEFAULT current_timestamp(),
  PRIMARY KEY (`skill_bond_id`),
  KEY `from_skill` (`from_skill`),
  KEY `to_skill` (`to_skill`),
  CONSTRAINT `skill_bonds_ibfk_1` FOREIGN KEY (`from_skill`) REFERENCES `skills` (`id`),
  CONSTRAINT `skill_bonds_ibfk_2` FOREIGN KEY (`to_skill`) REFERENCES `skills` (`id`)
) ENGINE=InnoDB AUTO_INCREMENT=101 DEFAULT CHARSET=utf8 COLLATE=utf8_unicode_ci;

INSERT INTO `skill_bonds` (`skill_bond_id`, `from_skill`, `to_skill`, `created_at`) VALUES (1, 1, 1, '2003-12-16 00:55:33');
INSERT INTO `skill_bonds` (`skill_bond_id`, `from_skill`, `to_skill`, `created_at`) VALUES (2, 2, 2, '2012-06-08 22:41:06');
INSERT INTO `skill_bonds` (`skill_bond_id`, `from_skill`, `to_skill`, `created_at`) VALUES (3, 3, 3, '2001-05-19 14:01:28');
INSERT INTO `skill_bonds` (`skill_bond_id`, `from_skill`, `to_skill`, `created_at`) VALUES (4, 4, 4, '2019-04-28 07:38:17');
INSERT INTO `skill_bonds` (`skill_bond_id`, `from_skill`, `to_skill`, `created_at`) VALUES (5, 5, 5, '2002-02-08 08:43:32');
INSERT INTO `skill_bonds` (`skill_bond_id`, `from_skill`, `to_skill`, `created_at`) VALUES (6, 6, 6, '1981-09-11 15:02:32');
INSERT INTO `skill_bonds` (`skill_bond_id`, `from_skill`, `to_skill`, `created_at`) VALUES (7, 7, 7, '2017-07-28 18:56:08');
INSERT INTO `skill_bonds` (`skill_bond_id`, `from_skill`, `to_skill`, `created_at`) VALUES (8, 8, 8, '1994-01-15 10:14:22');
INSERT INTO `skill_bonds` (`skill_bond_id`, `from_skill`, `to_skill`, `created_at`) VALUES (9, 9, 9, '1976-02-04 12:41:13');
INSERT INTO `skill_bonds` (`skill_bond_id`, `from_skill`, `to_skill`, `created_at`) VALUES (10, 10, 10, '2019-06-19 17:49:35');
INSERT INTO `skill_bonds` (`skill_bond_id`, `from_skill`, `to_skill`, `created_at`) VALUES (11, 11, 11, '1998-02-01 17:01:38');
INSERT INTO `skill_bonds` (`skill_bond_id`, `from_skill`, `to_skill`, `created_at`) VALUES (12, 12, 12, '1994-02-08 20:19:03');
INSERT INTO `skill_bonds` (`skill_bond_id`, `from_skill`, `to_skill`, `created_at`) VALUES (13, 13, 13, '1976-04-20 08:14:05');
INSERT INTO `skill_bonds` (`skill_bond_id`, `from_skill`, `to_skill`, `created_at`) VALUES (14, 14, 14, '1972-05-08 17:05:17');
INSERT INTO `skill_bonds` (`skill_bond_id`, `from_skill`, `to_skill`, `created_at`) VALUES (15, 15, 15, '1997-07-05 11:00:33');
INSERT INTO `skill_bonds` (`skill_bond_id`, `from_skill`, `to_skill`, `created_at`) VALUES (16, 16, 16, '1983-07-28 01:16:40');
INSERT INTO `skill_bonds` (`skill_bond_id`, `from_skill`, `to_skill`, `created_at`) VALUES (17, 17, 17, '2017-02-04 03:49:27');
INSERT INTO `skill_bonds` (`skill_bond_id`, `from_skill`, `to_skill`, `created_at`) VALUES (18, 18, 18, '1991-01-02 09:52:08');
INSERT INTO `skill_bonds` (`skill_bond_id`, `from_skill`, `to_skill`, `created_at`) VALUES (19, 19, 19, '1993-12-30 15:30:29');
INSERT INTO `skill_bonds` (`skill_bond_id`, `from_skill`, `to_skill`, `created_at`) VALUES (20, 20, 20, '1979-12-14 12:54:40');
INSERT INTO `skill_bonds` (`skill_bond_id`, `from_skill`, `to_skill`, `created_at`) VALUES (21, 21, 21, '1979-03-21 04:01:47');
INSERT INTO `skill_bonds` (`skill_bond_id`, `from_skill`, `to_skill`, `created_at`) VALUES (22, 22, 22, '2000-02-19 18:29:53');
INSERT INTO `skill_bonds` (`skill_bond_id`, `from_skill`, `to_skill`, `created_at`) VALUES (23, 23, 23, '1980-08-16 15:20:03');
INSERT INTO `skill_bonds` (`skill_bond_id`, `from_skill`, `to_skill`, `created_at`) VALUES (24, 24, 24, '1982-03-18 08:22:02');
INSERT INTO `skill_bonds` (`skill_bond_id`, `from_skill`, `to_skill`, `created_at`) VALUES (25, 25, 25, '2007-03-06 18:46:38');
INSERT INTO `skill_bonds` (`skill_bond_id`, `from_skill`, `to_skill`, `created_at`) VALUES (26, 26, 26, '1970-10-24 21:54:34');
INSERT INTO `skill_bonds` (`skill_bond_id`, `from_skill`, `to_skill`, `created_at`) VALUES (27, 27, 27, '1993-12-02 08:08:53');
INSERT INTO `skill_bonds` (`skill_bond_id`, `from_skill`, `to_skill`, `created_at`) VALUES (28, 28, 28, '2011-02-03 06:46:02');
INSERT INTO `skill_bonds` (`skill_bond_id`, `from_skill`, `to_skill`, `created_at`) VALUES (29, 29, 29, '2003-01-29 19:25:05');
INSERT INTO `skill_bonds` (`skill_bond_id`, `from_skill`, `to_skill`, `created_at`) VALUES (30, 30, 30, '2009-07-25 06:28:12');
INSERT INTO `skill_bonds` (`skill_bond_id`, `from_skill`, `to_skill`, `created_at`) VALUES (31, 31, 31, '1978-06-05 17:34:02');
INSERT INTO `skill_bonds` (`skill_bond_id`, `from_skill`, `to_skill`, `created_at`) VALUES (32, 32, 32, '2003-08-02 19:59:15');
INSERT INTO `skill_bonds` (`skill_bond_id`, `from_skill`, `to_skill`, `created_at`) VALUES (33, 33, 33, '2005-01-03 11:33:02');
INSERT INTO `skill_bonds` (`skill_bond_id`, `from_skill`, `to_skill`, `created_at`) VALUES (34, 34, 34, '1972-04-30 12:08:03');
INSERT INTO `skill_bonds` (`skill_bond_id`, `from_skill`, `to_skill`, `created_at`) VALUES (35, 35, 35, '1981-10-01 09:22:32');
INSERT INTO `skill_bonds` (`skill_bond_id`, `from_skill`, `to_skill`, `created_at`) VALUES (36, 36, 36, '1987-03-17 09:22:25');
INSERT INTO `skill_bonds` (`skill_bond_id`, `from_skill`, `to_skill`, `created_at`) VALUES (37, 37, 37, '2001-08-16 15:49:25');
INSERT INTO `skill_bonds` (`skill_bond_id`, `from_skill`, `to_skill`, `created_at`) VALUES (38, 38, 38, '2007-06-11 08:05:39');
INSERT INTO `skill_bonds` (`skill_bond_id`, `from_skill`, `to_skill`, `created_at`) VALUES (39, 39, 39, '1991-02-01 10:19:55');
INSERT INTO `skill_bonds` (`skill_bond_id`, `from_skill`, `to_skill`, `created_at`) VALUES (40, 40, 40, '2010-03-19 05:42:59');
INSERT INTO `skill_bonds` (`skill_bond_id`, `from_skill`, `to_skill`, `created_at`) VALUES (41, 41, 41, '1983-07-16 15:24:13');
INSERT INTO `skill_bonds` (`skill_bond_id`, `from_skill`, `to_skill`, `created_at`) VALUES (42, 42, 42, '2018-11-14 11:21:20');
INSERT INTO `skill_bonds` (`skill_bond_id`, `from_skill`, `to_skill`, `created_at`) VALUES (43, 43, 43, '2012-07-12 18:24:52');
INSERT INTO `skill_bonds` (`skill_bond_id`, `from_skill`, `to_skill`, `created_at`) VALUES (44, 44, 44, '2008-11-22 07:57:20');
INSERT INTO `skill_bonds` (`skill_bond_id`, `from_skill`, `to_skill`, `created_at`) VALUES (45, 45, 45, '1996-04-15 18:24:10');
INSERT INTO `skill_bonds` (`skill_bond_id`, `from_skill`, `to_skill`, `created_at`) VALUES (46, 46, 46, '1975-03-01 07:11:23');
INSERT INTO `skill_bonds` (`skill_bond_id`, `from_skill`, `to_skill`, `created_at`) VALUES (47, 47, 47, '2013-07-02 23:26:11');
INSERT INTO `skill_bonds` (`skill_bond_id`, `from_skill`, `to_skill`, `created_at`) VALUES (48, 48, 48, '1985-10-16 05:34:21');
INSERT INTO `skill_bonds` (`skill_bond_id`, `from_skill`, `to_skill`, `created_at`) VALUES (49, 49, 49, '1987-12-07 20:28:01');
INSERT INTO `skill_bonds` (`skill_bond_id`, `from_skill`, `to_skill`, `created_at`) VALUES (50, 50, 50, '1977-05-12 05:51:33');
INSERT INTO `skill_bonds` (`skill_bond_id`, `from_skill`, `to_skill`, `created_at`) VALUES (51, 51, 51, '2011-06-19 19:05:30');
INSERT INTO `skill_bonds` (`skill_bond_id`, `from_skill`, `to_skill`, `created_at`) VALUES (52, 52, 52, '1994-02-28 20:27:17');
INSERT INTO `skill_bonds` (`skill_bond_id`, `from_skill`, `to_skill`, `created_at`) VALUES (53, 53, 53, '2011-09-09 16:55:29');
INSERT INTO `skill_bonds` (`skill_bond_id`, `from_skill`, `to_skill`, `created_at`) VALUES (54, 54, 54, '1982-02-11 11:03:07');
INSERT INTO `skill_bonds` (`skill_bond_id`, `from_skill`, `to_skill`, `created_at`) VALUES (55, 55, 55, '2007-09-06 07:35:28');
INSERT INTO `skill_bonds` (`skill_bond_id`, `from_skill`, `to_skill`, `created_at`) VALUES (56, 56, 56, '1995-06-05 09:40:40');
INSERT INTO `skill_bonds` (`skill_bond_id`, `from_skill`, `to_skill`, `created_at`) VALUES (57, 57, 57, '1990-06-10 08:51:13');
INSERT INTO `skill_bonds` (`skill_bond_id`, `from_skill`, `to_skill`, `created_at`) VALUES (58, 58, 58, '1988-11-13 13:31:11');
INSERT INTO `skill_bonds` (`skill_bond_id`, `from_skill`, `to_skill`, `created_at`) VALUES (59, 59, 59, '1986-03-01 04:54:06');
INSERT INTO `skill_bonds` (`skill_bond_id`, `from_skill`, `to_skill`, `created_at`) VALUES (60, 60, 60, '1980-10-02 18:02:15');
INSERT INTO `skill_bonds` (`skill_bond_id`, `from_skill`, `to_skill`, `created_at`) VALUES (61, 61, 61, '1970-02-17 00:14:07');
INSERT INTO `skill_bonds` (`skill_bond_id`, `from_skill`, `to_skill`, `created_at`) VALUES (62, 62, 62, '1992-01-29 22:47:01');
INSERT INTO `skill_bonds` (`skill_bond_id`, `from_skill`, `to_skill`, `created_at`) VALUES (63, 63, 63, '2012-04-02 15:57:18');
INSERT INTO `skill_bonds` (`skill_bond_id`, `from_skill`, `to_skill`, `created_at`) VALUES (64, 64, 64, '1985-08-25 19:02:54');
INSERT INTO `skill_bonds` (`skill_bond_id`, `from_skill`, `to_skill`, `created_at`) VALUES (65, 65, 65, '2000-04-07 04:19:02');
INSERT INTO `skill_bonds` (`skill_bond_id`, `from_skill`, `to_skill`, `created_at`) VALUES (66, 66, 66, '1985-09-14 11:04:20');
INSERT INTO `skill_bonds` (`skill_bond_id`, `from_skill`, `to_skill`, `created_at`) VALUES (67, 67, 67, '2000-08-29 00:40:49');
INSERT INTO `skill_bonds` (`skill_bond_id`, `from_skill`, `to_skill`, `created_at`) VALUES (68, 68, 68, '1983-10-06 21:30:09');
INSERT INTO `skill_bonds` (`skill_bond_id`, `from_skill`, `to_skill`, `created_at`) VALUES (69, 69, 69, '1981-11-11 17:31:58');
INSERT INTO `skill_bonds` (`skill_bond_id`, `from_skill`, `to_skill`, `created_at`) VALUES (70, 70, 70, '2017-05-24 03:18:49');
INSERT INTO `skill_bonds` (`skill_bond_id`, `from_skill`, `to_skill`, `created_at`) VALUES (71, 71, 71, '2006-12-22 04:04:31');
INSERT INTO `skill_bonds` (`skill_bond_id`, `from_skill`, `to_skill`, `created_at`) VALUES (72, 72, 72, '1990-01-07 15:58:59');
INSERT INTO `skill_bonds` (`skill_bond_id`, `from_skill`, `to_skill`, `created_at`) VALUES (73, 73, 73, '1981-01-28 08:56:24');
INSERT INTO `skill_bonds` (`skill_bond_id`, `from_skill`, `to_skill`, `created_at`) VALUES (74, 74, 74, '1972-12-23 21:23:56');
INSERT INTO `skill_bonds` (`skill_bond_id`, `from_skill`, `to_skill`, `created_at`) VALUES (75, 75, 75, '1982-01-19 09:02:57');
INSERT INTO `skill_bonds` (`skill_bond_id`, `from_skill`, `to_skill`, `created_at`) VALUES (76, 76, 76, '2015-01-03 10:16:38');
INSERT INTO `skill_bonds` (`skill_bond_id`, `from_skill`, `to_skill`, `created_at`) VALUES (77, 77, 77, '2005-11-05 00:40:02');
INSERT INTO `skill_bonds` (`skill_bond_id`, `from_skill`, `to_skill`, `created_at`) VALUES (78, 78, 78, '1974-11-25 07:17:19');
INSERT INTO `skill_bonds` (`skill_bond_id`, `from_skill`, `to_skill`, `created_at`) VALUES (79, 79, 79, '1989-03-27 01:09:32');
INSERT INTO `skill_bonds` (`skill_bond_id`, `from_skill`, `to_skill`, `created_at`) VALUES (80, 80, 80, '2012-08-28 16:38:53');
INSERT INTO `skill_bonds` (`skill_bond_id`, `from_skill`, `to_skill`, `created_at`) VALUES (81, 81, 81, '2009-08-22 03:49:43');
INSERT INTO `skill_bonds` (`skill_bond_id`, `from_skill`, `to_skill`, `created_at`) VALUES (82, 82, 82, '1985-01-29 04:07:58');
INSERT INTO `skill_bonds` (`skill_bond_id`, `from_skill`, `to_skill`, `created_at`) VALUES (83, 83, 83, '1998-07-26 22:55:25');
INSERT INTO `skill_bonds` (`skill_bond_id`, `from_skill`, `to_skill`, `created_at`) VALUES (84, 84, 84, '1980-12-08 00:46:09');
INSERT INTO `skill_bonds` (`skill_bond_id`, `from_skill`, `to_skill`, `created_at`) VALUES (85, 85, 85, '2019-06-08 17:47:53');
INSERT INTO `skill_bonds` (`skill_bond_id`, `from_skill`, `to_skill`, `created_at`) VALUES (86, 86, 86, '2003-07-01 02:32:28');
INSERT INTO `skill_bonds` (`skill_bond_id`, `from_skill`, `to_skill`, `created_at`) VALUES (87, 87, 87, '1985-07-15 16:00:24');
INSERT INTO `skill_bonds` (`skill_bond_id`, `from_skill`, `to_skill`, `created_at`) VALUES (88, 88, 88, '2014-10-03 14:04:56');
INSERT INTO `skill_bonds` (`skill_bond_id`, `from_skill`, `to_skill`, `created_at`) VALUES (89, 89, 89, '2011-02-16 18:40:10');
INSERT INTO `skill_bonds` (`skill_bond_id`, `from_skill`, `to_skill`, `created_at`) VALUES (90, 90, 90, '1988-01-04 00:29:05');
INSERT INTO `skill_bonds` (`skill_bond_id`, `from_skill`, `to_skill`, `created_at`) VALUES (91, 91, 91, '1976-07-21 21:06:32');
INSERT INTO `skill_bonds` (`skill_bond_id`, `from_skill`, `to_skill`, `created_at`) VALUES (92, 92, 92, '1981-07-20 19:20:12');
INSERT INTO `skill_bonds` (`skill_bond_id`, `from_skill`, `to_skill`, `created_at`) VALUES (93, 93, 93, '1988-11-22 19:14:56');
INSERT INTO `skill_bonds` (`skill_bond_id`, `from_skill`, `to_skill`, `created_at`) VALUES (94, 94, 94, '2006-06-30 09:28:08');
INSERT INTO `skill_bonds` (`skill_bond_id`, `from_skill`, `to_skill`, `created_at`) VALUES (95, 95, 95, '1980-10-30 04:09:33');
INSERT INTO `skill_bonds` (`skill_bond_id`, `from_skill`, `to_skill`, `created_at`) VALUES (96, 96, 96, '1995-02-24 04:49:01');
INSERT INTO `skill_bonds` (`skill_bond_id`, `from_skill`, `to_skill`, `created_at`) VALUES (97, 97, 97, '2002-10-25 14:45:02');
INSERT INTO `skill_bonds` (`skill_bond_id`, `from_skill`, `to_skill`, `created_at`) VALUES (98, 98, 98, '2012-05-26 14:47:03');
INSERT INTO `skill_bonds` (`skill_bond_id`, `from_skill`, `to_skill`, `created_at`) VALUES (99, 99, 99, '1977-11-14 01:41:30');
INSERT INTO `skill_bonds` (`skill_bond_id`, `from_skill`, `to_skill`, `created_at`) VALUES (100, 100, 100, '1997-12-12 09:02:17');


#
# TABLE STRUCTURE FOR: skills
#

DROP TABLE IF EXISTS `skills`;

CREATE TABLE `skills` (
  `id` int(10) unsigned NOT NULL AUTO_INCREMENT,
  `added_by` int(10) unsigned NOT NULL,
  `name` varchar(150) COLLATE utf8_unicode_ci NOT NULL,
  `description` text COLLATE utf8_unicode_ci NOT NULL,
  PRIMARY KEY (`id`),
  KEY `name` (`name`),
  KEY `added_by` (`added_by`),
  CONSTRAINT `skills_ibfk_1` FOREIGN KEY (`added_by`) REFERENCES `users` (`id`)
) ENGINE=InnoDB AUTO_INCREMENT=101 DEFAULT CHARSET=utf8 COLLATE=utf8_unicode_ci;

INSERT INTO `skills` (`id`, `added_by`, `name`, `description`) VALUES (1, 1, 'necessitatibus', 'Est recusandae assumenda veritatis laborum saepe accusantium. Aut dignissimos exercitationem accusamus porro. Quasi accusamus et et vel aut ullam. Nihil ipsum dignissimos distinctio voluptatem temporibus ea.');
INSERT INTO `skills` (`id`, `added_by`, `name`, `description`) VALUES (2, 2, 'quos', 'Voluptatem nulla repudiandae corrupti eius hic quisquam. Qui delectus tempore ut iusto mollitia quisquam fuga. Qui nam occaecati cum nihil nihil debitis autem. Quia unde inventore sit pariatur id eos aperiam.');
INSERT INTO `skills` (`id`, `added_by`, `name`, `description`) VALUES (3, 3, 'omnis', 'Dicta et nesciunt et culpa qui quasi autem. Veritatis modi autem ut alias. Praesentium eum optio aut sed sit culpa. Ratione qui quos quo atque sint explicabo saepe.');
INSERT INTO `skills` (`id`, `added_by`, `name`, `description`) VALUES (4, 4, 'aut', 'Nihil voluptatem aut laboriosam earum. Explicabo magni molestiae necessitatibus culpa. Error sint sunt eum. Veritatis non quae ullam error odio a.');
INSERT INTO `skills` (`id`, `added_by`, `name`, `description`) VALUES (5, 5, 'illum', 'Dolores illum numquam accusamus ad animi. Omnis culpa ut quas sit amet. Veritatis fugiat pariatur inventore. Et numquam non dolores pariatur necessitatibus.');
INSERT INTO `skills` (`id`, `added_by`, `name`, `description`) VALUES (6, 6, 'porro', 'Aut debitis omnis quasi voluptas. Reprehenderit cumque consequatur dolore. Reprehenderit qui dolor omnis ullam enim blanditiis aliquam.');
INSERT INTO `skills` (`id`, `added_by`, `name`, `description`) VALUES (7, 7, 'temporibus', 'Repellat non veniam quia rerum occaecati ipsam. Error rerum et praesentium adipisci alias. Veritatis officiis incidunt est possimus consectetur deleniti a.');
INSERT INTO `skills` (`id`, `added_by`, `name`, `description`) VALUES (8, 8, 'minima', 'Rerum eligendi velit et qui pariatur. Et modi magni ea optio consequatur reprehenderit exercitationem. Esse ea aut ea perferendis provident neque.');
INSERT INTO `skills` (`id`, `added_by`, `name`, `description`) VALUES (9, 9, 'atque', 'Ex asperiores iure natus autem modi quisquam. Libero consequatur laborum soluta distinctio. Nihil quos perspiciatis molestiae facilis neque.');
INSERT INTO `skills` (`id`, `added_by`, `name`, `description`) VALUES (10, 10, 'recusandae', 'Cupiditate eos eius eum unde omnis autem. Earum enim saepe ut dolores expedita rerum. Harum voluptas repudiandae rerum sapiente nam eum eius nam. Quod nisi voluptatum est esse autem quo vitae.');
INSERT INTO `skills` (`id`, `added_by`, `name`, `description`) VALUES (11, 11, 'sed', 'Porro alias ratione qui corporis. Aut illum libero voluptate libero. Voluptate quidem quis officiis non veritatis quo praesentium consectetur. Qui nam maiores ducimus consequatur.');
INSERT INTO `skills` (`id`, `added_by`, `name`, `description`) VALUES (12, 12, 'repellendus', 'Voluptates incidunt est quidem modi nesciunt corporis vitae. Odit voluptas laboriosam veritatis pariatur ex ut expedita vel. Quis quam inventore non rem fuga. Illo veniam dicta ex amet officiis officia mollitia. Necessitatibus esse atque suscipit reprehenderit.');
INSERT INTO `skills` (`id`, `added_by`, `name`, `description`) VALUES (13, 13, 'placeat', 'Assumenda explicabo et ipsum odit. Eaque perferendis error dolore. Laborum rerum et iure odio. Omnis enim tenetur ipsum ut pariatur.');
INSERT INTO `skills` (`id`, `added_by`, `name`, `description`) VALUES (14, 14, 'et', 'Quia et et provident fugiat. Doloribus ut sint ut earum soluta quia. Possimus et magni consequuntur qui esse quis eligendi.');
INSERT INTO `skills` (`id`, `added_by`, `name`, `description`) VALUES (15, 15, 'totam', 'Incidunt vero sequi cum. Pariatur ab ad et ut laborum. Omnis officiis recusandae voluptate dolorem sed consequuntur.');
INSERT INTO `skills` (`id`, `added_by`, `name`, `description`) VALUES (16, 16, 'exercitationem', 'Vel odio omnis ex velit corrupti quas quibusdam. Ipsa sed dolorum nostrum distinctio voluptas. Commodi consequatur officia possimus ipsum.');
INSERT INTO `skills` (`id`, `added_by`, `name`, `description`) VALUES (17, 17, 'porro', 'Omnis et in similique occaecati veniam. Est iusto quod nobis provident iste ea voluptatem velit. Aut quas rerum dolorem.');
INSERT INTO `skills` (`id`, `added_by`, `name`, `description`) VALUES (18, 18, 'quis', 'Id explicabo ab eius est amet aut delectus. Architecto molestiae dolor ullam delectus eligendi praesentium earum. Ea et qui et voluptatibus aut. Natus consectetur inventore quos quia similique occaecati quia.');
INSERT INTO `skills` (`id`, `added_by`, `name`, `description`) VALUES (19, 19, 'sit', 'Voluptatum aperiam ut similique nam. Praesentium sint officia hic laudantium. Qui qui illo fugit et odit.');
INSERT INTO `skills` (`id`, `added_by`, `name`, `description`) VALUES (20, 20, 'consequatur', 'Fugiat et voluptate dolore expedita exercitationem doloribus. Officiis odio quaerat quo voluptatem incidunt. Sit saepe sed aut nulla nostrum labore inventore.');
INSERT INTO `skills` (`id`, `added_by`, `name`, `description`) VALUES (21, 21, 'magnam', 'Quod ratione rerum error officia et dicta modi. Maxime aut ipsam harum magnam vitae vero minima et. Sed quia amet illum dolorem vel.');
INSERT INTO `skills` (`id`, `added_by`, `name`, `description`) VALUES (22, 22, 'aut', 'Perferendis ipsa voluptates ut nam perferendis. Expedita facere beatae consectetur omnis necessitatibus necessitatibus sapiente. Omnis odio harum placeat est voluptatem rerum magnam. Sed blanditiis facilis omnis necessitatibus cumque.');
INSERT INTO `skills` (`id`, `added_by`, `name`, `description`) VALUES (23, 23, 'exercitationem', 'Minus voluptate quae dolore sunt repellendus. Autem soluta qui est qui laboriosam eos. Molestiae reiciendis et sed et debitis similique et.');
INSERT INTO `skills` (`id`, `added_by`, `name`, `description`) VALUES (24, 24, 'alias', 'Et blanditiis modi quos consequuntur. Facere ut necessitatibus voluptatem distinctio.');
INSERT INTO `skills` (`id`, `added_by`, `name`, `description`) VALUES (25, 25, 'ut', 'Distinctio voluptas deleniti aperiam amet est. Temporibus rerum aut enim hic et. Quae aut nesciunt animi eaque ut.');
INSERT INTO `skills` (`id`, `added_by`, `name`, `description`) VALUES (26, 26, 'ut', 'Ut molestiae in enim veritatis sunt et id. Ea neque natus deserunt quas. Ipsa molestias quia accusamus aut dolores voluptatem. Voluptatibus occaecati reiciendis aliquid voluptatum.');
INSERT INTO `skills` (`id`, `added_by`, `name`, `description`) VALUES (27, 27, 'ut', 'Eaque quasi minima et autem aut. Explicabo delectus quas sapiente quia qui unde sed quis.');
INSERT INTO `skills` (`id`, `added_by`, `name`, `description`) VALUES (28, 28, 'vero', 'Ut quos reprehenderit in numquam accusantium soluta cum. Et quaerat repellendus sunt ea iure quae vero. Ratione dicta sapiente accusantium aut incidunt fugiat libero animi.');
INSERT INTO `skills` (`id`, `added_by`, `name`, `description`) VALUES (29, 29, 'non', 'Nobis sed mollitia pariatur. Quos est neque est harum qui libero ut voluptatum.');
INSERT INTO `skills` (`id`, `added_by`, `name`, `description`) VALUES (30, 30, 'praesentium', 'Totam ipsum id voluptatem quasi itaque quis asperiores. Suscipit aliquid deserunt hic sapiente. Totam aliquid a quo porro error. Id libero sed animi maiores quam.');
INSERT INTO `skills` (`id`, `added_by`, `name`, `description`) VALUES (31, 31, 'quibusdam', 'Et veniam necessitatibus omnis quia sunt magnam ex. Odio hic aut incidunt deserunt facere quaerat autem. Explicabo nam aliquid similique nulla voluptate inventore. Placeat assumenda qui eos nihil illo temporibus quia.');
INSERT INTO `skills` (`id`, `added_by`, `name`, `description`) VALUES (32, 32, 'distinctio', 'Dolorum repellendus vero aut aut. Fuga aliquam rerum deserunt saepe dolores rerum dolore. Reprehenderit et laborum qui fuga voluptatem quod.');
INSERT INTO `skills` (`id`, `added_by`, `name`, `description`) VALUES (33, 33, 'ut', 'Et quod cum magni aut. Dicta laborum totam et tenetur autem voluptas rerum. Dolor fugiat rem praesentium necessitatibus voluptas ipsam maxime nisi.');
INSERT INTO `skills` (`id`, `added_by`, `name`, `description`) VALUES (34, 34, 'reprehenderit', 'Quis rerum nihil quo eius nihil. Animi at et magnam ad qui. Velit tempore qui quia enim reiciendis a illo totam.');
INSERT INTO `skills` (`id`, `added_by`, `name`, `description`) VALUES (35, 35, 'delectus', 'Exercitationem non rerum ut temporibus veniam fugiat animi. Ut repellat rem aut eveniet numquam. Harum dolorem id autem ut.');
INSERT INTO `skills` (`id`, `added_by`, `name`, `description`) VALUES (36, 36, 'eaque', 'Similique velit sunt voluptates saepe consequatur et aliquam. Fugiat quos quo alias eos quas vero fuga. Veniam id dolorem officiis rerum.');
INSERT INTO `skills` (`id`, `added_by`, `name`, `description`) VALUES (37, 37, 'sit', 'Pariatur aut in rem omnis mollitia expedita ipsum. Tempora officiis ex quia et optio. Consequatur placeat vel vero vitae est nisi expedita et.');
INSERT INTO `skills` (`id`, `added_by`, `name`, `description`) VALUES (38, 38, 'ratione', 'Voluptates accusamus itaque molestiae enim. Et fugit voluptas maiores perferendis blanditiis eos minus. Molestias a eligendi autem voluptatem quia possimus et.');
INSERT INTO `skills` (`id`, `added_by`, `name`, `description`) VALUES (39, 39, 'voluptatum', 'Vel neque tenetur odio ea provident. Reiciendis sint dolorem ut. Nihil aliquam voluptatem voluptate sit nihil.');
INSERT INTO `skills` (`id`, `added_by`, `name`, `description`) VALUES (40, 40, 'laboriosam', 'Iusto quas minus dolor aliquid perferendis. Ut nesciunt aperiam ut ut recusandae.');
INSERT INTO `skills` (`id`, `added_by`, `name`, `description`) VALUES (41, 41, 'officiis', 'Et eveniet unde quam dolorem. Ut ut doloremque voluptas. Aut autem tenetur magni eos. Porro debitis molestias eos nostrum nisi alias esse. Nam quod ad et cupiditate dolores expedita delectus.');
INSERT INTO `skills` (`id`, `added_by`, `name`, `description`) VALUES (42, 42, 'facilis', 'Iure suscipit blanditiis et. Error magnam atque nihil alias. Doloribus atque qui voluptatibus ea. Officiis autem provident minus nisi eaque totam harum et.');
INSERT INTO `skills` (`id`, `added_by`, `name`, `description`) VALUES (43, 43, 'et', 'Non aut repudiandae recusandae. Adipisci ut voluptatem sint. Ut et dolorem sed amet ut.');
INSERT INTO `skills` (`id`, `added_by`, `name`, `description`) VALUES (44, 44, 'aperiam', 'Ipsa iste cum magnam est. Tempore quasi nobis omnis ea sed totam perspiciatis. Consectetur qui doloremque et odit aspernatur. Sit distinctio aliquam aut sed totam omnis officiis iusto.');
INSERT INTO `skills` (`id`, `added_by`, `name`, `description`) VALUES (45, 45, 'quibusdam', 'Aliquid ducimus enim voluptatem natus error qui. Repellat consequatur fuga officia impedit dolorem. Quas quo expedita sit soluta. Itaque et sint molestiae.');
INSERT INTO `skills` (`id`, `added_by`, `name`, `description`) VALUES (46, 46, 'harum', 'In eius illo ad facilis totam. Necessitatibus placeat harum voluptatibus et.');
INSERT INTO `skills` (`id`, `added_by`, `name`, `description`) VALUES (47, 47, 'incidunt', 'Vel quod eos est aut quaerat debitis nobis. Totam quia aut adipisci suscipit cum qui. Officia dolore harum quod aut quam neque.');
INSERT INTO `skills` (`id`, `added_by`, `name`, `description`) VALUES (48, 48, 'iure', 'Quo totam eos porro et. Magni maxime earum blanditiis nihil vitae corporis. In eos et voluptas qui beatae ut officiis. Nostrum et sint neque sit.');
INSERT INTO `skills` (`id`, `added_by`, `name`, `description`) VALUES (49, 49, 'autem', 'Consequatur aut optio quis deleniti magnam vitae et. Ipsam aliquid aut debitis qui et excepturi nulla. Voluptatem sed omnis molestiae vero. Tempora quaerat cumque quas reiciendis expedita est quia.');
INSERT INTO `skills` (`id`, `added_by`, `name`, `description`) VALUES (50, 50, 'at', 'Voluptatem eum ab beatae exercitationem. Explicabo nesciunt et neque sapiente qui voluptate.');
INSERT INTO `skills` (`id`, `added_by`, `name`, `description`) VALUES (51, 51, 'tenetur', 'Quisquam dolorem consequatur velit numquam voluptatem aperiam qui. Quidem perspiciatis aut ut qui omnis minima. Voluptatem incidunt qui assumenda eos voluptates maxime. Tempore exercitationem a necessitatibus qui dolorem enim veniam. Nostrum libero repudiandae quos eos accusamus.');
INSERT INTO `skills` (`id`, `added_by`, `name`, `description`) VALUES (52, 52, 'consequuntur', 'Aperiam dolores nesciunt rem fugiat nemo tempore. Nesciunt aut iure dicta repellendus dolor ducimus officiis quia. Sequi fuga sequi velit quidem sit.');
INSERT INTO `skills` (`id`, `added_by`, `name`, `description`) VALUES (53, 53, 'voluptas', 'Voluptatem omnis recusandae magnam est aperiam ipsum voluptas. Sint odit sint voluptatibus nulla et. Aspernatur eius nesciunt suscipit tenetur similique nostrum.');
INSERT INTO `skills` (`id`, `added_by`, `name`, `description`) VALUES (54, 54, 'occaecati', 'Similique labore voluptate necessitatibus quo et quaerat. Quaerat omnis saepe minima ea. Et omnis eligendi ut et. Consequatur voluptatem mollitia fugiat nesciunt.');
INSERT INTO `skills` (`id`, `added_by`, `name`, `description`) VALUES (55, 55, 'culpa', 'Repudiandae suscipit quasi est quaerat quasi ipsa. Ut eum accusamus laborum fugit. Maiores id quae recusandae et voluptatem voluptatem. Est consequatur repellendus libero adipisci et aperiam.');
INSERT INTO `skills` (`id`, `added_by`, `name`, `description`) VALUES (56, 56, 'tempore', 'Doloribus atque a a mollitia quidem velit. Commodi ut veniam sed accusantium libero. Molestiae ipsum animi et maiores. Consequuntur ea ea ratione cum praesentium.');
INSERT INTO `skills` (`id`, `added_by`, `name`, `description`) VALUES (57, 57, 'voluptatum', 'Repellat velit repellendus dolor. Est neque natus similique. Quia molestias quaerat doloribus eveniet qui voluptatem sit. Commodi ad culpa ab eum molestiae aliquam.');
INSERT INTO `skills` (`id`, `added_by`, `name`, `description`) VALUES (58, 58, 'odit', 'Quia non ratione natus animi a vero numquam. Dolorum quas id iste ea. Expedita quis modi quas dolores perspiciatis. Ab ullam atque sit totam deserunt in assumenda.');
INSERT INTO `skills` (`id`, `added_by`, `name`, `description`) VALUES (59, 59, 'velit', 'Molestiae quas voluptas nesciunt quidem et quisquam. Doloribus voluptas cumque aut ut nihil.');
INSERT INTO `skills` (`id`, `added_by`, `name`, `description`) VALUES (60, 60, 'ducimus', 'Veniam ea totam debitis voluptas reiciendis. Et eligendi id nihil quae. Iusto vitae sunt tempora molestiae. Sunt quo distinctio iste quae quo id. Rerum sint qui et.');
INSERT INTO `skills` (`id`, `added_by`, `name`, `description`) VALUES (61, 61, 'laudantium', 'Cum quod dolores voluptates omnis sunt rem consequuntur molestiae. Quo aspernatur sunt ab necessitatibus aut. Eum explicabo ipsa et vitae eveniet rerum id.');
INSERT INTO `skills` (`id`, `added_by`, `name`, `description`) VALUES (62, 62, 'praesentium', 'Temporibus aperiam placeat ut molestiae et labore rerum. Sint nisi dignissimos eos error. Sit est et sit.');
INSERT INTO `skills` (`id`, `added_by`, `name`, `description`) VALUES (63, 63, 'ea', 'Quia nobis voluptate inventore ducimus eos. Libero quia quis sit est.');
INSERT INTO `skills` (`id`, `added_by`, `name`, `description`) VALUES (64, 64, 'consequuntur', 'Voluptatem iusto et sit iusto tempora. Voluptatum quisquam eaque dicta consequatur porro. Quam et molestias ut voluptatem. Nulla ut aut nihil eum nam veritatis.');
INSERT INTO `skills` (`id`, `added_by`, `name`, `description`) VALUES (65, 65, 'vitae', 'Laudantium alias iure quo nobis. Blanditiis mollitia blanditiis tenetur quod nihil. Hic ut aperiam sit ut aut ea. Id suscipit cum reiciendis aut assumenda.');
INSERT INTO `skills` (`id`, `added_by`, `name`, `description`) VALUES (66, 66, 'eos', 'Ab inventore repudiandae accusantium perspiciatis libero. Nostrum et quas libero libero dignissimos est. Vero nesciunt nihil consequuntur. Deleniti nihil nulla accusamus.');
INSERT INTO `skills` (`id`, `added_by`, `name`, `description`) VALUES (67, 67, 'facere', 'Explicabo quibusdam quae vel praesentium ea est culpa. Atque temporibus et nisi molestiae quia debitis dignissimos. Aperiam ullam numquam voluptas illum maiores.');
INSERT INTO `skills` (`id`, `added_by`, `name`, `description`) VALUES (68, 68, 'nisi', 'Qui voluptates et neque porro quo. Qui esse iure assumenda et quo sed voluptatibus. Alias voluptatem cumque sequi velit non.');
INSERT INTO `skills` (`id`, `added_by`, `name`, `description`) VALUES (69, 69, 'ut', 'Ut natus veniam cupiditate fugit quaerat officiis. Quia beatae ut molestiae et. Molestiae quas autem eum quaerat cum. Qui et omnis dolorem voluptas voluptatem.');
INSERT INTO `skills` (`id`, `added_by`, `name`, `description`) VALUES (70, 70, 'ut', 'Ipsum eos ullam est iusto sint provident. Quia sint laboriosam reiciendis. Omnis voluptas occaecati assumenda minus.');
INSERT INTO `skills` (`id`, `added_by`, `name`, `description`) VALUES (71, 71, 'veniam', 'Odio delectus maxime dolore enim vero veniam. Eveniet dolores qui sequi voluptatem. Est distinctio unde aut molestias dolor vel. Totam perspiciatis sed aperiam. Autem qui sit culpa beatae.');
INSERT INTO `skills` (`id`, `added_by`, `name`, `description`) VALUES (72, 72, 'voluptatem', 'Ea itaque in aut dolorum facilis. Adipisci impedit et quia dolores quod incidunt non et. Aliquid qui quae odit et et odit ab.');
INSERT INTO `skills` (`id`, `added_by`, `name`, `description`) VALUES (73, 73, 'ullam', 'Dolorum perspiciatis adipisci incidunt facere sit dolorem incidunt. Ut ut illum aut molestiae assumenda harum aut. Consequatur assumenda reprehenderit est ab. Illo quia est qui molestias molestiae qui perferendis.');
INSERT INTO `skills` (`id`, `added_by`, `name`, `description`) VALUES (74, 74, 'asperiores', 'Eius in ab eligendi modi quibusdam ducimus assumenda. Accusantium qui qui officiis vel rerum reprehenderit enim. Omnis et dolorem aperiam eum omnis. Quaerat aspernatur necessitatibus et. Eum quo praesentium aut qui amet et autem.');
INSERT INTO `skills` (`id`, `added_by`, `name`, `description`) VALUES (75, 75, 'aspernatur', 'Velit animi et accusantium eveniet rerum voluptas. Necessitatibus sed placeat voluptas iste fuga. Quaerat aut veritatis et amet.');
INSERT INTO `skills` (`id`, `added_by`, `name`, `description`) VALUES (76, 76, 'placeat', 'Et repellat impedit doloribus ipsa. Iste dolore dolores consectetur sit fuga labore voluptas. Id deserunt magnam ratione perspiciatis consectetur consequatur. Accusamus et doloribus doloribus est accusantium quis sit fuga.');
INSERT INTO `skills` (`id`, `added_by`, `name`, `description`) VALUES (77, 77, 'repudiandae', 'Ullam est rerum qui dignissimos porro. In corporis rem incidunt quos voluptate quo perspiciatis. Facere debitis et eos voluptas veritatis rerum. Ipsum earum voluptatibus ad.');
INSERT INTO `skills` (`id`, `added_by`, `name`, `description`) VALUES (78, 78, 'a', 'Nam consequatur voluptatem illo quas. In porro in totam laborum doloremque laudantium. Ea voluptas a sit consectetur placeat a dolor.');
INSERT INTO `skills` (`id`, `added_by`, `name`, `description`) VALUES (79, 79, 'nihil', 'Omnis provident voluptates sit et eius. Ipsam quibusdam blanditiis et laboriosam quia sint. Non error molestias fuga omnis illo magni blanditiis. Provident et error mollitia tenetur qui fugiat.');
INSERT INTO `skills` (`id`, `added_by`, `name`, `description`) VALUES (80, 80, 'laboriosam', 'Aut quis ipsum ut. Est expedita sed molestiae.');
INSERT INTO `skills` (`id`, `added_by`, `name`, `description`) VALUES (81, 81, 'voluptatibus', 'Natus asperiores vero quia in perferendis. In est natus et voluptatem aut repellat enim. Exercitationem distinctio est dolorem omnis occaecati.');
INSERT INTO `skills` (`id`, `added_by`, `name`, `description`) VALUES (82, 82, 'possimus', 'Qui facere odit voluptas occaecati esse non. Facilis minima officia necessitatibus. Sunt perferendis unde accusantium ad nulla doloremque. Qui voluptatem itaque vel praesentium soluta. Accusamus nesciunt voluptate fugiat qui ut tempore.');
INSERT INTO `skills` (`id`, `added_by`, `name`, `description`) VALUES (83, 83, 'dolore', 'Deleniti dignissimos porro perspiciatis aut cum aut. Nesciunt aspernatur aut eos animi fugit quia. Molestiae deleniti aspernatur labore. Labore aut dolore itaque.');
INSERT INTO `skills` (`id`, `added_by`, `name`, `description`) VALUES (84, 84, 'et', 'Ducimus nostrum est assumenda vero. Blanditiis sequi aut voluptatem ut perspiciatis suscipit blanditiis. Soluta porro vero inventore. Sed quas asperiores deleniti dolor in.');
INSERT INTO `skills` (`id`, `added_by`, `name`, `description`) VALUES (85, 85, 'iste', 'Laborum vero nisi qui fugit. Omnis a velit sit eos modi molestiae earum mollitia.');
INSERT INTO `skills` (`id`, `added_by`, `name`, `description`) VALUES (86, 86, 'vero', 'Et et et ratione eius. Qui ut rerum omnis quia. Unde itaque enim sit impedit quo sapiente ad molestiae. Qui ratione quia quia aut nihil iste libero.');
INSERT INTO `skills` (`id`, `added_by`, `name`, `description`) VALUES (87, 87, 'quasi', 'Ipsa illum fuga non vero. Saepe optio et neque autem sapiente ut enim. Dignissimos natus perspiciatis voluptates.');
INSERT INTO `skills` (`id`, `added_by`, `name`, `description`) VALUES (88, 88, 'officiis', 'Nisi enim accusamus eum non. Modi et qui est numquam. Ullam unde architecto impedit consequatur nihil. Vero enim et eaque error suscipit non et. Et et fugiat hic.');
INSERT INTO `skills` (`id`, `added_by`, `name`, `description`) VALUES (89, 89, 'vel', 'Provident earum excepturi nihil quo officia excepturi dolore. Eos error nihil necessitatibus voluptatem. Magnam et voluptatibus numquam. Dolor deserunt harum qui velit repellat. Perspiciatis eum officia vitae aut sit non facere.');
INSERT INTO `skills` (`id`, `added_by`, `name`, `description`) VALUES (90, 90, 'est', 'Et veritatis tempora pariatur necessitatibus autem rerum. Quae rerum minus labore et. Qui vero ipsam officiis.');
INSERT INTO `skills` (`id`, `added_by`, `name`, `description`) VALUES (91, 91, 'dolorem', 'Consequatur explicabo quo quos. Et iste quae laudantium fuga. Ut nulla esse necessitatibus et porro. Est accusamus debitis similique velit nemo.');
INSERT INTO `skills` (`id`, `added_by`, `name`, `description`) VALUES (92, 92, 'rerum', 'Aut praesentium officia et amet qui earum ut. Recusandae sit voluptates ut et. Itaque atque perspiciatis provident nihil qui eos perspiciatis perferendis. Corporis eum ut praesentium et expedita id laboriosam.');
INSERT INTO `skills` (`id`, `added_by`, `name`, `description`) VALUES (93, 93, 'eos', 'Quae eius totam recusandae et aspernatur itaque. At consequatur quos neque quos. Excepturi ut exercitationem est esse nihil occaecati architecto et.');
INSERT INTO `skills` (`id`, `added_by`, `name`, `description`) VALUES (94, 94, 'nisi', 'Omnis aut dignissimos facere et et. Doloribus et sapiente quis incidunt. Eum sit voluptas nemo id. Ipsum minus molestiae et qui qui et.');
INSERT INTO `skills` (`id`, `added_by`, `name`, `description`) VALUES (95, 95, 'temporibus', 'Facere excepturi et qui exercitationem. Delectus consequuntur nisi mollitia consequatur facilis. Ipsa et incidunt adipisci omnis doloribus. Aut tenetur itaque rerum incidunt.');
INSERT INTO `skills` (`id`, `added_by`, `name`, `description`) VALUES (96, 96, 'debitis', 'Sed et aut aut rem minus eum. Veniam consectetur ut qui dolorem ipsum. Adipisci reiciendis facilis occaecati soluta. Voluptatum aut iste earum omnis.');
INSERT INTO `skills` (`id`, `added_by`, `name`, `description`) VALUES (97, 97, 'natus', 'Eligendi aut assumenda et. Aut dolorem doloremque est exercitationem reiciendis iusto quis. Ut sint et eum ad. Tempora at enim in eius sed.');
INSERT INTO `skills` (`id`, `added_by`, `name`, `description`) VALUES (98, 98, 'voluptatem', 'Dolorum assumenda pariatur sit suscipit consequatur. Possimus modi qui impedit sint voluptatibus facere. Illum eveniet illum natus facilis et.');
INSERT INTO `skills` (`id`, `added_by`, `name`, `description`) VALUES (99, 99, 'ullam', 'Sunt sit aperiam cum. Laboriosam omnis et fugiat unde. Blanditiis similique eveniet sapiente ipsam consequatur placeat dicta. Ipsa vel aliquid reprehenderit.');
INSERT INTO `skills` (`id`, `added_by`, `name`, `description`) VALUES (100, 100, 'iste', 'Eius ut rerum delectus ratione velit reprehenderit. Minus aut minus quo aliquam omnis. Optio magnam distinctio maiores nesciunt. Aperiam natus praesentium temporibus.');


#
# TABLE STRUCTURE FOR: skills_vacancies
#

DROP TABLE IF EXISTS `skills_vacancies`;

CREATE TABLE `skills_vacancies` (
  `id` int(10) unsigned NOT NULL AUTO_INCREMENT,
  `vacancy_id` int(10) unsigned NOT NULL,
  `skill_id` int(10) unsigned NOT NULL,
  PRIMARY KEY (`id`),
  KEY `vacancy_id` (`vacancy_id`),
  KEY `skill_id` (`skill_id`),
  CONSTRAINT `skills_vacancies_ibfk_1` FOREIGN KEY (`vacancy_id`) REFERENCES `vacancies` (`id`),
  CONSTRAINT `skills_vacancies_ibfk_2` FOREIGN KEY (`skill_id`) REFERENCES `skills` (`id`)
) ENGINE=InnoDB AUTO_INCREMENT=101 DEFAULT CHARSET=utf8 COLLATE=utf8_unicode_ci;

INSERT INTO `skills_vacancies` (`id`, `vacancy_id`, `skill_id`) VALUES (1, 1, 1);
INSERT INTO `skills_vacancies` (`id`, `vacancy_id`, `skill_id`) VALUES (2, 2, 2);
INSERT INTO `skills_vacancies` (`id`, `vacancy_id`, `skill_id`) VALUES (3, 3, 3);
INSERT INTO `skills_vacancies` (`id`, `vacancy_id`, `skill_id`) VALUES (4, 4, 4);
INSERT INTO `skills_vacancies` (`id`, `vacancy_id`, `skill_id`) VALUES (5, 5, 5);
INSERT INTO `skills_vacancies` (`id`, `vacancy_id`, `skill_id`) VALUES (6, 6, 6);
INSERT INTO `skills_vacancies` (`id`, `vacancy_id`, `skill_id`) VALUES (7, 7, 7);
INSERT INTO `skills_vacancies` (`id`, `vacancy_id`, `skill_id`) VALUES (8, 8, 8);
INSERT INTO `skills_vacancies` (`id`, `vacancy_id`, `skill_id`) VALUES (9, 9, 9);
INSERT INTO `skills_vacancies` (`id`, `vacancy_id`, `skill_id`) VALUES (10, 10, 10);
INSERT INTO `skills_vacancies` (`id`, `vacancy_id`, `skill_id`) VALUES (11, 11, 11);
INSERT INTO `skills_vacancies` (`id`, `vacancy_id`, `skill_id`) VALUES (12, 12, 12);
INSERT INTO `skills_vacancies` (`id`, `vacancy_id`, `skill_id`) VALUES (13, 13, 13);
INSERT INTO `skills_vacancies` (`id`, `vacancy_id`, `skill_id`) VALUES (14, 14, 14);
INSERT INTO `skills_vacancies` (`id`, `vacancy_id`, `skill_id`) VALUES (15, 15, 15);
INSERT INTO `skills_vacancies` (`id`, `vacancy_id`, `skill_id`) VALUES (16, 16, 16);
INSERT INTO `skills_vacancies` (`id`, `vacancy_id`, `skill_id`) VALUES (17, 17, 17);
INSERT INTO `skills_vacancies` (`id`, `vacancy_id`, `skill_id`) VALUES (18, 18, 18);
INSERT INTO `skills_vacancies` (`id`, `vacancy_id`, `skill_id`) VALUES (19, 19, 19);
INSERT INTO `skills_vacancies` (`id`, `vacancy_id`, `skill_id`) VALUES (20, 20, 20);
INSERT INTO `skills_vacancies` (`id`, `vacancy_id`, `skill_id`) VALUES (21, 21, 21);
INSERT INTO `skills_vacancies` (`id`, `vacancy_id`, `skill_id`) VALUES (22, 22, 22);
INSERT INTO `skills_vacancies` (`id`, `vacancy_id`, `skill_id`) VALUES (23, 23, 23);
INSERT INTO `skills_vacancies` (`id`, `vacancy_id`, `skill_id`) VALUES (24, 24, 24);
INSERT INTO `skills_vacancies` (`id`, `vacancy_id`, `skill_id`) VALUES (25, 25, 25);
INSERT INTO `skills_vacancies` (`id`, `vacancy_id`, `skill_id`) VALUES (26, 26, 26);
INSERT INTO `skills_vacancies` (`id`, `vacancy_id`, `skill_id`) VALUES (27, 27, 27);
INSERT INTO `skills_vacancies` (`id`, `vacancy_id`, `skill_id`) VALUES (28, 28, 28);
INSERT INTO `skills_vacancies` (`id`, `vacancy_id`, `skill_id`) VALUES (29, 29, 29);
INSERT INTO `skills_vacancies` (`id`, `vacancy_id`, `skill_id`) VALUES (30, 30, 30);
INSERT INTO `skills_vacancies` (`id`, `vacancy_id`, `skill_id`) VALUES (31, 31, 31);
INSERT INTO `skills_vacancies` (`id`, `vacancy_id`, `skill_id`) VALUES (32, 32, 32);
INSERT INTO `skills_vacancies` (`id`, `vacancy_id`, `skill_id`) VALUES (33, 33, 33);
INSERT INTO `skills_vacancies` (`id`, `vacancy_id`, `skill_id`) VALUES (34, 34, 34);
INSERT INTO `skills_vacancies` (`id`, `vacancy_id`, `skill_id`) VALUES (35, 35, 35);
INSERT INTO `skills_vacancies` (`id`, `vacancy_id`, `skill_id`) VALUES (36, 36, 36);
INSERT INTO `skills_vacancies` (`id`, `vacancy_id`, `skill_id`) VALUES (37, 37, 37);
INSERT INTO `skills_vacancies` (`id`, `vacancy_id`, `skill_id`) VALUES (38, 38, 38);
INSERT INTO `skills_vacancies` (`id`, `vacancy_id`, `skill_id`) VALUES (39, 39, 39);
INSERT INTO `skills_vacancies` (`id`, `vacancy_id`, `skill_id`) VALUES (40, 40, 40);
INSERT INTO `skills_vacancies` (`id`, `vacancy_id`, `skill_id`) VALUES (41, 41, 41);
INSERT INTO `skills_vacancies` (`id`, `vacancy_id`, `skill_id`) VALUES (42, 42, 42);
INSERT INTO `skills_vacancies` (`id`, `vacancy_id`, `skill_id`) VALUES (43, 43, 43);
INSERT INTO `skills_vacancies` (`id`, `vacancy_id`, `skill_id`) VALUES (44, 44, 44);
INSERT INTO `skills_vacancies` (`id`, `vacancy_id`, `skill_id`) VALUES (45, 45, 45);
INSERT INTO `skills_vacancies` (`id`, `vacancy_id`, `skill_id`) VALUES (46, 46, 46);
INSERT INTO `skills_vacancies` (`id`, `vacancy_id`, `skill_id`) VALUES (47, 47, 47);
INSERT INTO `skills_vacancies` (`id`, `vacancy_id`, `skill_id`) VALUES (48, 48, 48);
INSERT INTO `skills_vacancies` (`id`, `vacancy_id`, `skill_id`) VALUES (49, 49, 49);
INSERT INTO `skills_vacancies` (`id`, `vacancy_id`, `skill_id`) VALUES (50, 50, 50);
INSERT INTO `skills_vacancies` (`id`, `vacancy_id`, `skill_id`) VALUES (51, 51, 51);
INSERT INTO `skills_vacancies` (`id`, `vacancy_id`, `skill_id`) VALUES (52, 52, 52);
INSERT INTO `skills_vacancies` (`id`, `vacancy_id`, `skill_id`) VALUES (53, 53, 53);
INSERT INTO `skills_vacancies` (`id`, `vacancy_id`, `skill_id`) VALUES (54, 54, 54);
INSERT INTO `skills_vacancies` (`id`, `vacancy_id`, `skill_id`) VALUES (55, 55, 55);
INSERT INTO `skills_vacancies` (`id`, `vacancy_id`, `skill_id`) VALUES (56, 56, 56);
INSERT INTO `skills_vacancies` (`id`, `vacancy_id`, `skill_id`) VALUES (57, 57, 57);
INSERT INTO `skills_vacancies` (`id`, `vacancy_id`, `skill_id`) VALUES (58, 58, 58);
INSERT INTO `skills_vacancies` (`id`, `vacancy_id`, `skill_id`) VALUES (59, 59, 59);
INSERT INTO `skills_vacancies` (`id`, `vacancy_id`, `skill_id`) VALUES (60, 60, 60);
INSERT INTO `skills_vacancies` (`id`, `vacancy_id`, `skill_id`) VALUES (61, 61, 61);
INSERT INTO `skills_vacancies` (`id`, `vacancy_id`, `skill_id`) VALUES (62, 62, 62);
INSERT INTO `skills_vacancies` (`id`, `vacancy_id`, `skill_id`) VALUES (63, 63, 63);
INSERT INTO `skills_vacancies` (`id`, `vacancy_id`, `skill_id`) VALUES (64, 64, 64);
INSERT INTO `skills_vacancies` (`id`, `vacancy_id`, `skill_id`) VALUES (65, 65, 65);
INSERT INTO `skills_vacancies` (`id`, `vacancy_id`, `skill_id`) VALUES (66, 66, 66);
INSERT INTO `skills_vacancies` (`id`, `vacancy_id`, `skill_id`) VALUES (67, 67, 67);
INSERT INTO `skills_vacancies` (`id`, `vacancy_id`, `skill_id`) VALUES (68, 68, 68);
INSERT INTO `skills_vacancies` (`id`, `vacancy_id`, `skill_id`) VALUES (69, 69, 69);
INSERT INTO `skills_vacancies` (`id`, `vacancy_id`, `skill_id`) VALUES (70, 70, 70);
INSERT INTO `skills_vacancies` (`id`, `vacancy_id`, `skill_id`) VALUES (71, 71, 71);
INSERT INTO `skills_vacancies` (`id`, `vacancy_id`, `skill_id`) VALUES (72, 72, 72);
INSERT INTO `skills_vacancies` (`id`, `vacancy_id`, `skill_id`) VALUES (73, 73, 73);
INSERT INTO `skills_vacancies` (`id`, `vacancy_id`, `skill_id`) VALUES (74, 74, 74);
INSERT INTO `skills_vacancies` (`id`, `vacancy_id`, `skill_id`) VALUES (75, 75, 75);
INSERT INTO `skills_vacancies` (`id`, `vacancy_id`, `skill_id`) VALUES (76, 76, 76);
INSERT INTO `skills_vacancies` (`id`, `vacancy_id`, `skill_id`) VALUES (77, 77, 77);
INSERT INTO `skills_vacancies` (`id`, `vacancy_id`, `skill_id`) VALUES (78, 78, 78);
INSERT INTO `skills_vacancies` (`id`, `vacancy_id`, `skill_id`) VALUES (79, 79, 79);
INSERT INTO `skills_vacancies` (`id`, `vacancy_id`, `skill_id`) VALUES (80, 80, 80);
INSERT INTO `skills_vacancies` (`id`, `vacancy_id`, `skill_id`) VALUES (81, 81, 81);
INSERT INTO `skills_vacancies` (`id`, `vacancy_id`, `skill_id`) VALUES (82, 82, 82);
INSERT INTO `skills_vacancies` (`id`, `vacancy_id`, `skill_id`) VALUES (83, 83, 83);
INSERT INTO `skills_vacancies` (`id`, `vacancy_id`, `skill_id`) VALUES (84, 84, 84);
INSERT INTO `skills_vacancies` (`id`, `vacancy_id`, `skill_id`) VALUES (85, 85, 85);
INSERT INTO `skills_vacancies` (`id`, `vacancy_id`, `skill_id`) VALUES (86, 86, 86);
INSERT INTO `skills_vacancies` (`id`, `vacancy_id`, `skill_id`) VALUES (87, 87, 87);
INSERT INTO `skills_vacancies` (`id`, `vacancy_id`, `skill_id`) VALUES (88, 88, 88);
INSERT INTO `skills_vacancies` (`id`, `vacancy_id`, `skill_id`) VALUES (89, 89, 89);
INSERT INTO `skills_vacancies` (`id`, `vacancy_id`, `skill_id`) VALUES (90, 90, 90);
INSERT INTO `skills_vacancies` (`id`, `vacancy_id`, `skill_id`) VALUES (91, 91, 91);
INSERT INTO `skills_vacancies` (`id`, `vacancy_id`, `skill_id`) VALUES (92, 92, 92);
INSERT INTO `skills_vacancies` (`id`, `vacancy_id`, `skill_id`) VALUES (93, 93, 93);
INSERT INTO `skills_vacancies` (`id`, `vacancy_id`, `skill_id`) VALUES (94, 94, 94);
INSERT INTO `skills_vacancies` (`id`, `vacancy_id`, `skill_id`) VALUES (95, 95, 95);
INSERT INTO `skills_vacancies` (`id`, `vacancy_id`, `skill_id`) VALUES (96, 96, 96);
INSERT INTO `skills_vacancies` (`id`, `vacancy_id`, `skill_id`) VALUES (97, 97, 97);
INSERT INTO `skills_vacancies` (`id`, `vacancy_id`, `skill_id`) VALUES (98, 98, 98);
INSERT INTO `skills_vacancies` (`id`, `vacancy_id`, `skill_id`) VALUES (99, 99, 99);
INSERT INTO `skills_vacancies` (`id`, `vacancy_id`, `skill_id`) VALUES (100, 100, 100);


#
# TABLE STRUCTURE FOR: users
#

DROP TABLE IF EXISTS `users`;

CREATE TABLE `users` (
  `id` int(10) unsigned NOT NULL AUTO_INCREMENT,
  `first_name` varchar(100) COLLATE utf8_unicode_ci NOT NULL,
  `last_name` varchar(100) COLLATE utf8_unicode_ci NOT NULL,
  `email` varchar(120) COLLATE utf8_unicode_ci NOT NULL,
  `phone` varchar(120) COLLATE utf8_unicode_ci NOT NULL,
  `created_at` datetime DEFAULT current_timestamp(),
  `updated_at` datetime DEFAULT current_timestamp() ON UPDATE current_timestamp(),
  PRIMARY KEY (`id`),
  UNIQUE KEY `email` (`email`),
  UNIQUE KEY `phone` (`phone`),
  KEY `first_name` (`first_name`,`last_name`,`phone`)
) ENGINE=InnoDB AUTO_INCREMENT=101 DEFAULT CHARSET=utf8 COLLATE=utf8_unicode_ci;

INSERT INTO `users` (`id`, `first_name`, `last_name`, `email`, `phone`, `created_at`, `updated_at`) VALUES (1, 'Rosalee', 'Rowe', 'alf64@example.org', '1-004-509-4079x920', '1999-04-19 23:52:42', '1999-11-03 13:40:05');
INSERT INTO `users` (`id`, `first_name`, `last_name`, `email`, `phone`, `created_at`, `updated_at`) VALUES (2, 'Norma', 'Mohr', 'nienow.syble@example.net', '1-903-626-9399', '1972-01-23 18:29:07', '1981-03-21 15:47:07');
INSERT INTO `users` (`id`, `first_name`, `last_name`, `email`, `phone`, `created_at`, `updated_at`) VALUES (3, 'Avery', 'Feeney', 'osinski.kara@example.net', '(673)566-3159', '1977-07-16 19:39:46', '1971-12-12 03:14:53');
INSERT INTO `users` (`id`, `first_name`, `last_name`, `email`, `phone`, `created_at`, `updated_at`) VALUES (4, 'Emmanuelle', 'D\'Amore', 'anderson.vanessa@example.com', '947-791-2383x14127', '2015-01-04 23:30:49', '2004-10-19 06:47:50');
INSERT INTO `users` (`id`, `first_name`, `last_name`, `email`, `phone`, `created_at`, `updated_at`) VALUES (5, 'Russ', 'Haley', 'rebecca96@example.com', '003.736.1360', '2005-09-17 13:16:04', '2017-01-15 04:08:52');
INSERT INTO `users` (`id`, `first_name`, `last_name`, `email`, `phone`, `created_at`, `updated_at`) VALUES (6, 'Deanna', 'Ruecker', 'murazik.einar@example.net', '959.038.6422', '2013-01-24 14:33:35', '1973-03-03 20:18:49');
INSERT INTO `users` (`id`, `first_name`, `last_name`, `email`, `phone`, `created_at`, `updated_at`) VALUES (7, 'Anahi', 'Christiansen', 'koelpin.ervin@example.com', '1-283-892-5719x068', '1986-05-05 21:09:17', '2017-05-23 16:50:41');
INSERT INTO `users` (`id`, `first_name`, `last_name`, `email`, `phone`, `created_at`, `updated_at`) VALUES (8, 'Mortimer', 'Stamm', 'gshanahan@example.net', '698-814-4264x5830', '2015-04-24 07:31:17', '2003-09-10 11:39:22');
INSERT INTO `users` (`id`, `first_name`, `last_name`, `email`, `phone`, `created_at`, `updated_at`) VALUES (9, 'Carleton', 'Christiansen', 'zo\'reilly@example.net', '197.064.8047x7669', '1978-12-04 09:50:10', '2007-02-25 17:04:11');
INSERT INTO `users` (`id`, `first_name`, `last_name`, `email`, `phone`, `created_at`, `updated_at`) VALUES (10, 'Bonnie', 'Ratke', 'dsatterfield@example.com', '(405)794-2238x9364', '2017-11-03 11:25:08', '1992-01-23 05:18:10');
INSERT INTO `users` (`id`, `first_name`, `last_name`, `email`, `phone`, `created_at`, `updated_at`) VALUES (11, 'Fredrick', 'Kling', 'hcassin@example.org', '1-736-960-6391', '2018-07-12 11:55:46', '1984-05-24 01:03:59');
INSERT INTO `users` (`id`, `first_name`, `last_name`, `email`, `phone`, `created_at`, `updated_at`) VALUES (12, 'Jillian', 'Dooley', 'vance.schuppe@example.org', '(155)462-5543x607', '2011-03-20 04:11:48', '2005-10-14 13:26:34');
INSERT INTO `users` (`id`, `first_name`, `last_name`, `email`, `phone`, `created_at`, `updated_at`) VALUES (13, 'Idella', 'Funk', 'thora05@example.net', '(562)790-8623', '2004-05-04 22:35:44', '2015-03-04 23:10:56');
INSERT INTO `users` (`id`, `first_name`, `last_name`, `email`, `phone`, `created_at`, `updated_at`) VALUES (14, 'Valentina', 'Flatley', 'heber.erdman@example.net', '845.971.1486x5764', '1983-08-31 08:24:27', '2010-10-19 12:45:23');
INSERT INTO `users` (`id`, `first_name`, `last_name`, `email`, `phone`, `created_at`, `updated_at`) VALUES (15, 'Conrad', 'Kunde', 'estella37@example.net', '507-502-8313x9403', '1988-11-29 05:21:16', '2017-04-19 08:41:49');
INSERT INTO `users` (`id`, `first_name`, `last_name`, `email`, `phone`, `created_at`, `updated_at`) VALUES (16, 'Pat', 'Connelly', 'pollich.sarina@example.org', '1-049-229-5846x019', '1994-07-25 21:02:30', '1972-12-16 21:52:42');
INSERT INTO `users` (`id`, `first_name`, `last_name`, `email`, `phone`, `created_at`, `updated_at`) VALUES (17, 'Torrance', 'Effertz', 'zlesch@example.org', '084.075.8288', '1999-10-21 11:31:09', '1973-08-06 17:35:13');
INSERT INTO `users` (`id`, `first_name`, `last_name`, `email`, `phone`, `created_at`, `updated_at`) VALUES (18, 'Phoebe', 'Franecki', 'florence.kling@example.com', '1-268-670-0336', '1994-01-02 22:35:15', '2005-04-11 09:12:44');
INSERT INTO `users` (`id`, `first_name`, `last_name`, `email`, `phone`, `created_at`, `updated_at`) VALUES (19, 'Noble', 'Leuschke', 'darren.ward@example.net', '785-352-1072x466', '1977-05-04 18:31:54', '1998-03-01 10:45:29');
INSERT INTO `users` (`id`, `first_name`, `last_name`, `email`, `phone`, `created_at`, `updated_at`) VALUES (20, 'Gregorio', 'Bashirian', 'tre46@example.com', '1-227-177-0789x6162', '2018-07-04 08:34:29', '1981-01-26 19:23:37');
INSERT INTO `users` (`id`, `first_name`, `last_name`, `email`, `phone`, `created_at`, `updated_at`) VALUES (21, 'Vallie', 'Feil', 'wleannon@example.com', '279.565.4769x1147', '1996-07-31 21:09:27', '2008-12-01 14:09:52');
INSERT INTO `users` (`id`, `first_name`, `last_name`, `email`, `phone`, `created_at`, `updated_at`) VALUES (22, 'Hazel', 'Connelly', 'qo\'reilly@example.com', '1-137-454-8352', '1997-11-28 10:14:40', '2003-03-18 14:44:05');
INSERT INTO `users` (`id`, `first_name`, `last_name`, `email`, `phone`, `created_at`, `updated_at`) VALUES (23, 'Jordy', 'Denesik', 'schroeder.hollis@example.org', '518-784-5299x61623', '2002-07-02 02:27:12', '2004-05-24 23:12:24');
INSERT INTO `users` (`id`, `first_name`, `last_name`, `email`, `phone`, `created_at`, `updated_at`) VALUES (24, 'Chasity', 'Crona', 'ymurray@example.net', '074.549.3136x76585', '1974-12-20 07:08:41', '1984-04-01 09:39:35');
INSERT INTO `users` (`id`, `first_name`, `last_name`, `email`, `phone`, `created_at`, `updated_at`) VALUES (25, 'Heather', 'Ritchie', 'chasity.kautzer@example.com', '+74(4)6989421372', '2016-02-11 05:43:56', '1998-12-25 05:40:21');
INSERT INTO `users` (`id`, `first_name`, `last_name`, `email`, `phone`, `created_at`, `updated_at`) VALUES (26, 'Jo', 'Russel', 'ignatius50@example.com', '728-906-4202x574', '2014-02-25 12:00:49', '1985-06-11 20:37:16');
INSERT INTO `users` (`id`, `first_name`, `last_name`, `email`, `phone`, `created_at`, `updated_at`) VALUES (27, 'Adonis', 'Hahn', 'ckovacek@example.net', '05212849645', '2005-03-13 12:48:22', '2005-08-18 13:29:46');
INSERT INTO `users` (`id`, `first_name`, `last_name`, `email`, `phone`, `created_at`, `updated_at`) VALUES (28, 'Adan', 'Zieme', 'charity.roberts@example.com', '035.744.3924', '2013-09-17 22:22:54', '2006-10-25 09:55:52');
INSERT INTO `users` (`id`, `first_name`, `last_name`, `email`, `phone`, `created_at`, `updated_at`) VALUES (29, 'Jacques', 'Goodwin', 'luigi.morar@example.org', '1-502-990-9054x94805', '1988-12-16 04:58:10', '1986-09-24 03:15:46');
INSERT INTO `users` (`id`, `first_name`, `last_name`, `email`, `phone`, `created_at`, `updated_at`) VALUES (30, 'Tod', 'Bailey', 'linwood.nader@example.org', '668-716-4975x2693', '2012-05-08 22:36:47', '2018-08-03 23:10:23');
INSERT INTO `users` (`id`, `first_name`, `last_name`, `email`, `phone`, `created_at`, `updated_at`) VALUES (31, 'Cruz', 'Miller', 'merlin.o\'conner@example.org', '09829226441', '1980-04-11 08:27:35', '2007-09-24 23:18:13');
INSERT INTO `users` (`id`, `first_name`, `last_name`, `email`, `phone`, `created_at`, `updated_at`) VALUES (32, 'Ethelyn', 'Purdy', 'jkohler@example.net', '200.838.6827x103', '1977-01-05 19:58:33', '2014-08-11 19:51:57');
INSERT INTO `users` (`id`, `first_name`, `last_name`, `email`, `phone`, `created_at`, `updated_at`) VALUES (33, 'Geovanny', 'Franecki', 'clementine.o\'kon@example.net', '1-184-082-9922', '2012-01-06 06:57:36', '1981-07-08 02:17:11');
INSERT INTO `users` (`id`, `first_name`, `last_name`, `email`, `phone`, `created_at`, `updated_at`) VALUES (34, 'Fausto', 'Flatley', 'qbernhard@example.com', '1-127-558-7121x06116', '2007-06-24 11:50:44', '2019-08-03 13:22:49');
INSERT INTO `users` (`id`, `first_name`, `last_name`, `email`, `phone`, `created_at`, `updated_at`) VALUES (35, 'Andres', 'Schultz', 'jimmie32@example.com', '875.074.1891', '1987-06-16 15:49:11', '1981-06-26 12:21:05');
INSERT INTO `users` (`id`, `first_name`, `last_name`, `email`, `phone`, `created_at`, `updated_at`) VALUES (36, 'Wilbert', 'Orn', 'trantow.rosalia@example.net', '399-512-3394', '1985-04-25 16:33:58', '2013-12-14 23:20:06');
INSERT INTO `users` (`id`, `first_name`, `last_name`, `email`, `phone`, `created_at`, `updated_at`) VALUES (37, 'Wayne', 'Lueilwitz', 'pierre.dietrich@example.org', '561.286.8825', '1983-01-13 21:06:28', '2002-01-11 02:36:23');
INSERT INTO `users` (`id`, `first_name`, `last_name`, `email`, `phone`, `created_at`, `updated_at`) VALUES (38, 'Winfield', 'Dibbert', 'mlegros@example.net', '477-973-5733', '2012-05-29 16:34:59', '1996-01-20 22:56:32');
INSERT INTO `users` (`id`, `first_name`, `last_name`, `email`, `phone`, `created_at`, `updated_at`) VALUES (39, 'Arvel', 'O\'Keefe', 'vnicolas@example.net', '1-365-996-8269', '1987-07-19 12:03:29', '2014-05-10 04:24:54');
INSERT INTO `users` (`id`, `first_name`, `last_name`, `email`, `phone`, `created_at`, `updated_at`) VALUES (40, 'Bertha', 'Bogisich', 'bashirian.bernard@example.net', '1-646-772-2846', '1972-08-11 18:49:27', '1983-01-01 08:49:29');
INSERT INTO `users` (`id`, `first_name`, `last_name`, `email`, `phone`, `created_at`, `updated_at`) VALUES (41, 'Mable', 'Boyle', 'iva05@example.com', '045.087.5570x8700', '1970-09-13 11:06:59', '1999-09-29 18:37:33');
INSERT INTO `users` (`id`, `first_name`, `last_name`, `email`, `phone`, `created_at`, `updated_at`) VALUES (42, 'Wava', 'Kuhn', 'tate99@example.org', '962-776-2916', '1995-11-14 16:07:26', '1988-02-10 03:57:43');
INSERT INTO `users` (`id`, `first_name`, `last_name`, `email`, `phone`, `created_at`, `updated_at`) VALUES (43, 'Tatum', 'Waters', 'romaguera.imelda@example.org', '+66(9)7850157184', '1997-10-29 14:50:04', '1988-08-19 06:56:38');
INSERT INTO `users` (`id`, `first_name`, `last_name`, `email`, `phone`, `created_at`, `updated_at`) VALUES (44, 'Cleve', 'Murphy', 'iveum@example.net', '924.069.9921x960', '2011-10-01 09:23:59', '1975-08-01 07:25:36');
INSERT INTO `users` (`id`, `first_name`, `last_name`, `email`, `phone`, `created_at`, `updated_at`) VALUES (45, 'Vincenza', 'Harvey', 'kovacek.yvette@example.net', '1-732-222-3205x0533', '2014-08-21 08:55:35', '1988-06-18 17:48:03');
INSERT INTO `users` (`id`, `first_name`, `last_name`, `email`, `phone`, `created_at`, `updated_at`) VALUES (46, 'Einar', 'Schuster', 'nella98@example.net', '708.587.6146x4893', '2018-09-08 20:28:40', '2007-02-05 06:16:16');
INSERT INTO `users` (`id`, `first_name`, `last_name`, `email`, `phone`, `created_at`, `updated_at`) VALUES (47, 'Harley', 'Hansen', 'zemlak.sierra@example.org', '(033)954-1456x66405', '2013-02-06 12:12:46', '1978-03-10 06:40:06');
INSERT INTO `users` (`id`, `first_name`, `last_name`, `email`, `phone`, `created_at`, `updated_at`) VALUES (48, 'Corrine', 'Hickle', 'douglas.kody@example.org', '198-744-5566x0593', '1988-10-31 03:19:13', '1985-08-26 15:27:06');
INSERT INTO `users` (`id`, `first_name`, `last_name`, `email`, `phone`, `created_at`, `updated_at`) VALUES (49, 'Stanford', 'Kuvalis', 'gboyer@example.com', '03740976885', '1993-12-04 07:34:54', '2011-05-07 19:08:04');
INSERT INTO `users` (`id`, `first_name`, `last_name`, `email`, `phone`, `created_at`, `updated_at`) VALUES (50, 'Lemuel', 'Hirthe', 'aharber@example.org', '910.627.9187', '2017-03-27 09:51:43', '2013-03-01 00:38:23');
INSERT INTO `users` (`id`, `first_name`, `last_name`, `email`, `phone`, `created_at`, `updated_at`) VALUES (51, 'Mauricio', 'Koch', 'wisozk.levi@example.com', '1-371-600-0480x766', '2009-12-18 15:56:10', '2000-06-02 12:32:04');
INSERT INTO `users` (`id`, `first_name`, `last_name`, `email`, `phone`, `created_at`, `updated_at`) VALUES (52, 'Heloise', 'Wisoky', 'wilfredo.murphy@example.net', '164.504.2706', '1988-12-04 20:24:26', '1978-05-09 04:40:34');
INSERT INTO `users` (`id`, `first_name`, `last_name`, `email`, `phone`, `created_at`, `updated_at`) VALUES (53, 'Narciso', 'Runolfsdottir', 'vandervort.holly@example.com', '1-061-769-5634x7904', '1983-04-06 19:17:50', '1990-02-22 12:08:29');
INSERT INTO `users` (`id`, `first_name`, `last_name`, `email`, `phone`, `created_at`, `updated_at`) VALUES (54, 'Jazmyn', 'Reinger', 'cassie.altenwerth@example.net', '789.707.3802x881', '2015-05-27 02:15:09', '1988-08-15 22:52:33');
INSERT INTO `users` (`id`, `first_name`, `last_name`, `email`, `phone`, `created_at`, `updated_at`) VALUES (55, 'Dolly', 'Schmitt', 'tdubuque@example.org', '202.165.2581', '1992-04-07 21:06:51', '1994-02-25 12:28:00');
INSERT INTO `users` (`id`, `first_name`, `last_name`, `email`, `phone`, `created_at`, `updated_at`) VALUES (56, 'Carlee', 'Friesen', 'naomi.bradtke@example.net', '1-202-123-3457x823', '1999-12-14 17:58:08', '1977-01-05 07:34:50');
INSERT INTO `users` (`id`, `first_name`, `last_name`, `email`, `phone`, `created_at`, `updated_at`) VALUES (57, 'Maynard', 'Fadel', 'milo61@example.org', '+87(5)8649049774', '2011-09-20 22:37:10', '2016-07-07 04:59:11');
INSERT INTO `users` (`id`, `first_name`, `last_name`, `email`, `phone`, `created_at`, `updated_at`) VALUES (58, 'Gerhard', 'Dibbert', 'iklocko@example.net', '1-652-685-0797x543', '1999-06-18 15:39:39', '2013-10-22 20:05:10');
INSERT INTO `users` (`id`, `first_name`, `last_name`, `email`, `phone`, `created_at`, `updated_at`) VALUES (59, 'Nickolas', 'Hermann', 'harmony83@example.net', '066-981-6146x169', '2004-06-26 16:08:03', '1984-09-21 19:07:41');
INSERT INTO `users` (`id`, `first_name`, `last_name`, `email`, `phone`, `created_at`, `updated_at`) VALUES (60, 'Donny', 'Dooley', 'ankunding.rossie@example.org', '264-927-5260x7568', '1994-11-27 08:28:48', '1981-01-11 00:16:20');
INSERT INTO `users` (`id`, `first_name`, `last_name`, `email`, `phone`, `created_at`, `updated_at`) VALUES (61, 'Davon', 'Davis', 'madeline.rau@example.net', '(886)587-7531x43117', '2008-07-16 12:45:12', '1981-10-31 15:11:49');
INSERT INTO `users` (`id`, `first_name`, `last_name`, `email`, `phone`, `created_at`, `updated_at`) VALUES (62, 'Alejandra', 'Sporer', 'ymclaughlin@example.net', '1-916-342-4899x3047', '2014-01-16 02:36:24', '1974-09-08 20:15:13');
INSERT INTO `users` (`id`, `first_name`, `last_name`, `email`, `phone`, `created_at`, `updated_at`) VALUES (63, 'Brianne', 'Schowalter', 'phintz@example.com', '(272)655-3060x67568', '2008-12-01 05:31:29', '1972-01-19 15:38:45');
INSERT INTO `users` (`id`, `first_name`, `last_name`, `email`, `phone`, `created_at`, `updated_at`) VALUES (64, 'Trycia', 'Oberbrunner', 'fnolan@example.org', '168-399-6082', '1990-07-25 17:12:26', '1979-08-06 05:24:31');
INSERT INTO `users` (`id`, `first_name`, `last_name`, `email`, `phone`, `created_at`, `updated_at`) VALUES (65, 'Loy', 'Daugherty', 'kohler.sabina@example.com', '692-002-0104', '2003-04-29 19:54:47', '2006-01-22 12:45:12');
INSERT INTO `users` (`id`, `first_name`, `last_name`, `email`, `phone`, `created_at`, `updated_at`) VALUES (66, 'Ephraim', 'Schroeder', 'vella15@example.net', '1-333-288-5299', '2005-02-28 23:49:11', '1980-11-30 22:39:10');
INSERT INTO `users` (`id`, `first_name`, `last_name`, `email`, `phone`, `created_at`, `updated_at`) VALUES (67, 'Verna', 'Morissette', 'hayes.liliane@example.net', '1-230-860-9170', '2010-06-17 08:34:40', '2018-04-28 02:23:47');
INSERT INTO `users` (`id`, `first_name`, `last_name`, `email`, `phone`, `created_at`, `updated_at`) VALUES (68, 'Tyler', 'Dickens', 'mariela51@example.com', '565.755.2669x167', '2017-08-07 09:13:14', '2013-08-23 07:20:00');
INSERT INTO `users` (`id`, `first_name`, `last_name`, `email`, `phone`, `created_at`, `updated_at`) VALUES (69, 'Karianne', 'Adams', 'russel.lola@example.net', '+01(8)7162652375', '2019-03-01 17:09:37', '2005-11-30 23:49:44');
INSERT INTO `users` (`id`, `first_name`, `last_name`, `email`, `phone`, `created_at`, `updated_at`) VALUES (70, 'Lavina', 'Schaden', 'kstroman@example.org', '1-210-645-7371x3510', '2000-01-01 02:10:09', '2004-08-19 19:01:50');
INSERT INTO `users` (`id`, `first_name`, `last_name`, `email`, `phone`, `created_at`, `updated_at`) VALUES (71, 'Reva', 'Rippin', 'dwilliamson@example.com', '417.343.7567', '2015-06-24 00:55:30', '1996-06-24 12:11:50');
INSERT INTO `users` (`id`, `first_name`, `last_name`, `email`, `phone`, `created_at`, `updated_at`) VALUES (72, 'Freida', 'Harris', 'name.senger@example.net', '+18(0)1465127604', '1991-06-13 19:37:34', '2019-07-05 17:05:30');
INSERT INTO `users` (`id`, `first_name`, `last_name`, `email`, `phone`, `created_at`, `updated_at`) VALUES (73, 'Else', 'Schroeder', 'ugreenholt@example.com', '(723)715-9612x381', '2017-02-08 04:34:58', '1986-09-19 12:49:16');
INSERT INTO `users` (`id`, `first_name`, `last_name`, `email`, `phone`, `created_at`, `updated_at`) VALUES (74, 'Wilson', 'Lockman', 'mertz.alexandria@example.net', '722-529-7601x207', '2006-08-31 06:50:34', '2011-09-10 14:23:01');
INSERT INTO `users` (`id`, `first_name`, `last_name`, `email`, `phone`, `created_at`, `updated_at`) VALUES (75, 'Clemmie', 'Grimes', 'carmel.glover@example.org', '1-582-259-8174', '1991-11-06 01:14:28', '1996-01-15 22:58:48');
INSERT INTO `users` (`id`, `first_name`, `last_name`, `email`, `phone`, `created_at`, `updated_at`) VALUES (76, 'Wellington', 'Pouros', 'george52@example.net', '618-106-7423x53318', '2000-09-10 10:44:45', '1976-07-07 03:37:38');
INSERT INTO `users` (`id`, `first_name`, `last_name`, `email`, `phone`, `created_at`, `updated_at`) VALUES (77, 'Linwood', 'Reinger', 'gturcotte@example.com', '(592)990-6344x74264', '1996-03-19 18:33:49', '2012-10-17 12:40:35');
INSERT INTO `users` (`id`, `first_name`, `last_name`, `email`, `phone`, `created_at`, `updated_at`) VALUES (78, 'Diana', 'Boyle', 'clehner@example.org', '901-380-9113', '2005-05-16 15:48:20', '1971-10-11 09:57:41');
INSERT INTO `users` (`id`, `first_name`, `last_name`, `email`, `phone`, `created_at`, `updated_at`) VALUES (79, 'Terence', 'Lind', 'conn.chandler@example.com', '1-164-659-2577x3987', '2009-08-22 17:00:52', '2011-08-11 14:49:45');
INSERT INTO `users` (`id`, `first_name`, `last_name`, `email`, `phone`, `created_at`, `updated_at`) VALUES (80, 'Peyton', 'Hills', 'rogers.volkman@example.org', '507.362.0123x9264', '2018-08-25 13:39:46', '1993-08-31 09:22:40');
INSERT INTO `users` (`id`, `first_name`, `last_name`, `email`, `phone`, `created_at`, `updated_at`) VALUES (81, 'Kathleen', 'Gulgowski', 'vkovacek@example.net', '226.836.5079x41956', '2013-07-04 00:52:09', '1995-05-30 13:09:17');
INSERT INTO `users` (`id`, `first_name`, `last_name`, `email`, `phone`, `created_at`, `updated_at`) VALUES (82, 'Ferne', 'Wunsch', 'trace.koch@example.org', '397.300.6313', '1972-10-25 02:15:05', '1987-09-21 21:49:25');
INSERT INTO `users` (`id`, `first_name`, `last_name`, `email`, `phone`, `created_at`, `updated_at`) VALUES (83, 'Adelia', 'Runolfsson', 'smith.dora@example.com', '885.980.8160', '1990-12-04 19:45:26', '1976-06-03 06:58:31');
INSERT INTO `users` (`id`, `first_name`, `last_name`, `email`, `phone`, `created_at`, `updated_at`) VALUES (84, 'Okey', 'Kling', 'ryan.julie@example.com', '240.789.5056x1040', '2002-04-04 10:29:01', '2005-02-26 09:40:26');
INSERT INTO `users` (`id`, `first_name`, `last_name`, `email`, `phone`, `created_at`, `updated_at`) VALUES (85, 'Nels', 'Harris', 'sreinger@example.org', '(479)893-7226x960', '2015-07-14 15:55:09', '1971-11-09 19:09:06');
INSERT INTO `users` (`id`, `first_name`, `last_name`, `email`, `phone`, `created_at`, `updated_at`) VALUES (86, 'Alta', 'Smitham', 'amari.treutel@example.net', '(154)669-0671x38707', '1972-08-09 05:22:20', '2013-09-28 05:55:14');
INSERT INTO `users` (`id`, `first_name`, `last_name`, `email`, `phone`, `created_at`, `updated_at`) VALUES (87, 'Josiane', 'Koss', 'edd43@example.net', '(863)182-1476x75247', '1980-08-02 16:49:46', '2013-07-03 16:52:45');
INSERT INTO `users` (`id`, `first_name`, `last_name`, `email`, `phone`, `created_at`, `updated_at`) VALUES (88, 'Cicero', 'Rau', 'nella.hills@example.net', '05876851805', '2001-06-15 11:21:44', '1979-11-16 12:00:56');
INSERT INTO `users` (`id`, `first_name`, `last_name`, `email`, `phone`, `created_at`, `updated_at`) VALUES (89, 'Emiliano', 'Hegmann', 'wgulgowski@example.org', '(678)535-5141x109', '1977-11-01 23:27:29', '1992-03-23 11:27:26');
INSERT INTO `users` (`id`, `first_name`, `last_name`, `email`, `phone`, `created_at`, `updated_at`) VALUES (90, 'Zachariah', 'Adams', 'reynolds.stone@example.com', '847-452-0217', '1999-02-05 12:13:19', '1995-06-16 00:43:21');
INSERT INTO `users` (`id`, `first_name`, `last_name`, `email`, `phone`, `created_at`, `updated_at`) VALUES (91, 'Dejah', 'Cassin', 'gwisoky@example.net', '195-186-1622x2007', '2001-09-13 11:32:39', '2007-01-24 04:08:02');
INSERT INTO `users` (`id`, `first_name`, `last_name`, `email`, `phone`, `created_at`, `updated_at`) VALUES (92, 'Leland', 'Wisozk', 'maci.klocko@example.org', '1-008-576-3900x29344', '2004-06-24 12:13:23', '1975-11-22 12:32:49');
INSERT INTO `users` (`id`, `first_name`, `last_name`, `email`, `phone`, `created_at`, `updated_at`) VALUES (93, 'Lorenz', 'Kemmer', 'willms.fidel@example.org', '080.191.8810x477', '1991-08-25 12:09:49', '1992-01-09 15:46:09');
INSERT INTO `users` (`id`, `first_name`, `last_name`, `email`, `phone`, `created_at`, `updated_at`) VALUES (94, 'Dudley', 'Medhurst', 'eudora46@example.com', '(941)337-3538', '1991-12-31 21:03:08', '1978-09-24 23:43:24');
INSERT INTO `users` (`id`, `first_name`, `last_name`, `email`, `phone`, `created_at`, `updated_at`) VALUES (95, 'Adell', 'Conroy', 'wilhelm.walsh@example.org', '1-690-607-5348x5131', '1979-12-27 05:35:44', '1994-09-17 20:01:11');
INSERT INTO `users` (`id`, `first_name`, `last_name`, `email`, `phone`, `created_at`, `updated_at`) VALUES (96, 'Lauretta', 'Upton', 'kkemmer@example.com', '432.682.5707x2074', '1981-06-22 03:19:20', '2007-01-18 23:51:59');
INSERT INTO `users` (`id`, `first_name`, `last_name`, `email`, `phone`, `created_at`, `updated_at`) VALUES (97, 'Gabriel', 'Dooley', 'jeff.feil@example.org', '007.834.2633', '1988-09-27 03:56:46', '1975-08-24 05:52:03');
INSERT INTO `users` (`id`, `first_name`, `last_name`, `email`, `phone`, `created_at`, `updated_at`) VALUES (98, 'Lynn', 'Dicki', 'dstrosin@example.com', '258.136.9514x7468', '1985-03-26 14:36:42', '1977-01-27 21:58:25');
INSERT INTO `users` (`id`, `first_name`, `last_name`, `email`, `phone`, `created_at`, `updated_at`) VALUES (99, 'Marcella', 'Waelchi', 'tglover@example.net', '(494)091-0835x382', '2012-10-17 22:00:56', '1974-06-01 06:07:23');
INSERT INTO `users` (`id`, `first_name`, `last_name`, `email`, `phone`, `created_at`, `updated_at`) VALUES (100, 'Jayson', 'Dickens', 'colton57@example.org', '+29(2)6407226134', '1999-07-03 04:22:36', '2002-06-21 17:04:48');


#
# TABLE STRUCTURE FOR: vacancies
#

DROP TABLE IF EXISTS `vacancies`;

CREATE TABLE `vacancies` (
  `id` int(10) unsigned NOT NULL AUTO_INCREMENT,
  `project_id` int(10) unsigned NOT NULL,
  `name` varchar(150) COLLATE utf8_unicode_ci NOT NULL,
  `description` text COLLATE utf8_unicode_ci NOT NULL,
  `created_at` datetime DEFAULT current_timestamp(),
  `updated_at` datetime DEFAULT current_timestamp() ON UPDATE current_timestamp(),
  PRIMARY KEY (`id`),
  KEY `name` (`name`),
  KEY `project_id` (`project_id`),
  CONSTRAINT `vacancies_ibfk_1` FOREIGN KEY (`project_id`) REFERENCES `projects` (`id`)
) ENGINE=InnoDB AUTO_INCREMENT=101 DEFAULT CHARSET=utf8 COLLATE=utf8_unicode_ci;

INSERT INTO `vacancies` (`id`, `project_id`, `name`, `description`, `created_at`, `updated_at`) VALUES (1, 1, 'dolorem', 'Blanditiis vel laborum et sed vitae perferendis. Quae nemo doloremque totam enim. Ea eius blanditiis similique nulla. Dolorem quis qui voluptatem esse.', '2019-03-11 09:59:03', '1991-04-29 06:32:14');
INSERT INTO `vacancies` (`id`, `project_id`, `name`, `description`, `created_at`, `updated_at`) VALUES (2, 2, 'sint', 'Quia optio quo molestiae omnis debitis recusandae. Velit consequuntur ut porro. Ut voluptate voluptatem aut aut ut aut. Voluptas aliquid praesentium id quod quis quo.', '1973-10-25 04:25:05', '2019-10-22 19:22:53');
INSERT INTO `vacancies` (`id`, `project_id`, `name`, `description`, `created_at`, `updated_at`) VALUES (3, 3, 'est', 'Voluptatem officia sit iste rem. Temporibus ut maxime eveniet debitis. Ut impedit officiis neque vel.', '1993-06-04 12:43:02', '1971-10-06 16:41:27');
INSERT INTO `vacancies` (`id`, `project_id`, `name`, `description`, `created_at`, `updated_at`) VALUES (4, 4, 'voluptates', 'Ut blanditiis est quia accusantium ipsum nemo. Nulla est fugit totam occaecati sit id quas. Eveniet aut sunt est temporibus. Hic voluptates explicabo maxime omnis rem distinctio.', '1981-01-18 12:26:16', '2017-12-15 21:41:12');
INSERT INTO `vacancies` (`id`, `project_id`, `name`, `description`, `created_at`, `updated_at`) VALUES (5, 5, 'reprehenderit', 'Maxime ratione aut quia voluptates. Veniam itaque quo nostrum tempore sed. Unde eos temporibus temporibus voluptatem. Distinctio ipsa quod occaecati quo. Dolor quo quis repellat necessitatibus nihil voluptatem.', '1999-06-12 01:21:01', '2013-03-31 14:14:36');
INSERT INTO `vacancies` (`id`, `project_id`, `name`, `description`, `created_at`, `updated_at`) VALUES (6, 6, 'magni', 'Quod est sapiente consequatur quidem voluptas amet illo. Autem iure quia dolorem voluptatum. Itaque facilis ea voluptates et ut nulla voluptatibus veritatis.', '2012-12-09 17:57:21', '2012-10-28 02:10:34');
INSERT INTO `vacancies` (`id`, `project_id`, `name`, `description`, `created_at`, `updated_at`) VALUES (7, 7, 'velit', 'Sequi inventore rerum saepe natus. Voluptas at quia doloremque consequuntur sit ad doloribus. Placeat autem qui quam quo minus.', '1994-09-19 21:16:25', '1991-11-10 12:02:18');
INSERT INTO `vacancies` (`id`, `project_id`, `name`, `description`, `created_at`, `updated_at`) VALUES (8, 8, 'harum', 'Laboriosam aut repellendus sunt aut totam autem fugit. Eveniet saepe deleniti at illo molestias. Pariatur rem doloribus nostrum amet esse.', '1971-09-01 22:28:52', '2011-12-11 01:06:26');
INSERT INTO `vacancies` (`id`, `project_id`, `name`, `description`, `created_at`, `updated_at`) VALUES (9, 9, 'libero', 'Ut explicabo eligendi magni et. Cupiditate nisi eveniet est. Et magnam et deleniti soluta pariatur et inventore voluptatem.', '2018-11-17 08:05:56', '2007-03-14 01:49:59');
INSERT INTO `vacancies` (`id`, `project_id`, `name`, `description`, `created_at`, `updated_at`) VALUES (10, 10, 'temporibus', 'Dignissimos ut minima sunt ullam minima. Repellendus non quo voluptatem aspernatur earum veritatis sint.', '1984-09-06 07:39:43', '1986-01-08 02:15:30');
INSERT INTO `vacancies` (`id`, `project_id`, `name`, `description`, `created_at`, `updated_at`) VALUES (11, 11, 'accusantium', 'Magnam iure sit cupiditate quibusdam non. Iste incidunt fugiat dolorem omnis reiciendis suscipit.', '1972-02-23 12:00:17', '2002-11-07 02:16:12');
INSERT INTO `vacancies` (`id`, `project_id`, `name`, `description`, `created_at`, `updated_at`) VALUES (12, 12, 'id', 'Sed et esse nobis magnam pariatur. Voluptatum porro eaque quae eos nemo consequatur. Praesentium officia quos id. Molestiae hic quaerat nostrum accusantium voluptate minus.', '2013-09-03 18:31:13', '2005-10-08 19:22:00');
INSERT INTO `vacancies` (`id`, `project_id`, `name`, `description`, `created_at`, `updated_at`) VALUES (13, 13, 'facilis', 'Omnis hic unde odio ipsum non velit. Commodi qui deserunt voluptas enim ducimus nisi.', '2015-07-11 18:01:49', '1992-04-25 18:56:51');
INSERT INTO `vacancies` (`id`, `project_id`, `name`, `description`, `created_at`, `updated_at`) VALUES (14, 14, 'suscipit', 'Ea voluptatem esse qui vel reiciendis aut atque saepe. Quaerat quisquam dolorum inventore sed dignissimos nemo. Repellendus est fugiat aut omnis odit.', '2007-09-26 17:31:22', '1983-03-05 06:43:31');
INSERT INTO `vacancies` (`id`, `project_id`, `name`, `description`, `created_at`, `updated_at`) VALUES (15, 15, 'ipsam', 'Eum est soluta deserunt rem ullam eaque. Esse id voluptatem quo vel quia quam deleniti et. Sed quod est eaque iusto architecto iure sed placeat. Eaque itaque eum et.', '2001-12-13 11:33:56', '2001-11-14 21:17:24');
INSERT INTO `vacancies` (`id`, `project_id`, `name`, `description`, `created_at`, `updated_at`) VALUES (16, 16, 'vero', 'Numquam quos consequatur pariatur soluta minima voluptatem. Autem quis quia totam est non mollitia. Autem minus itaque asperiores enim nihil sunt sequi. Consequatur ut optio rem vitae repellat.', '1978-07-23 11:49:04', '2019-02-25 22:58:05');
INSERT INTO `vacancies` (`id`, `project_id`, `name`, `description`, `created_at`, `updated_at`) VALUES (17, 17, 'provident', 'Qui molestias et velit iure sequi. Aut deserunt nobis praesentium maxime sed harum ducimus. Itaque expedita alias omnis. Odio vel quo facere officiis debitis veritatis illo.', '2002-12-19 23:49:43', '1991-04-19 23:57:50');
INSERT INTO `vacancies` (`id`, `project_id`, `name`, `description`, `created_at`, `updated_at`) VALUES (18, 18, 'dignissimos', 'Aliquam magni saepe quae at consectetur sed. Omnis numquam fugit et rerum. Placeat est commodi rem pariatur saepe aut. Voluptatem aut impedit occaecati eveniet et ut cupiditate.', '1997-06-22 11:02:16', '1984-06-07 12:33:29');
INSERT INTO `vacancies` (`id`, `project_id`, `name`, `description`, `created_at`, `updated_at`) VALUES (19, 19, 'eum', 'Perspiciatis quibusdam nihil aut vel. Velit debitis accusantium aut culpa. Id ut corporis quidem est.', '2009-07-17 15:09:36', '1976-04-30 05:51:34');
INSERT INTO `vacancies` (`id`, `project_id`, `name`, `description`, `created_at`, `updated_at`) VALUES (20, 20, 'ut', 'Omnis totam doloribus expedita ipsa voluptas similique est. Suscipit suscipit quia expedita nesciunt distinctio eos sint. Amet autem quis illo. Minus nemo velit iure recusandae.', '1996-04-15 03:51:25', '1998-03-31 02:36:58');
INSERT INTO `vacancies` (`id`, `project_id`, `name`, `description`, `created_at`, `updated_at`) VALUES (21, 21, 'veritatis', 'Fuga facere temporibus eum dolor neque consequatur. Quos possimus eius suscipit placeat quo quia exercitationem. Totam voluptas delectus ut consequatur deleniti.', '2019-06-10 23:52:11', '1993-10-27 05:28:26');
INSERT INTO `vacancies` (`id`, `project_id`, `name`, `description`, `created_at`, `updated_at`) VALUES (22, 22, 'nesciunt', 'Repudiandae et quo est quibusdam asperiores rerum mollitia. Consequuntur accusantium sint rerum odio. Iure fuga repellat facere rerum architecto ut quam in.', '1978-08-16 04:05:04', '1985-01-01 03:56:56');
INSERT INTO `vacancies` (`id`, `project_id`, `name`, `description`, `created_at`, `updated_at`) VALUES (23, 23, 'est', 'Aliquid voluptatem eos esse autem quis aut voluptatum cumque. Assumenda corrupti cumque ipsum quo perspiciatis ut aliquid. Voluptatem in ab sapiente eum in et voluptatibus. Alias iusto in nesciunt voluptas.', '1979-02-20 17:13:51', '1987-08-26 20:33:24');
INSERT INTO `vacancies` (`id`, `project_id`, `name`, `description`, `created_at`, `updated_at`) VALUES (24, 24, 'inventore', 'Libero laboriosam provident sint omnis ab ab eos. Facilis velit delectus numquam non. Rerum totam explicabo nemo sed maxime. Id id nostrum id.', '1987-05-04 15:02:38', '1976-04-10 09:36:43');
INSERT INTO `vacancies` (`id`, `project_id`, `name`, `description`, `created_at`, `updated_at`) VALUES (25, 25, 'dolores', 'Veritatis at ut doloremque repellat voluptatem. Et eveniet sit porro aspernatur sed repellendus corrupti veniam. Aut illo distinctio molestiae quis nulla cum ut. Quia iste sit neque consequatur consequuntur modi voluptatibus.', '1972-06-13 12:36:01', '2009-07-17 19:23:47');
INSERT INTO `vacancies` (`id`, `project_id`, `name`, `description`, `created_at`, `updated_at`) VALUES (26, 26, 'voluptas', 'Rem recusandae sunt odio suscipit quia. Qui laboriosam sed est libero non nihil sunt. Accusantium blanditiis et qui est quia. Repellendus rem cumque aliquam quae autem eos.', '1987-03-11 07:25:57', '2016-08-26 08:12:03');
INSERT INTO `vacancies` (`id`, `project_id`, `name`, `description`, `created_at`, `updated_at`) VALUES (27, 27, 'molestiae', 'Eos atque id delectus asperiores voluptatem consequuntur. Ab maiores maiores culpa repellat aperiam iure ut. Quidem voluptatem iusto possimus sit. Et consequuntur ab voluptatibus omnis expedita sunt quia.', '1972-10-20 10:32:23', '2013-02-14 12:14:03');
INSERT INTO `vacancies` (`id`, `project_id`, `name`, `description`, `created_at`, `updated_at`) VALUES (28, 28, 'voluptas', 'Quia omnis tempore velit non. Mollitia saepe voluptatibus aut deserunt. Aut incidunt totam autem architecto labore vel.', '2003-08-25 01:01:27', '2008-11-26 00:47:52');
INSERT INTO `vacancies` (`id`, `project_id`, `name`, `description`, `created_at`, `updated_at`) VALUES (29, 29, 'quos', 'Mollitia tempora voluptatibus velit error consequatur quasi placeat. Sed dignissimos est sunt adipisci. Neque assumenda non expedita illum est amet. Omnis voluptate exercitationem voluptatem.', '1993-05-10 15:44:51', '1994-11-26 05:36:36');
INSERT INTO `vacancies` (`id`, `project_id`, `name`, `description`, `created_at`, `updated_at`) VALUES (30, 30, 'consequuntur', 'Sed officiis sequi modi aspernatur blanditiis. Omnis est dolorem dolores eos. Autem ducimus quasi consequatur est non.', '2003-01-07 02:02:48', '2008-03-15 17:18:44');
INSERT INTO `vacancies` (`id`, `project_id`, `name`, `description`, `created_at`, `updated_at`) VALUES (31, 31, 'corrupti', 'Et minima qui sed voluptatem culpa quidem est id. Eaque magni non blanditiis enim id. Dolores veritatis et accusantium laborum veritatis.', '2019-11-27 03:01:27', '1984-11-01 23:28:18');
INSERT INTO `vacancies` (`id`, `project_id`, `name`, `description`, `created_at`, `updated_at`) VALUES (32, 32, 'neque', 'Et eligendi corrupti totam alias impedit. Similique iusto voluptas est ipsa sed consequatur officia. Aut enim reprehenderit reprehenderit placeat. Explicabo veniam autem perspiciatis corrupti.', '1973-12-06 14:13:49', '1984-04-22 02:42:51');
INSERT INTO `vacancies` (`id`, `project_id`, `name`, `description`, `created_at`, `updated_at`) VALUES (33, 33, 'incidunt', 'Aut et voluptatem beatae mollitia dicta. Corporis vel omnis dolores repellat consectetur placeat sunt eaque. Laboriosam nihil consectetur aperiam dolorem impedit accusantium.', '1986-12-30 10:15:02', '1990-08-31 19:42:20');
INSERT INTO `vacancies` (`id`, `project_id`, `name`, `description`, `created_at`, `updated_at`) VALUES (34, 34, 'quod', 'Hic quisquam adipisci est et tenetur ut ipsam. Aperiam earum eius dolor enim ea maxime quasi tenetur. Temporibus enim iste enim aut consequuntur possimus.', '2011-08-20 10:15:40', '1985-05-23 16:36:50');
INSERT INTO `vacancies` (`id`, `project_id`, `name`, `description`, `created_at`, `updated_at`) VALUES (35, 35, 'assumenda', 'Labore voluptatem alias officiis voluptates et nihil. Ea commodi voluptatibus impedit architecto omnis numquam voluptas ut. Dicta rerum autem excepturi corrupti. Hic quis quasi eos veritatis fuga repudiandae quidem. Consequatur dolore quia veniam iusto et incidunt ratione cum.', '1997-08-02 00:34:16', '2018-10-15 11:28:27');
INSERT INTO `vacancies` (`id`, `project_id`, `name`, `description`, `created_at`, `updated_at`) VALUES (36, 36, 'tenetur', 'Consectetur molestias quis explicabo. Et deleniti neque dolor animi. Dolores cumque tempore natus dolor. Iusto ipsa id repellendus cupiditate quia non voluptatibus.', '1984-10-31 16:25:01', '1979-04-18 00:56:21');
INSERT INTO `vacancies` (`id`, `project_id`, `name`, `description`, `created_at`, `updated_at`) VALUES (37, 37, 'temporibus', 'Quisquam modi dolor aut qui blanditiis dicta. Deserunt saepe tempore praesentium eum.', '1994-08-06 16:34:21', '1972-07-18 15:34:53');
INSERT INTO `vacancies` (`id`, `project_id`, `name`, `description`, `created_at`, `updated_at`) VALUES (38, 38, 'ullam', 'Distinctio quibusdam vel consectetur officiis quia quisquam. Qui reiciendis ipsa dolorem praesentium consequatur. Alias accusamus ad atque aut. Iusto accusantium ullam in.', '1983-03-19 17:53:26', '1988-07-09 11:29:37');
INSERT INTO `vacancies` (`id`, `project_id`, `name`, `description`, `created_at`, `updated_at`) VALUES (39, 39, 'repellendus', 'Non deserunt aliquam dolorum. Qui aut rerum totam. Explicabo sunt occaecati non rerum enim aliquam autem. Et quia illo fuga maxime.', '2009-06-02 07:53:11', '2012-06-06 11:03:51');
INSERT INTO `vacancies` (`id`, `project_id`, `name`, `description`, `created_at`, `updated_at`) VALUES (40, 40, 'expedita', 'Consequatur ex sed nostrum. Est eum vero est. Omnis laborum officiis qui quos.', '2017-03-22 15:49:48', '2014-06-27 23:34:07');
INSERT INTO `vacancies` (`id`, `project_id`, `name`, `description`, `created_at`, `updated_at`) VALUES (41, 41, 'assumenda', 'Nam suscipit nobis et similique dolores aut. Ea voluptatem enim et modi labore. Ut sequi ipsa dignissimos quam possimus. Ut earum quas voluptas at.', '2016-02-13 18:56:03', '2007-08-03 00:59:34');
INSERT INTO `vacancies` (`id`, `project_id`, `name`, `description`, `created_at`, `updated_at`) VALUES (42, 42, 'est', 'Ut et cum eum asperiores voluptas et. Vel earum hic ad necessitatibus ab libero. Inventore aut rerum a aut qui modi et.', '1999-10-29 11:21:43', '2016-08-05 00:55:51');
INSERT INTO `vacancies` (`id`, `project_id`, `name`, `description`, `created_at`, `updated_at`) VALUES (43, 43, 'aspernatur', 'Omnis ipsam omnis nihil. Aut maxime ullam soluta laboriosam et consequatur mollitia ipsam. Molestiae et ullam omnis dolores velit natus et. Sed libero magnam ullam dignissimos sapiente consectetur sapiente.', '2007-04-23 20:40:26', '1978-01-03 09:04:48');
INSERT INTO `vacancies` (`id`, `project_id`, `name`, `description`, `created_at`, `updated_at`) VALUES (44, 44, 'fugit', 'Ratione quibusdam quod occaecati ducimus nemo. Sed porro eveniet dolorem quo inventore. Numquam veritatis molestias recusandae velit.', '1996-07-31 05:32:36', '1988-11-16 04:54:59');
INSERT INTO `vacancies` (`id`, `project_id`, `name`, `description`, `created_at`, `updated_at`) VALUES (45, 45, 'ea', 'Nesciunt ut dicta sed quia. A adipisci expedita ratione laborum quo inventore qui quia. Ea at vitae repudiandae temporibus at harum dolorum.', '1994-12-15 08:11:56', '2002-09-02 03:33:32');
INSERT INTO `vacancies` (`id`, `project_id`, `name`, `description`, `created_at`, `updated_at`) VALUES (46, 46, 'laudantium', 'Distinctio molestias dolor ut et occaecati molestias. Consequatur consequuntur aut expedita qui esse dolores. Sint aut placeat veritatis aliquid cumque blanditiis.', '1993-05-19 05:29:52', '2014-04-30 10:52:19');
INSERT INTO `vacancies` (`id`, `project_id`, `name`, `description`, `created_at`, `updated_at`) VALUES (47, 47, 'voluptatum', 'Facilis et itaque sunt at quia quia. In eos a laboriosam maiores aut. Non sunt quia blanditiis omnis maxime cum voluptas.', '1989-04-19 02:59:16', '1976-03-11 08:58:48');
INSERT INTO `vacancies` (`id`, `project_id`, `name`, `description`, `created_at`, `updated_at`) VALUES (48, 48, 'id', 'Voluptates aspernatur quaerat corrupti impedit nihil. Tempore et itaque libero quis animi illum eos. Molestiae quia sapiente vero labore. Nisi fugiat error culpa officia quo perferendis eos.', '2011-08-15 19:18:25', '2012-01-13 15:25:33');
INSERT INTO `vacancies` (`id`, `project_id`, `name`, `description`, `created_at`, `updated_at`) VALUES (49, 49, 'dolorem', 'Quia voluptatem eius et dolores qui omnis. Sint qui similique est fuga. Sed vel repudiandae est quasi eos. Consequatur itaque aut iste harum nesciunt aut iure.', '1979-07-25 16:48:58', '2004-03-17 13:59:51');
INSERT INTO `vacancies` (`id`, `project_id`, `name`, `description`, `created_at`, `updated_at`) VALUES (50, 50, 'dicta', 'Accusamus doloremque qui voluptatem et natus ex recusandae. Omnis et quae eaque libero laborum unde quas. Autem veniam consequuntur incidunt velit. Qui saepe maxime cum non dignissimos labore in.', '1983-10-16 11:23:13', '2016-05-19 16:37:51');
INSERT INTO `vacancies` (`id`, `project_id`, `name`, `description`, `created_at`, `updated_at`) VALUES (51, 51, 'magni', 'Vel distinctio fugiat consequatur minus. Dicta corrupti omnis ipsa reiciendis laboriosam modi. Voluptatem sed non eum omnis tenetur ab. Commodi delectus est consequuntur hic iusto.', '2005-03-20 14:03:40', '1990-10-05 15:54:41');
INSERT INTO `vacancies` (`id`, `project_id`, `name`, `description`, `created_at`, `updated_at`) VALUES (52, 52, 'doloremque', 'Eius nemo molestiae veniam quia veniam qui quod. Voluptas sint molestiae pariatur neque vel rerum. Omnis accusantium ea nihil explicabo ea.', '1971-03-23 09:52:06', '2005-10-11 20:22:59');
INSERT INTO `vacancies` (`id`, `project_id`, `name`, `description`, `created_at`, `updated_at`) VALUES (53, 53, 'est', 'Ut repellendus vitae sit omnis nobis aperiam officia. Non sunt ex distinctio voluptatem. Expedita maiores quod commodi cupiditate molestiae veniam culpa.', '1998-08-05 07:49:33', '1975-12-02 12:53:40');
INSERT INTO `vacancies` (`id`, `project_id`, `name`, `description`, `created_at`, `updated_at`) VALUES (54, 54, 'incidunt', 'Vitae molestias corrupti eum consequatur dolorum. Quo maiores fugiat accusantium voluptatibus. Possimus autem ab facilis distinctio nihil.', '2005-11-29 10:35:22', '2007-03-17 19:05:01');
INSERT INTO `vacancies` (`id`, `project_id`, `name`, `description`, `created_at`, `updated_at`) VALUES (55, 55, 'quas', 'Provident nihil dolorum aut distinctio ut mollitia sit. Fugiat quod reiciendis rerum consequuntur commodi explicabo. Vero et qui saepe aut est. Sunt quis eaque debitis adipisci.', '2013-04-14 09:30:35', '1974-12-15 22:10:48');
INSERT INTO `vacancies` (`id`, `project_id`, `name`, `description`, `created_at`, `updated_at`) VALUES (56, 56, 'ut', 'Rerum voluptatibus nostrum libero natus architecto. Rerum in alias eligendi soluta aliquam delectus. Rerum occaecati dolorem eum.', '2017-08-26 09:16:23', '1994-02-17 10:07:56');
INSERT INTO `vacancies` (`id`, `project_id`, `name`, `description`, `created_at`, `updated_at`) VALUES (57, 57, 'omnis', 'Similique ullam quia consectetur qui. Nobis ex quis corrupti et porro. Ipsum sequi minus reprehenderit quo et sed aut molestiae.', '1992-08-13 17:40:41', '1999-12-29 03:56:46');
INSERT INTO `vacancies` (`id`, `project_id`, `name`, `description`, `created_at`, `updated_at`) VALUES (58, 58, 'perferendis', 'Rerum dolor ut est illum quos sit. Iusto accusamus omnis labore.', '2016-11-01 15:59:54', '1971-11-20 18:18:40');
INSERT INTO `vacancies` (`id`, `project_id`, `name`, `description`, `created_at`, `updated_at`) VALUES (59, 59, 'id', 'Nihil explicabo impedit cupiditate voluptates. Mollitia tempore voluptatibus repudiandae inventore nostrum iste. Tempora alias libero eos inventore cupiditate aperiam quia labore. Facere officia incidunt ut quidem praesentium.', '1983-09-15 13:43:49', '2014-09-29 20:21:30');
INSERT INTO `vacancies` (`id`, `project_id`, `name`, `description`, `created_at`, `updated_at`) VALUES (60, 60, 'cumque', 'Omnis nesciunt asperiores quasi in labore. Debitis voluptas libero recusandae ut porro. Eum magnam accusamus quod perferendis sapiente. Quam nostrum ad et possimus ex dolorum praesentium.', '1998-02-04 13:35:59', '1980-07-22 20:29:00');
INSERT INTO `vacancies` (`id`, `project_id`, `name`, `description`, `created_at`, `updated_at`) VALUES (61, 61, 'architecto', 'Iste fuga omnis veritatis omnis fuga. Et cumque rerum placeat earum qui animi nam. Vero voluptatem facere labore id.', '1985-08-14 02:16:38', '2005-03-22 01:41:11');
INSERT INTO `vacancies` (`id`, `project_id`, `name`, `description`, `created_at`, `updated_at`) VALUES (62, 62, 'error', 'Enim nisi quibusdam qui quis quo est rerum. Nobis vitae rerum sit architecto voluptas repudiandae eos. Recusandae laborum sequi atque a voluptatem a et. Quo commodi ea dolorem vel est assumenda cupiditate.', '1976-08-13 10:44:12', '1989-05-02 21:03:57');
INSERT INTO `vacancies` (`id`, `project_id`, `name`, `description`, `created_at`, `updated_at`) VALUES (63, 63, 'in', 'Laborum eos voluptatibus aut et. In nostrum est occaecati non autem modi quam. Non qui necessitatibus quod autem sequi at. Dolor dolor labore aliquid sunt quis est.', '1971-08-27 15:58:35', '1972-02-08 11:00:19');
INSERT INTO `vacancies` (`id`, `project_id`, `name`, `description`, `created_at`, `updated_at`) VALUES (64, 64, 'aut', 'Totam hic officiis esse labore nisi. Voluptas odio facilis alias ipsum. Harum mollitia consequatur totam quisquam aut libero ut. Tempore hic provident et non et consequuntur.', '1991-11-19 09:23:02', '2011-06-14 19:43:24');
INSERT INTO `vacancies` (`id`, `project_id`, `name`, `description`, `created_at`, `updated_at`) VALUES (65, 65, 'voluptas', 'Quasi et et iste quibusdam qui animi. Veniam dolores nam quia id.', '2019-08-05 21:47:51', '2009-03-08 17:34:54');
INSERT INTO `vacancies` (`id`, `project_id`, `name`, `description`, `created_at`, `updated_at`) VALUES (66, 66, 'expedita', 'Perferendis itaque earum dolorem aspernatur at occaecati. Tenetur tempore numquam officiis consequatur hic quis quasi voluptas. Praesentium et molestiae eius ad earum. Reiciendis veritatis aut voluptatem qui.', '2008-08-26 06:09:54', '1977-12-10 07:29:23');
INSERT INTO `vacancies` (`id`, `project_id`, `name`, `description`, `created_at`, `updated_at`) VALUES (67, 67, 'ea', 'Sunt minus inventore non soluta repudiandae ex et. Explicabo ut rem non sit ipsa omnis in. Necessitatibus quos autem aperiam non perspiciatis. Reiciendis minus officia accusamus et illo.', '1980-11-21 00:00:07', '2012-07-30 11:56:47');
INSERT INTO `vacancies` (`id`, `project_id`, `name`, `description`, `created_at`, `updated_at`) VALUES (68, 68, 'dolorum', 'Reprehenderit iure aut minima dolorum quia et eum. Iusto id sequi minima voluptatem qui. Quidem officia delectus perspiciatis porro cupiditate. Quo porro consequatur quia quo.', '2013-05-13 15:57:15', '1997-12-03 18:25:13');
INSERT INTO `vacancies` (`id`, `project_id`, `name`, `description`, `created_at`, `updated_at`) VALUES (69, 69, 'voluptas', 'Fugit adipisci quam et aut. Possimus et aut rerum aliquid sapiente sit. Quos fugiat iusto nemo animi occaecati exercitationem et. Sed asperiores explicabo deserunt.', '2002-08-06 20:25:27', '2004-01-11 09:06:30');
INSERT INTO `vacancies` (`id`, `project_id`, `name`, `description`, `created_at`, `updated_at`) VALUES (70, 70, 'modi', 'Cum accusantium est tempore. Ut quidem ut dolor cum sint dignissimos consequatur. Natus occaecati aut aut quidem. Earum quibusdam porro optio quo est et voluptatem. Autem est nisi aliquam minus sit commodi laudantium sapiente.', '1985-08-25 04:36:00', '2017-07-02 19:24:29');
INSERT INTO `vacancies` (`id`, `project_id`, `name`, `description`, `created_at`, `updated_at`) VALUES (71, 71, 'qui', 'Ullam quos dolorem in omnis maxime inventore. Ipsum ut perferendis qui tenetur ab labore. Autem aut molestias quo exercitationem.', '2011-09-23 03:52:21', '1982-03-18 17:33:25');
INSERT INTO `vacancies` (`id`, `project_id`, `name`, `description`, `created_at`, `updated_at`) VALUES (72, 72, 'aut', 'Voluptatem nesciunt minima odit corrupti consequatur. Sit non voluptas nisi corporis accusantium sit laborum. Necessitatibus veniam et accusamus ullam in dicta et.', '1998-01-03 10:48:47', '1978-08-19 03:42:47');
INSERT INTO `vacancies` (`id`, `project_id`, `name`, `description`, `created_at`, `updated_at`) VALUES (73, 73, 'fugit', 'Dolorem aspernatur sunt earum dolore. Dolor exercitationem sapiente vero ut ex eum. Ut eum velit quia dignissimos architecto.', '1975-04-02 18:51:33', '1983-06-20 11:49:46');
INSERT INTO `vacancies` (`id`, `project_id`, `name`, `description`, `created_at`, `updated_at`) VALUES (74, 74, 'voluptate', 'Est commodi at deleniti quaerat enim. Rem autem officia qui et. Iste consequatur doloribus voluptatem rem voluptate sunt ut.', '2013-03-10 02:40:42', '1977-04-18 16:34:15');
INSERT INTO `vacancies` (`id`, `project_id`, `name`, `description`, `created_at`, `updated_at`) VALUES (75, 75, 'ipsam', 'Aut ratione vel et asperiores. Id est dolorum placeat aut atque voluptas in. Et velit soluta ipsum velit non. Accusantium aut dolore id nihil.', '2010-07-29 03:01:21', '2006-03-23 18:07:01');
INSERT INTO `vacancies` (`id`, `project_id`, `name`, `description`, `created_at`, `updated_at`) VALUES (76, 76, 'molestias', 'Voluptas fugit voluptatem reiciendis dolor. Corporis dolores consequuntur distinctio aut reprehenderit voluptatibus natus. Quia recusandae sequi quo deserunt sed.', '2013-05-17 09:11:44', '2017-07-22 04:21:15');
INSERT INTO `vacancies` (`id`, `project_id`, `name`, `description`, `created_at`, `updated_at`) VALUES (77, 77, 'fugiat', 'Facilis facilis consequatur non laudantium esse vel aliquid. Rerum et eum hic est dignissimos numquam qui delectus. Et illo libero provident debitis magnam blanditiis quis fugit.', '2012-05-22 20:46:04', '2002-05-07 08:38:04');
INSERT INTO `vacancies` (`id`, `project_id`, `name`, `description`, `created_at`, `updated_at`) VALUES (78, 78, 'a', 'Ipsum ea nihil harum excepturi ipsum tempore cum. Nihil nobis enim hic. Quasi quo et qui consequatur aut. Quod et enim minima molestias eum adipisci ut omnis.', '2014-04-17 12:08:54', '2004-02-21 20:56:19');
INSERT INTO `vacancies` (`id`, `project_id`, `name`, `description`, `created_at`, `updated_at`) VALUES (79, 79, 'aut', 'Id qui officiis inventore dolor ipsam non impedit delectus. Aspernatur eius debitis voluptatem perspiciatis fugit quia facilis.', '2007-06-17 23:07:13', '2010-01-31 00:06:47');
INSERT INTO `vacancies` (`id`, `project_id`, `name`, `description`, `created_at`, `updated_at`) VALUES (80, 80, 'et', 'Modi accusamus quisquam et delectus. Non et voluptas neque est. Nam voluptatem quibusdam mollitia modi aut consequatur. Blanditiis qui iure minima provident quam ex quos ducimus. Nulla et illo minus commodi.', '2000-06-27 22:55:21', '1977-06-01 21:28:18');
INSERT INTO `vacancies` (`id`, `project_id`, `name`, `description`, `created_at`, `updated_at`) VALUES (81, 81, 'hic', 'Et illo voluptatem sunt ut reiciendis. Voluptates et assumenda reiciendis unde omnis architecto ex quaerat. Natus et ducimus a ratione harum neque rem ut. Deleniti et laborum nobis ipsa molestias.', '1971-01-03 02:34:17', '2018-12-22 22:56:49');
INSERT INTO `vacancies` (`id`, `project_id`, `name`, `description`, `created_at`, `updated_at`) VALUES (82, 82, 'ut', 'Nobis qui ab error enim aliquam nam non. Cum quod at temporibus perferendis distinctio incidunt voluptatem. Aliquam hic illo sit ut ullam qui. Aliquid earum itaque non incidunt.', '1971-03-23 08:37:21', '2015-05-20 16:17:16');
INSERT INTO `vacancies` (`id`, `project_id`, `name`, `description`, `created_at`, `updated_at`) VALUES (83, 83, 'et', 'Architecto soluta consequatur quod et. Quae quibusdam eos suscipit iure. Natus consectetur quibusdam ut ab.', '1999-07-23 08:39:08', '2001-01-02 19:39:11');
INSERT INTO `vacancies` (`id`, `project_id`, `name`, `description`, `created_at`, `updated_at`) VALUES (84, 84, 'consequatur', 'Et pariatur non dolores sequi ut. Voluptas eaque labore fugit voluptas sit enim. Occaecati quidem provident voluptatem excepturi ad adipisci. Laboriosam quis atque inventore corporis.', '1991-04-01 12:30:47', '2010-01-10 11:51:02');
INSERT INTO `vacancies` (`id`, `project_id`, `name`, `description`, `created_at`, `updated_at`) VALUES (85, 85, 'blanditiis', 'Distinctio quo quaerat consequatur est. Similique voluptates commodi autem. Aliquid aliquid aut animi dicta. Explicabo corporis porro aut voluptatum consectetur. Sit quis qui dolores consequatur id.', '1975-03-07 18:12:43', '2006-03-05 03:04:47');
INSERT INTO `vacancies` (`id`, `project_id`, `name`, `description`, `created_at`, `updated_at`) VALUES (86, 86, 'voluptatibus', 'Ut quia est recusandae esse maiores et porro. Hic id quos optio consequatur eos quisquam. Ea nulla excepturi ratione et.', '1993-06-01 18:05:21', '1987-12-04 03:28:00');
INSERT INTO `vacancies` (`id`, `project_id`, `name`, `description`, `created_at`, `updated_at`) VALUES (87, 87, 'nulla', 'Corrupti a fuga asperiores fuga. Tempore aut vel laboriosam qui maiores. Sunt consequuntur minima sit vel.', '1996-03-28 14:14:25', '2015-12-26 08:17:49');
INSERT INTO `vacancies` (`id`, `project_id`, `name`, `description`, `created_at`, `updated_at`) VALUES (88, 88, 'provident', 'Qui eos consequatur corporis nostrum non tempora. Sint voluptatem velit dolores totam. Aut sed minus aut enim quibusdam sed voluptatem. Non illo sapiente possimus adipisci eos non quis. Neque perferendis deserunt non nostrum nemo.', '2012-05-27 12:31:14', '2005-05-31 05:51:35');
INSERT INTO `vacancies` (`id`, `project_id`, `name`, `description`, `created_at`, `updated_at`) VALUES (89, 89, 'corporis', 'Eum qui doloremque molestias repudiandae quae ea. Est saepe qui explicabo et itaque est consequatur. Veritatis ut est qui corrupti cumque minus quam.', '1999-09-16 08:11:15', '1990-05-18 21:44:57');
INSERT INTO `vacancies` (`id`, `project_id`, `name`, `description`, `created_at`, `updated_at`) VALUES (90, 90, 'id', 'Voluptatem architecto nihil expedita et dolores porro. Eos perferendis aut odio qui corporis adipisci non. Beatae eos similique repellendus dignissimos saepe ut.', '2005-01-03 07:10:23', '2008-12-19 00:08:09');
INSERT INTO `vacancies` (`id`, `project_id`, `name`, `description`, `created_at`, `updated_at`) VALUES (91, 91, 'eveniet', 'Distinctio natus nihil praesentium quae et in eos praesentium. Facilis rerum laudantium molestiae numquam alias earum fuga.', '1984-01-10 01:48:37', '1975-10-15 09:51:11');
INSERT INTO `vacancies` (`id`, `project_id`, `name`, `description`, `created_at`, `updated_at`) VALUES (92, 92, 'aperiam', 'Itaque odio dolor hic veritatis. Illo rerum quasi in fugit ut. Non officia ea dolore corrupti fuga ratione.', '1997-05-04 23:12:16', '1970-11-30 06:15:00');
INSERT INTO `vacancies` (`id`, `project_id`, `name`, `description`, `created_at`, `updated_at`) VALUES (93, 93, 'quam', 'Et delectus voluptatum corrupti ipsa minus. Deserunt voluptates unde ipsa autem ullam quia. Hic et adipisci aut incidunt dolor sequi. Nisi praesentium assumenda sint sapiente quasi vitae hic.', '1974-02-20 00:35:59', '1992-11-22 15:40:36');
INSERT INTO `vacancies` (`id`, `project_id`, `name`, `description`, `created_at`, `updated_at`) VALUES (94, 94, 'dignissimos', 'Cumque modi aliquid numquam soluta ratione cumque. Rerum sint expedita repellendus quam aspernatur. Quas culpa et rem quas. Dolor quisquam ea quis et dolorum quibusdam. Minima aut fuga veritatis tempore distinctio adipisci.', '1980-02-29 00:13:58', '1978-07-13 13:33:12');
INSERT INTO `vacancies` (`id`, `project_id`, `name`, `description`, `created_at`, `updated_at`) VALUES (95, 95, 'voluptatem', 'Minus vel eos animi distinctio optio voluptas cum. Atque quia id nesciunt beatae ut saepe quis. Ea aperiam autem non est omnis blanditiis fuga dolorem.', '2000-01-24 15:43:38', '1999-04-01 03:10:24');
INSERT INTO `vacancies` (`id`, `project_id`, `name`, `description`, `created_at`, `updated_at`) VALUES (96, 96, 'sunt', 'Qui sequi ipsa id eius. Cupiditate ut est quae dolor quibusdam. Qui cumque odit molestias praesentium sed. Et hic blanditiis et aliquid molestiae quasi.', '1987-12-10 02:00:13', '2003-06-22 05:18:03');
INSERT INTO `vacancies` (`id`, `project_id`, `name`, `description`, `created_at`, `updated_at`) VALUES (97, 97, 'eum', 'Est illum repudiandae debitis nisi aut eum praesentium. Non quidem commodi non dolorem incidunt placeat ab. Accusantium distinctio in id hic ad occaecati et eum. Beatae est quas officia libero.', '1973-08-10 19:44:43', '2011-02-26 14:34:09');
INSERT INTO `vacancies` (`id`, `project_id`, `name`, `description`, `created_at`, `updated_at`) VALUES (98, 98, 'dolorem', 'A quis nulla omnis consequatur hic nobis maxime omnis. Odio qui ducimus accusamus eius. Aliquid debitis dicta rerum eveniet velit aut.', '1971-09-20 07:38:07', '1988-12-30 05:11:23');
INSERT INTO `vacancies` (`id`, `project_id`, `name`, `description`, `created_at`, `updated_at`) VALUES (99, 99, 'animi', 'Explicabo aut eum dolorem blanditiis. Fuga alias quia consequatur earum. Doloremque expedita commodi maxime cumque. Quod aut itaque dolorem adipisci.', '1989-08-25 11:15:43', '2007-10-16 04:33:58');
INSERT INTO `vacancies` (`id`, `project_id`, `name`, `description`, `created_at`, `updated_at`) VALUES (100, 100, 'dolorem', 'Dignissimos architecto natus porro in ipsam debitis. Laudantium enim explicabo reiciendis nihil omnis non incidunt.', '1986-02-09 14:38:17', '1997-12-17 09:00:47');


#
# TABLE STRUCTURE FOR: vacancy_responses
#

DROP TABLE IF EXISTS `vacancy_responses`;

CREATE TABLE `vacancy_responses` (
  `id` int(10) unsigned NOT NULL AUTO_INCREMENT,
  `vacancy_id` int(10) unsigned NOT NULL,
  `user_id` int(10) unsigned NOT NULL,
  `message` text COLLATE utf8_unicode_ci NOT NULL,
  PRIMARY KEY (`id`),
  KEY `vacancy_id` (`vacancy_id`),
  KEY `user_id` (`user_id`),
  CONSTRAINT `vacancy_responses_ibfk_1` FOREIGN KEY (`vacancy_id`) REFERENCES `vacancies` (`id`),
  CONSTRAINT `vacancy_responses_ibfk_2` FOREIGN KEY (`user_id`) REFERENCES `users` (`id`)
) ENGINE=InnoDB AUTO_INCREMENT=101 DEFAULT CHARSET=utf8 COLLATE=utf8_unicode_ci;

INSERT INTO `vacancy_responses` (`id`, `vacancy_id`, `user_id`, `message`) VALUES (1, 1, 1, 'Dolorem doloribus magnam veniam modi et in vel. Quisquam voluptas nam qui voluptatem voluptas.');
INSERT INTO `vacancy_responses` (`id`, `vacancy_id`, `user_id`, `message`) VALUES (2, 2, 2, 'Et qui temporibus qui optio rem labore quisquam et. Nesciunt quo voluptatem ut doloremque ut sapiente. Nobis eius est repellat possimus.');
INSERT INTO `vacancy_responses` (`id`, `vacancy_id`, `user_id`, `message`) VALUES (3, 3, 3, 'At aspernatur similique quisquam odio quam et aut consectetur. Nihil suscipit rerum ut dolore. Ut placeat consectetur enim aspernatur et sequi fugiat. A facere perspiciatis vel commodi natus accusantium similique. Voluptatem animi tempora et soluta cupiditate.');
INSERT INTO `vacancy_responses` (`id`, `vacancy_id`, `user_id`, `message`) VALUES (4, 4, 4, 'Officiis qui velit maiores mollitia soluta consequatur. Tempore est qui consequatur minima magnam quas et ut. Sit quis sapiente est consequatur. Repudiandae qui et voluptatibus temporibus consequatur hic temporibus dolores.');
INSERT INTO `vacancy_responses` (`id`, `vacancy_id`, `user_id`, `message`) VALUES (5, 5, 5, 'Tenetur nesciunt reprehenderit quas consequatur. Adipisci esse doloremque est aliquam. Voluptatem autem tenetur non deleniti et eos dolorum deserunt. Eveniet ea et est minus cupiditate.');
INSERT INTO `vacancy_responses` (`id`, `vacancy_id`, `user_id`, `message`) VALUES (6, 6, 6, 'Molestiae qui numquam velit. Iste iste qui eos soluta. Autem qui aut quo placeat. Optio quia inventore qui in sint aut quis.');
INSERT INTO `vacancy_responses` (`id`, `vacancy_id`, `user_id`, `message`) VALUES (7, 7, 7, 'Id inventore dolor qui error sint perspiciatis enim et. Cum adipisci excepturi alias et. Ut est reiciendis voluptatum quasi inventore facere et. Culpa velit et aliquam voluptas eum ducimus error sit.');
INSERT INTO `vacancy_responses` (`id`, `vacancy_id`, `user_id`, `message`) VALUES (8, 8, 8, 'Temporibus et eveniet qui ipsam omnis. Explicabo nam consequatur doloremque officia alias.');
INSERT INTO `vacancy_responses` (`id`, `vacancy_id`, `user_id`, `message`) VALUES (9, 9, 9, 'Mollitia ea atque voluptate earum ad officia natus autem. Dolore nam labore recusandae labore. Et ab quia aut rem fugit. Illo sapiente et quasi optio doloribus. Deserunt voluptas reprehenderit est id molestias ut consequatur.');
INSERT INTO `vacancy_responses` (`id`, `vacancy_id`, `user_id`, `message`) VALUES (10, 10, 10, 'Ut nisi beatae placeat quo perspiciatis eius incidunt repellat. Praesentium hic incidunt voluptates omnis dolore vero natus. Magni voluptatibus nemo eum perspiciatis. Rem molestiae est nobis asperiores aut dignissimos asperiores qui. Quaerat vel quae dolore.');
INSERT INTO `vacancy_responses` (`id`, `vacancy_id`, `user_id`, `message`) VALUES (11, 11, 11, 'Ab eaque aspernatur est pariatur. Eum quia non id. Tempore velit commodi voluptatem temporibus tenetur. Non est odio magni quas. Voluptatibus voluptatum sint rerum blanditiis rerum sint.');
INSERT INTO `vacancy_responses` (`id`, `vacancy_id`, `user_id`, `message`) VALUES (12, 12, 12, 'Assumenda ad in cum temporibus sint. Voluptatem enim voluptatem quia quisquam. Corrupti asperiores ipsum ut velit quia molestias. Distinctio repellat quis ipsum omnis aut.');
INSERT INTO `vacancy_responses` (`id`, `vacancy_id`, `user_id`, `message`) VALUES (13, 13, 13, 'Sit nesciunt amet laboriosam. Nisi asperiores et corrupti et quibusdam officiis. Qui autem mollitia aliquam optio. Et voluptates ipsa repudiandae error.');
INSERT INTO `vacancy_responses` (`id`, `vacancy_id`, `user_id`, `message`) VALUES (14, 14, 14, 'Dolores incidunt voluptatem rem ut velit. Sit et voluptatibus ut repudiandae qui maiores. Necessitatibus aut nisi voluptatem et libero magnam est reiciendis. Cum iusto saepe quae et ex et pariatur quia.');
INSERT INTO `vacancy_responses` (`id`, `vacancy_id`, `user_id`, `message`) VALUES (15, 15, 15, 'Numquam soluta sit rem cum fugit omnis. Iste deserunt et sed sed dicta est. Architecto repellendus cumque doloribus error et ex ut.');
INSERT INTO `vacancy_responses` (`id`, `vacancy_id`, `user_id`, `message`) VALUES (16, 16, 16, 'Aut placeat et voluptatibus eos ex voluptas in consequatur. Sed distinctio rerum possimus sapiente rem. At consequatur eum quod ab culpa. Vero neque illum ex cum.');
INSERT INTO `vacancy_responses` (`id`, `vacancy_id`, `user_id`, `message`) VALUES (17, 17, 17, 'Autem facilis ut qui et suscipit earum dolor est. Rerum voluptatem quas dolor saepe. Fuga vel et quo fuga magni facere possimus. Et molestias est ducimus accusamus.');
INSERT INTO `vacancy_responses` (`id`, `vacancy_id`, `user_id`, `message`) VALUES (18, 18, 18, 'Ut sint nesciunt voluptates maxime. Assumenda autem veniam minima a odit voluptatem ut. Quas alias ducimus ea eius sit odit est.');
INSERT INTO `vacancy_responses` (`id`, `vacancy_id`, `user_id`, `message`) VALUES (19, 19, 19, 'Vel et ut iure sequi id eligendi nobis. Modi rerum ut voluptates qui. Id architecto optio repudiandae aut. Sunt et atque culpa quibusdam est.');
INSERT INTO `vacancy_responses` (`id`, `vacancy_id`, `user_id`, `message`) VALUES (20, 20, 20, 'Eos veritatis possimus itaque vitae voluptatem ut. Temporibus itaque ut iusto nemo sed voluptatem fuga. Repellendus et non reiciendis officiis. Et unde debitis quis aut odit.');
INSERT INTO `vacancy_responses` (`id`, `vacancy_id`, `user_id`, `message`) VALUES (21, 21, 21, 'Nostrum eum qui ducimus voluptatibus. Distinctio ipsam exercitationem eveniet non adipisci quis. Autem sed inventore magnam eveniet.');
INSERT INTO `vacancy_responses` (`id`, `vacancy_id`, `user_id`, `message`) VALUES (22, 22, 22, 'Reprehenderit voluptatem delectus rerum officiis. Ipsa et voluptatem sed. Ullam sit assumenda cum et veritatis fugiat. Qui qui voluptas exercitationem placeat id veritatis debitis.');
INSERT INTO `vacancy_responses` (`id`, `vacancy_id`, `user_id`, `message`) VALUES (23, 23, 23, 'Mollitia natus molestiae laborum consequatur et iusto saepe. Eos voluptatibus sunt magni ullam iure consectetur. Voluptas nihil iste ut ut.');
INSERT INTO `vacancy_responses` (`id`, `vacancy_id`, `user_id`, `message`) VALUES (24, 24, 24, 'Quis dolores aspernatur esse quos veritatis qui ad. Deserunt enim sint omnis vero. Sed consequatur cum qui ut voluptatem amet illo unde.');
INSERT INTO `vacancy_responses` (`id`, `vacancy_id`, `user_id`, `message`) VALUES (25, 25, 25, 'Aut cupiditate sed sit. Iusto vitae qui et facilis sit. Eligendi officia quam itaque rerum dolor dolor omnis et. Qui molestiae laboriosam unde optio.');
INSERT INTO `vacancy_responses` (`id`, `vacancy_id`, `user_id`, `message`) VALUES (26, 26, 26, 'Eius voluptatum qui voluptate voluptatem alias magni iusto. Facere consequuntur id qui. Nihil et laborum provident eos. Et error quis eos sint itaque ea.');
INSERT INTO `vacancy_responses` (`id`, `vacancy_id`, `user_id`, `message`) VALUES (27, 27, 27, 'Temporibus dolorem tempore nemo ipsa aut error. Consequuntur voluptas est laborum est et molestiae dolorem. Dolor et sunt et molestiae dolorem ut aut. Pariatur sed officiis autem voluptatibus.');
INSERT INTO `vacancy_responses` (`id`, `vacancy_id`, `user_id`, `message`) VALUES (28, 28, 28, 'Veniam illum odio asperiores reiciendis deleniti. Labore alias omnis laborum et velit qui repudiandae. Corrupti praesentium totam ea. Consequatur id magnam aspernatur libero nulla.');
INSERT INTO `vacancy_responses` (`id`, `vacancy_id`, `user_id`, `message`) VALUES (29, 29, 29, 'Amet voluptatem totam enim est. Quisquam optio molestiae cupiditate et qui dignissimos. Autem natus mollitia odit et tempora molestiae.');
INSERT INTO `vacancy_responses` (`id`, `vacancy_id`, `user_id`, `message`) VALUES (30, 30, 30, 'Et repellendus nulla sapiente fugit repellendus voluptas. Dolorum beatae quo tenetur repellat vel. Nostrum eos officia quis sunt quasi tempora. Officia recusandae sed tenetur.');
INSERT INTO `vacancy_responses` (`id`, `vacancy_id`, `user_id`, `message`) VALUES (31, 31, 31, 'Maiores earum est doloribus libero tenetur. Animi sed magnam vel rerum molestiae praesentium qui. Est amet excepturi non quia itaque quisquam est soluta. Ratione culpa placeat commodi veritatis in ipsam.');
INSERT INTO `vacancy_responses` (`id`, `vacancy_id`, `user_id`, `message`) VALUES (32, 32, 32, 'Et quia ipsa accusamus impedit dignissimos provident. Minus optio eum vel distinctio laborum sed. Molestias et illo fugit ad qui.');
INSERT INTO `vacancy_responses` (`id`, `vacancy_id`, `user_id`, `message`) VALUES (33, 33, 33, 'Incidunt nam eligendi vel quo sint porro. Sunt eaque modi voluptates consequatur sequi excepturi voluptatem. Corporis quas facere animi eos. Impedit accusantium mollitia sunt rerum nesciunt occaecati voluptas enim.');
INSERT INTO `vacancy_responses` (`id`, `vacancy_id`, `user_id`, `message`) VALUES (34, 34, 34, 'Iure culpa sed labore et. Et molestiae maiores eum minima eum quia. Provident ratione aut dolores sequi vitae amet voluptatem.');
INSERT INTO `vacancy_responses` (`id`, `vacancy_id`, `user_id`, `message`) VALUES (35, 35, 35, 'Qui optio rerum aliquid enim tempore sint aut at. Consequatur sit quo impedit odio itaque vel officia cupiditate. Maiores laborum quo eum aliquam.');
INSERT INTO `vacancy_responses` (`id`, `vacancy_id`, `user_id`, `message`) VALUES (36, 36, 36, 'Quo occaecati nesciunt ipsa corrupti aperiam non. Eos est ut cumque vero ex voluptatum reprehenderit. Id labore corporis quis modi autem. Sed voluptatibus aspernatur quis molestias.');
INSERT INTO `vacancy_responses` (`id`, `vacancy_id`, `user_id`, `message`) VALUES (37, 37, 37, 'Et molestias eligendi vel et fugit qui. Ut beatae quos esse aliquid. Delectus enim omnis quos et quae omnis.');
INSERT INTO `vacancy_responses` (`id`, `vacancy_id`, `user_id`, `message`) VALUES (38, 38, 38, 'Rerum expedita unde adipisci. Officiis deleniti id beatae consequatur. Dolores aut est maxime nulla.');
INSERT INTO `vacancy_responses` (`id`, `vacancy_id`, `user_id`, `message`) VALUES (39, 39, 39, 'Laboriosam dignissimos cum aut et ad. Et ut amet temporibus assumenda sapiente dolorum. Necessitatibus omnis sed omnis et eaque excepturi. Repellendus adipisci recusandae nobis vel corporis facere natus. Quia ea rerum autem iste praesentium earum voluptas.');
INSERT INTO `vacancy_responses` (`id`, `vacancy_id`, `user_id`, `message`) VALUES (40, 40, 40, 'Aut pariatur sit cumque facilis exercitationem. Eveniet nesciunt est magni.');
INSERT INTO `vacancy_responses` (`id`, `vacancy_id`, `user_id`, `message`) VALUES (41, 41, 41, 'Cupiditate voluptate veritatis sed et in laboriosam libero. Voluptas doloremque sunt qui tenetur reiciendis. Deserunt ex quo nam at. Et tempora natus quidem deserunt harum labore dolores. Iusto velit dolorem labore sed reprehenderit.');
INSERT INTO `vacancy_responses` (`id`, `vacancy_id`, `user_id`, `message`) VALUES (42, 42, 42, 'Ut neque rem maxime qui quo ea minima. Sint vitae ipsa facere et rerum. Et incidunt dolores architecto molestias facere modi.');
INSERT INTO `vacancy_responses` (`id`, `vacancy_id`, `user_id`, `message`) VALUES (43, 43, 43, 'Voluptas nisi commodi iusto dolore. Deleniti fugit voluptatem quia similique veniam accusantium. In neque et natus facilis dolorem illo et.');
INSERT INTO `vacancy_responses` (`id`, `vacancy_id`, `user_id`, `message`) VALUES (44, 44, 44, 'Consequuntur temporibus porro vitae qui. Architecto consequatur alias similique est. Fuga esse voluptate voluptatem. Est voluptatem aut nostrum labore odit laudantium est.');
INSERT INTO `vacancy_responses` (`id`, `vacancy_id`, `user_id`, `message`) VALUES (45, 45, 45, 'Eum accusantium sed cupiditate excepturi numquam sint omnis. Est consequatur corrupti quia et maxime asperiores distinctio ab. Qui occaecati atque debitis fuga fugit et.');
INSERT INTO `vacancy_responses` (`id`, `vacancy_id`, `user_id`, `message`) VALUES (46, 46, 46, 'Pariatur eos provident impedit distinctio. Maiores quidem accusantium consequatur iste culpa adipisci eius. Enim nihil ut ipsam illo laboriosam itaque id. Sed aut consequatur doloribus est.');
INSERT INTO `vacancy_responses` (`id`, `vacancy_id`, `user_id`, `message`) VALUES (47, 47, 47, 'Quod quia voluptas et. Magnam consequatur officiis harum et qui sed vel id. Qui aut corporis enim sit provident tenetur quia.');
INSERT INTO `vacancy_responses` (`id`, `vacancy_id`, `user_id`, `message`) VALUES (48, 48, 48, 'Rem magnam accusamus omnis voluptas aliquam quibusdam alias. Quae hic magni ea sint delectus aut libero. Illo odio eligendi porro dignissimos fugiat.');
INSERT INTO `vacancy_responses` (`id`, `vacancy_id`, `user_id`, `message`) VALUES (49, 49, 49, 'Fugiat qui eaque molestias quasi. Sed voluptatem illum earum iure. Dolorum aspernatur quis laudantium pariatur voluptate.');
INSERT INTO `vacancy_responses` (`id`, `vacancy_id`, `user_id`, `message`) VALUES (50, 50, 50, 'Sunt maxime molestiae suscipit consequatur veritatis sed. Omnis sint aut voluptatem illum sunt. Maiores in quo libero in et corrupti.');
INSERT INTO `vacancy_responses` (`id`, `vacancy_id`, `user_id`, `message`) VALUES (51, 51, 51, 'Sint magni ut dolores vitae. Eaque distinctio sint recusandae ut quia pariatur voluptatibus. Sint iste cupiditate ut nihil. Qui repudiandae quia et iure molestias reprehenderit deleniti.');
INSERT INTO `vacancy_responses` (`id`, `vacancy_id`, `user_id`, `message`) VALUES (52, 52, 52, 'Occaecati temporibus doloremque qui commodi quis officia molestiae distinctio. Neque vero nihil nihil est sed qui rem dicta. Rem voluptatem voluptas tenetur in sint tenetur voluptatem.');
INSERT INTO `vacancy_responses` (`id`, `vacancy_id`, `user_id`, `message`) VALUES (53, 53, 53, 'Suscipit quia hic id eaque deserunt. Quo quibusdam dolores et. Fuga quae modi sit est omnis asperiores omnis. Ipsa assumenda animi molestiae unde aperiam ut. Et vel aliquid quis quis quae non voluptas.');
INSERT INTO `vacancy_responses` (`id`, `vacancy_id`, `user_id`, `message`) VALUES (54, 54, 54, 'Corporis accusantium cumque minima dolorum. Nam explicabo nemo voluptas rem sed aut. Est ut provident ducimus.');
INSERT INTO `vacancy_responses` (`id`, `vacancy_id`, `user_id`, `message`) VALUES (55, 55, 55, 'Quia et et et aut soluta nisi. Ut doloremque non explicabo sunt amet. Praesentium neque beatae occaecati id rerum sed.');
INSERT INTO `vacancy_responses` (`id`, `vacancy_id`, `user_id`, `message`) VALUES (56, 56, 56, 'Voluptatem qui dolorem quibusdam sunt dolor et sit. Voluptatem ipsum consequatur veritatis soluta repellat. Tempore doloremque eos est.');
INSERT INTO `vacancy_responses` (`id`, `vacancy_id`, `user_id`, `message`) VALUES (57, 57, 57, 'Modi tempora repellat et dolores. Odio et sit sunt quas. Sint nostrum sit quia quo nesciunt. Eveniet eos corporis omnis quod totam dolorem dolorem.');
INSERT INTO `vacancy_responses` (`id`, `vacancy_id`, `user_id`, `message`) VALUES (58, 58, 58, 'Veniam modi voluptas qui rerum. Quo eos eius natus ex iure doloremque nam officiis. Animi quidem eveniet beatae molestiae quia tenetur.');
INSERT INTO `vacancy_responses` (`id`, `vacancy_id`, `user_id`, `message`) VALUES (59, 59, 59, 'Molestiae aliquid explicabo laborum laudantium. Accusantium praesentium reiciendis sit magni. Quis possimus fugiat voluptas.');
INSERT INTO `vacancy_responses` (`id`, `vacancy_id`, `user_id`, `message`) VALUES (60, 60, 60, 'Molestiae ipsam sint et unde. Error corrupti est quo architecto. Velit aliquid dolore vel ex illo odio sint dignissimos. Deleniti omnis omnis nihil numquam molestiae non voluptas vel.');
INSERT INTO `vacancy_responses` (`id`, `vacancy_id`, `user_id`, `message`) VALUES (61, 61, 61, 'Sapiente fuga quis repellat totam. Quae omnis tenetur aspernatur omnis iusto labore quia. Voluptates autem ut sunt esse rerum provident. Ut accusamus perspiciatis tempore consequuntur autem beatae totam.');
INSERT INTO `vacancy_responses` (`id`, `vacancy_id`, `user_id`, `message`) VALUES (62, 62, 62, 'Quidem qui dolore itaque sapiente non. Accusamus adipisci possimus blanditiis aut dicta. Enim sint at fugiat et placeat sunt omnis.');
INSERT INTO `vacancy_responses` (`id`, `vacancy_id`, `user_id`, `message`) VALUES (63, 63, 63, 'Sequi qui nam magnam libero sed. Est mollitia id et deleniti in. Ut amet reprehenderit quaerat ad excepturi provident aut animi.');
INSERT INTO `vacancy_responses` (`id`, `vacancy_id`, `user_id`, `message`) VALUES (64, 64, 64, 'Dolores autem aliquam porro reprehenderit optio commodi sint. Quod et incidunt dolorem facilis sunt voluptates.');
INSERT INTO `vacancy_responses` (`id`, `vacancy_id`, `user_id`, `message`) VALUES (65, 65, 65, 'Et et eaque sint ipsa autem ipsam placeat dolorem. Rem alias et quis quis. Est dolorum dolores et debitis tempore rerum quia totam.');
INSERT INTO `vacancy_responses` (`id`, `vacancy_id`, `user_id`, `message`) VALUES (66, 66, 66, 'Eum qui rerum eveniet qui esse corrupti cum aut. Reiciendis cumque consequuntur at et numquam deleniti magni. Tempore asperiores iusto illum asperiores et temporibus voluptatem.');
INSERT INTO `vacancy_responses` (`id`, `vacancy_id`, `user_id`, `message`) VALUES (67, 67, 67, 'Itaque rerum commodi itaque molestias tempora. Atque omnis sunt suscipit itaque.');
INSERT INTO `vacancy_responses` (`id`, `vacancy_id`, `user_id`, `message`) VALUES (68, 68, 68, 'Deserunt officia consequatur quam ut aliquid. Maiores nulla reprehenderit eaque temporibus quia. Omnis ipsum asperiores quis excepturi vitae quibusdam.');
INSERT INTO `vacancy_responses` (`id`, `vacancy_id`, `user_id`, `message`) VALUES (69, 69, 69, 'Earum porro est eos quia. Ducimus quia aliquam magnam.');
INSERT INTO `vacancy_responses` (`id`, `vacancy_id`, `user_id`, `message`) VALUES (70, 70, 70, 'Enim non quibusdam aliquid expedita et. At molestiae velit sed ut eligendi. Est dolore itaque ipsam officia ipsa.');
INSERT INTO `vacancy_responses` (`id`, `vacancy_id`, `user_id`, `message`) VALUES (71, 71, 71, 'Non quas est nemo. At sed ut cum aut pariatur ut. Recusandae sunt minus aut.');
INSERT INTO `vacancy_responses` (`id`, `vacancy_id`, `user_id`, `message`) VALUES (72, 72, 72, 'Illo excepturi nisi fuga. Perspiciatis repellat ut aut quas corrupti in quos. Consequuntur et voluptates quia quisquam quo. Quis possimus iste eum consequatur consectetur aliquam.');
INSERT INTO `vacancy_responses` (`id`, `vacancy_id`, `user_id`, `message`) VALUES (73, 73, 73, 'Quod assumenda eos doloribus aliquam. Labore nemo vel accusantium sit saepe autem quasi. Labore est commodi veritatis commodi nesciunt ex voluptas. Nulla exercitationem unde nihil quo.');
INSERT INTO `vacancy_responses` (`id`, `vacancy_id`, `user_id`, `message`) VALUES (74, 74, 74, 'Perferendis delectus qui a. Eligendi numquam sunt ad temporibus atque. Laboriosam aliquid velit dolorem ipsum et. Fuga dolorum sit inventore consequatur voluptatum aliquam.');
INSERT INTO `vacancy_responses` (`id`, `vacancy_id`, `user_id`, `message`) VALUES (75, 75, 75, 'Enim voluptates sed ex voluptas ipsum architecto velit delectus. Dolores in cumque quasi itaque labore minima quis deserunt. Ipsam atque perspiciatis nemo dignissimos vel repellat.');
INSERT INTO `vacancy_responses` (`id`, `vacancy_id`, `user_id`, `message`) VALUES (76, 76, 76, 'Doloribus eum optio rerum delectus rem natus itaque. Numquam quidem error et nesciunt alias. Quae aut culpa mollitia necessitatibus quisquam rerum ipsa.');
INSERT INTO `vacancy_responses` (`id`, `vacancy_id`, `user_id`, `message`) VALUES (77, 77, 77, 'Alias praesentium dolor qui totam sint. Consectetur consequatur odit quae neque. Optio molestiae ipsum impedit cum aut maiores.');
INSERT INTO `vacancy_responses` (`id`, `vacancy_id`, `user_id`, `message`) VALUES (78, 78, 78, 'Culpa mollitia id accusamus saepe. Esse libero laboriosam tempora quidem tempora atque.');
INSERT INTO `vacancy_responses` (`id`, `vacancy_id`, `user_id`, `message`) VALUES (79, 79, 79, 'Numquam et fugit quas aut fugiat. Impedit sunt quisquam rerum voluptas soluta. Occaecati tempore dolor libero velit pariatur.');
INSERT INTO `vacancy_responses` (`id`, `vacancy_id`, `user_id`, `message`) VALUES (80, 80, 80, 'Voluptatem officia ut dolores ipsum. Perferendis architecto eum ab dolorem aliquam.');
INSERT INTO `vacancy_responses` (`id`, `vacancy_id`, `user_id`, `message`) VALUES (81, 81, 81, 'Adipisci soluta tempore voluptates. Voluptatem molestiae dolorum rem laudantium tenetur voluptas. Exercitationem similique sunt inventore aut ut voluptatibus qui maiores. Aliquam et ad sit eum. Sint doloremque molestiae aliquam ex tempora est.');
INSERT INTO `vacancy_responses` (`id`, `vacancy_id`, `user_id`, `message`) VALUES (82, 82, 82, 'Non vero quas eum quos non. Libero magni illo itaque dolor qui. Quidem est voluptatem repudiandae aut. Expedita dolor perspiciatis consequuntur nulla cum. Quam sit voluptatibus quam aut assumenda eum voluptatem vitae.');
INSERT INTO `vacancy_responses` (`id`, `vacancy_id`, `user_id`, `message`) VALUES (83, 83, 83, 'Occaecati quia est delectus temporibus tenetur. At recusandae totam et illum aut. Vitae et fugiat quo sed incidunt consequuntur. Qui fugiat reprehenderit amet earum labore adipisci quasi qui.');
INSERT INTO `vacancy_responses` (`id`, `vacancy_id`, `user_id`, `message`) VALUES (84, 84, 84, 'Ipsa libero omnis qui. Voluptas accusantium et et.');
INSERT INTO `vacancy_responses` (`id`, `vacancy_id`, `user_id`, `message`) VALUES (85, 85, 85, 'Tenetur quos corporis fuga dolores quidem. Maiores temporibus pariatur eum aut fugit. Nemo ipsum accusamus sed placeat sint debitis. Est assumenda molestias iure et. Rerum exercitationem commodi deleniti perferendis.');
INSERT INTO `vacancy_responses` (`id`, `vacancy_id`, `user_id`, `message`) VALUES (86, 86, 86, 'Dolorem consequatur quas facilis. Rerum dicta delectus ratione ut. Amet est eum necessitatibus dicta consectetur.');
INSERT INTO `vacancy_responses` (`id`, `vacancy_id`, `user_id`, `message`) VALUES (87, 87, 87, 'Libero numquam at laboriosam et nisi. Ut exercitationem iusto sit nihil dolor soluta. Doloremque molestiae consequuntur voluptatem cumque velit officiis iure ut. Aut voluptas nobis commodi porro culpa tenetur.');
INSERT INTO `vacancy_responses` (`id`, `vacancy_id`, `user_id`, `message`) VALUES (88, 88, 88, 'Quis voluptatum ducimus corporis ratione veniam natus. Suscipit animi aperiam voluptatem facilis. Cupiditate cum itaque asperiores ut.');
INSERT INTO `vacancy_responses` (`id`, `vacancy_id`, `user_id`, `message`) VALUES (89, 89, 89, 'Facere est et illo expedita. Ipsum corporis amet quidem non blanditiis aut. Aut quis qui totam sequi corporis explicabo et facere. Ut sunt quibusdam odio magnam dolor aperiam. Esse dolores modi amet sed ducimus eum dolore.');
INSERT INTO `vacancy_responses` (`id`, `vacancy_id`, `user_id`, `message`) VALUES (90, 90, 90, 'Reprehenderit odio reiciendis amet aspernatur ut. Sed dolor ut et vitae unde. Ipsum rerum sunt laboriosam reiciendis aperiam est quas.');
INSERT INTO `vacancy_responses` (`id`, `vacancy_id`, `user_id`, `message`) VALUES (91, 91, 91, 'Incidunt aut deleniti libero omnis ratione velit. Autem sit rem quasi sunt omnis.');
INSERT INTO `vacancy_responses` (`id`, `vacancy_id`, `user_id`, `message`) VALUES (92, 92, 92, 'Deleniti quod reiciendis esse. Aut corrupti eos ut hic aliquid culpa ut et. Quae necessitatibus est soluta qui asperiores eos omnis ea. Itaque earum molestias omnis.');
INSERT INTO `vacancy_responses` (`id`, `vacancy_id`, `user_id`, `message`) VALUES (93, 93, 93, 'Est voluptates aut numquam vitae consequatur consequuntur inventore hic. Nobis possimus eveniet possimus omnis aspernatur nihil vel. Aut asperiores qui et.');
INSERT INTO `vacancy_responses` (`id`, `vacancy_id`, `user_id`, `message`) VALUES (94, 94, 94, 'Earum magnam labore voluptas soluta ut adipisci. Sed deserunt tenetur ea quam aut voluptatem distinctio. Deleniti tempora culpa perspiciatis reiciendis magnam.');
INSERT INTO `vacancy_responses` (`id`, `vacancy_id`, `user_id`, `message`) VALUES (95, 95, 95, 'Architecto sapiente molestiae odio magni sunt. Voluptas numquam pariatur perspiciatis deserunt enim ea aut. Culpa vitae eveniet quas praesentium. Recusandae itaque beatae vero quibusdam error neque ut. Rerum non qui fugit aliquid ab consequatur fugit ipsum.');
INSERT INTO `vacancy_responses` (`id`, `vacancy_id`, `user_id`, `message`) VALUES (96, 96, 96, 'Et distinctio itaque nobis modi. Iure iure dolores iure ut aut. Nihil quis dolorum hic pariatur fuga eligendi accusantium.');
INSERT INTO `vacancy_responses` (`id`, `vacancy_id`, `user_id`, `message`) VALUES (97, 97, 97, 'In tempore ut totam autem non consequuntur. Quia autem cum dolore pariatur voluptatum fugit ullam. Architecto autem enim tempora est blanditiis cum ut.');
INSERT INTO `vacancy_responses` (`id`, `vacancy_id`, `user_id`, `message`) VALUES (98, 98, 98, 'Quas dolore omnis illo enim recusandae. Quibusdam corporis et et ratione nihil in sed. Quis omnis incidunt nihil vel. Labore blanditiis et hic dolorem.');
INSERT INTO `vacancy_responses` (`id`, `vacancy_id`, `user_id`, `message`) VALUES (99, 99, 99, 'Enim ducimus pariatur nulla consequatur necessitatibus culpa. Maiores mollitia praesentium ut porro voluptatem ab. Cum expedita quibusdam voluptate commodi vel molestias.');
INSERT INTO `vacancy_responses` (`id`, `vacancy_id`, `user_id`, `message`) VALUES (100, 100, 100, 'Sapiente reiciendis delectus culpa quidem nesciunt quas. Et ut doloribus velit harum et. Aliquam consequatur aspernatur et ea velit esse sint. Corrupti sunt quisquam eum eum sequi dolores rerum rem.');


